2026-07-28T19:28:08.136Z START payer_eoa=0x523512A2Ab8aD92d16e6A6eB939811eC9914fA16 USDC=1.559085 rails=0x4e14B249D9A4c9c9352D780eCEB508A8eB7a7700 USDC=7.197 max=2000 leave=0.02
2026-07-28T19:28:08.218Z payer is EOA ✓
2026-07-28T19:28:09.439Z OK #1 /x402/fx-rate?base=USD&symbols=EUR {"source":"frankfurter.dev/v2/rates","data":[{"date":"2026-07-28","base":"USD","
2026-07-28T19:28:11.412Z OK #2 /x402/fx-rate?base=USD&symbols=JPY {"source":"frankfurter.dev/v2/rates","data":[{"date":"2026-07-28","base":"USD","
2026-07-28T19:28:13.450Z OK #3 /x402/gas-tracker {"timestamp":"2026-07-28T19:28:13.359Z","chains":[{"chain":"ethereum","gas_gwei"
2026-07-28T19:28:15.018Z OK #4 /x402/web-fetch?url=https://example.com {"timestamp":"2026-07-28T19:28:14.932Z","url":"https://example.com","status":200
2026-07-28T19:28:17.366Z OK #5 /x402/news-headlines {"timestamp":"2026-07-28T19:28:17.274Z","q":"crypto OR bitcoin OR AI agents","co
2026-07-28T19:28:19.317Z OK #6 /x402/grants?keyword=ai {"source":"grants.gov/search2","total":138,"results":[{"id":"363121","number":"P
2026-07-28T19:28:20.923Z OK #7 /x402/treasury-yields {"source":"home.treasury.gov/yield-curve","month":"202607","latest":{"date":"202
2026-07-28T19:28:22.539Z OK #8 /x402/pha-lookup {"matches":[{"id":"nc-kinston-kha","name":"Kinston Housing Authority","hud_code"
2026-07-28T19:28:24.369Z OK #9 /x402/hcv-fmr {"area":"Lenoir County, NC","year":2025,"bedrooms":4,"fmr_monthly":1497,"schedul
2026-07-28T19:28:25.909Z OK #10 /x402/housing-windsor {"property":{"address":"1607 Windsor Rd","city":"Kinston","county":"Lenoir","sta
2026-07-28T19:28:27.823Z OK #11 /x402/domain-enrich?domain=example.com {"timestamp":"2026-07-28T19:28:27.739Z","domain":"example.com","ips":["172.66.14
2026-07-28T19:28:29.752Z OK #12 /x402/market?naics=541512 {"source":"usaspending.gov/api/v2","naics":"541512","window":{"start_date":"2023
2026-07-28T19:28:32.033Z OK #13 /x402/sec-8k?ticker=AAPL {"source":"sec.gov/EDGAR","ticker":"AAPL","company":"Apple Inc.","cik":"320193",
2026-07-28T19:28:33.637Z OK #14 /x402/fx-rate?base=USD&symbols=EUR {"source":"frankfurter.dev/v2/rates","data":[{"date":"2026-07-28","base":"USD","
2026-07-28T19:28:35.549Z OK #15 /x402/fx-rate?base=USD&symbols=JPY {"source":"frankfurter.dev/v2/rates","data":[{"date":"2026-07-28","base":"USD","
2026-07-28T19:28:37.476Z OK #16 /x402/gas-tracker {"timestamp":"2026-07-28T19:28:37.385Z","chains":[{"chain":"ethereum","gas_gwei"
2026-07-28T19:28:39.426Z OK #17 /x402/web-fetch?url=https://example.com {"timestamp":"2026-07-28T19:28:39.337Z","url":"https://example.com","status":200
2026-07-28T19:28:42.111Z OK #18 /x402/news-headlines {"timestamp":"2026-07-28T19:28:42.008Z","q":"crypto OR bitcoin OR AI agents","co
2026-07-28T19:28:43.878Z OK #19 /x402/grants?keyword=ai {"source":"grants.gov/search2","total":138,"results":[{"id":"363121","number":"P
2026-07-28T19:28:45.557Z OK #20 /x402/treasury-yields {"source":"home.treasury.gov/yield-curve","month":"202607","latest":{"date":"202
2026-07-28T19:28:47.428Z OK #21 /x402/pha-lookup {"matches":[{"id":"nc-kinston-kha","name":"Kinston Housing Authority","hud_code"
2026-07-28T19:28:49.361Z OK #22 /x402/hcv-fmr {"area":"Lenoir County, NC","year":2025,"bedrooms":4,"fmr_monthly":1497,"schedul
2026-07-28T19:28:50.964Z OK #23 /x402/housing-windsor {"property":{"address":"1607 Windsor Rd","city":"Kinston","county":"Lenoir","sta
2026-07-28T19:28:53.031Z OK #24 /x402/domain-enrich?domain=example.com {"timestamp":"2026-07-28T19:28:52.939Z","domain":"example.com","ips":["104.20.23
2026-07-28T19:28:54.764Z OK #25 /x402/market?naics=541512 {"source":"usaspending.gov/api/v2","naics":"541512","window":{"start_date":"2023
2026-07-28T19:28:56.356Z OK #26 /x402/sec-8k?ticker=AAPL {"source":"sec.gov/EDGAR","ticker":"AAPL","company":"Apple Inc.","cik":"320193",
2026-07-28T19:28:58.032Z OK #27 /x402/fx-rate?base=USD&symbols=EUR {"source":"frankfurter.dev/v2/rates","data":[{"date":"2026-07-28","base":"USD","
2026-07-28T19:28:59.719Z OK #28 /x402/fx-rate?base=USD&symbols=JPY {"source":"frankfurter.dev/v2/rates","data":[{"date":"2026-07-28","base":"USD","
2026-07-28T19:29:01.607Z OK #29 /x402/gas-tracker {"timestamp":"2026-07-28T19:29:01.523Z","chains":[{"chain":"ethereum","gas_gwei"
2026-07-28T19:29:03.617Z OK #30 /x402/web-fetch?url=https://example.com {"timestamp":"2026-07-28T19:29:03.525Z","url":"https://example.com","status":200
2026-07-28T19:29:05.954Z OK #31 /x402/news-headlines {"timestamp":"2026-07-28T19:29:05.846Z","q":"crypto OR bitcoin OR AI agents","co
2026-07-28T19:29:08.166Z OK #32 /x402/grants?keyword=ai {"source":"grants.gov/search2","total":138,"results":[{"id":"363121","number":"P
2026-07-28T19:29:09.836Z OK #33 /x402/treasury-yields {"source":"home.treasury.gov/yield-curve","month":"202607","latest":{"date":"202
2026-07-28T19:29:11.478Z OK #34 /x402/pha-lookup {"matches":[{"id":"nc-kinston-kha","name":"Kinston Housing Authority","hud_code"
2026-07-28T19:29:13.354Z OK #35 /x402/hcv-fmr {"area":"Lenoir County, NC","year":2025,"bedrooms":4,"fmr_monthly":1497,"schedul
2026-07-28T19:29:14.866Z OK #36 /x402/housing-windsor {"property":{"address":"1607 Windsor Rd","city":"Kinston","county":"Lenoir","sta
2026-07-28T19:29:16.554Z OK #37 /x402/domain-enrich?domain=example.com {"timestamp":"2026-07-28T19:29:16.463Z","domain":"example.com","ips":["172.66.14
2026-07-28T19:29:18.330Z OK #38 /x402/market?naics=541512 {"source":"usaspending.gov/api/v2","naics":"541512","window":{"start_date":"2023
2026-07-28T19:29:20.270Z OK #39 /x402/sec-8k?ticker=AAPL {"source":"sec.gov/EDGAR","ticker":"AAPL","company":"Apple Inc.","cik":"320193",
2026-07-28T19:29:21.911Z OK #40 /x402/fx-rate?base=USD&symbols=EUR {"source":"frankfurter.dev/v2/rates","data":[{"date":"2026-07-28","base":"USD","
2026-07-28T19:29:23.540Z OK #41 /x402/fx-rate?base=USD&symbols=JPY {"source":"frankfurter.dev/v2/rates","data":[{"date":"2026-07-28","base":"USD","
2026-07-28T19:29:25.553Z OK #42 /x402/gas-tracker {"timestamp":"2026-07-28T19:29:25.465Z","chains":[{"chain":"ethereum","gas_gwei"
2026-07-28T19:29:27.411Z OK #43 /x402/web-fetch?url=https://example.com {"timestamp":"2026-07-28T19:29:27.322Z","url":"https://example.com","status":200
2026-07-28T19:29:29.205Z OK #44 /x402/news-headlines {"timestamp":"2026-07-28T19:29:29.119Z","q":"crypto OR bitcoin OR AI agents","co
2026-07-28T19:29:31.050Z OK #45 /x402/grants?keyword=ai {"source":"grants.gov/search2","total":138,"results":[{"id":"363121","number":"P
2026-07-28T19:29:32.748Z OK #46 /x402/treasury-yields {"source":"home.treasury.gov/yield-curve","month":"202607","latest":{"date":"202
2026-07-28T19:29:34.218Z OK #47 /x402/pha-lookup {"matches":[{"id":"nc-kinston-kha","name":"Kinston Housing Authority","hud_code"
2026-07-28T19:29:35.904Z OK #48 /x402/hcv-fmr {"area":"Lenoir County, NC","year":2025,"bedrooms":4,"fmr_monthly":1497,"schedul
2026-07-28T19:29:37.493Z OK #49 /x402/housing-windsor {"property":{"address":"1607 Windsor Rd","city":"Kinston","county":"Lenoir","sta
2026-07-28T19:29:39.911Z OK #50 /x402/domain-enrich?domain=example.com {"timestamp":"2026-07-28T19:29:39.820Z","domain":"example.com","ips":["104.20.23
2026-07-28T19:29:41.680Z OK #51 /x402/market?naics=541512 {"source":"usaspending.gov/api/v2","naics":"541512","window":{"start_date":"2023
2026-07-28T19:29:43.723Z OK #52 /x402/sec-8k?ticker=AAPL {"source":"sec.gov/EDGAR","ticker":"AAPL","company":"Apple Inc.","cik":"320193",
2026-07-28T19:29:45.481Z OK #53 /x402/fx-rate?base=USD&symbols=EUR {"source":"frankfurter.dev/v2/rates","data":[{"date":"2026-07-28","base":"USD","
2026-07-28T19:29:47.692Z OK #54 /x402/fx-rate?base=USD&symbols=JPY {"source":"frankfurter.dev/v2/rates","data":[{"date":"2026-07-28","base":"USD","
2026-07-28T19:29:49.376Z OK #55 /x402/gas-tracker {"timestamp":"2026-07-28T19:29:49.285Z","chains":[{"chain":"ethereum","gas_gwei"
2026-07-28T19:29:50.933Z OK #56 /x402/web-fetch?url=https://example.com {"timestamp":"2026-07-28T19:29:50.850Z","url":"https://example.com","status":200
2026-07-28T19:29:52.592Z OK #57 /x402/news-headlines {"timestamp":"2026-07-28T19:29:52.492Z","q":"crypto OR bitcoin OR AI agents","co
2026-07-28T19:29:54.426Z OK #58 /x402/grants?keyword=ai {"source":"grants.gov/search2","total":138,"results":[{"id":"363121","number":"P
2026-07-28T19:29:56.323Z OK #59 /x402/treasury-yields {"source":"home.treasury.gov/yield-curve","month":"202607","latest":{"date":"202
2026-07-28T19:29:57.825Z OK #60 /x402/pha-lookup {"matches":[{"id":"nc-kinston-kha","name":"Kinston Housing Authority","hud_code"
2026-07-28T19:29:59.465Z OK #61 /x402/hcv-fmr {"area":"Lenoir County, NC","year":2025,"bedrooms":4,"fmr_monthly":1497,"schedul
2026-07-28T19:30:01.401Z OK #62 /x402/housing-windsor {"property":{"address":"1607 Windsor Rd","city":"Kinston","county":"Lenoir","sta
2026-07-28T19:30:03.652Z OK #63 /x402/domain-enrich?domain=example.com {"timestamp":"2026-07-28T19:30:03.560Z","domain":"example.com","ips":["172.66.14
2026-07-28T19:30:05.936Z OK #64 /x402/market?naics=541512 {"source":"usaspending.gov/api/v2","naics":"541512","window":{"start_date":"2023
2026-07-28T19:30:07.639Z OK #65 /x402/sec-8k?ticker=AAPL {"source":"sec.gov/EDGAR","ticker":"AAPL","company":"Apple Inc.","cik":"320193",
2026-07-28T19:30:09.473Z OK #66 /x402/fx-rate?base=USD&symbols=EUR {"source":"frankfurter.dev/v2/rates","data":[{"date":"2026-07-28","base":"USD","
2026-07-28T19:30:11.622Z OK #67 /x402/fx-rate?base=USD&symbols=JPY {"source":"frankfurter.dev/v2/rates","data":[{"date":"2026-07-28","base":"USD","
2026-07-28T19:30:13.744Z OK #68 /x402/gas-tracker {"timestamp":"2026-07-28T19:30:13.653Z","chains":[{"chain":"ethereum","gas_gwei"
2026-07-28T19:30:15.637Z OK #69 /x402/web-fetch?url=https://example.com {"timestamp":"2026-07-28T19:30:15.546Z","url":"https://example.com","status":200
2026-07-28T19:30:17.703Z OK #70 /x402/news-headlines {"timestamp":"2026-07-28T19:30:17.618Z","q":"crypto OR bitcoin OR AI agents","co
2026-07-28T19:30:19.662Z OK #71 /x402/grants?keyword=ai {"source":"grants.gov/search2","total":138,"results":[{"id":"363121","number":"P
2026-07-28T19:30:21.398Z OK #72 /x402/treasury-yields {"source":"home.treasury.gov/yield-curve","month":"202607","latest":{"date":"202
2026-07-28T19:30:23.006Z OK #73 /x402/pha-lookup {"matches":[{"id":"nc-kinston-kha","name":"Kinston Housing Authority","hud_code"
2026-07-28T19:30:24.584Z OK #74 /x402/hcv-fmr {"area":"Lenoir County, NC","year":2025,"bedrooms":4,"fmr_monthly":1497,"schedul
2026-07-28T19:30:26.158Z OK #75 /x402/housing-windsor {"property":{"address":"1607 Windsor Rd","city":"Kinston","county":"Lenoir","sta
2026-07-28T19:30:28.075Z OK #76 /x402/domain-enrich?domain=example.com {"timestamp":"2026-07-28T19:30:27.984Z","domain":"example.com","ips":["104.20.23
2026-07-28T19:30:29.905Z OK #77 /x402/market?naics=541512 {"source":"usaspending.gov/api/v2","naics":"541512","window":{"start_date":"2023
2026-07-28T19:30:31.503Z OK #78 /x402/sec-8k?ticker=AAPL {"source":"sec.gov/EDGAR","ticker":"AAPL","company":"Apple Inc.","cik":"320193",
2026-07-28T19:30:33.547Z OK #79 /x402/fx-rate?base=USD&symbols=EUR {"source":"frankfurter.dev/v2/rates","data":[{"date":"2026-07-28","base":"USD","
2026-07-28T19:30:35.727Z OK #80 /x402/fx-rate?base=USD&symbols=JPY {"source":"frankfurter.dev/v2/rates","data":[{"date":"2026-07-28","base":"USD","
2026-07-28T19:30:37.662Z OK #81 /x402/gas-tracker {"timestamp":"2026-07-28T19:30:37.571Z","chains":[{"chain":"ethereum","gas_gwei"
2026-07-28T19:30:39.535Z OK #82 /x402/web-fetch?url=https://example.com {"timestamp":"2026-07-28T19:30:39.444Z","url":"https://example.com","status":200
2026-07-28T19:30:41.468Z OK #83 /x402/news-headlines {"timestamp":"2026-07-28T19:30:41.383Z","q":"crypto OR bitcoin OR AI agents","co
2026-07-28T19:30:43.772Z OK #84 /x402/grants?keyword=ai {"source":"grants.gov/search2","total":138,"results":[{"id":"363121","number":"P
2026-07-28T19:30:45.438Z OK #85 /x402/treasury-yields {"source":"home.treasury.gov/yield-curve","month":"202607","latest":{"date":"202
2026-07-28T19:30:47.580Z OK #86 /x402/pha-lookup {"matches":[{"id":"nc-kinston-kha","name":"Kinston Housing Authority","hud_code"
2026-07-28T19:30:49.556Z OK #87 /x402/hcv-fmr {"area":"Lenoir County, NC","year":2025,"bedrooms":4,"fmr_monthly":1497,"schedul
2026-07-28T19:30:51.695Z OK #88 /x402/housing-windsor {"property":{"address":"1607 Windsor Rd","city":"Kinston","county":"Lenoir","sta
2026-07-28T19:30:53.780Z OK #89 /x402/domain-enrich?domain=example.com {"timestamp":"2026-07-28T19:30:53.689Z","domain":"example.com","ips":["104.20.23
2026-07-28T19:30:55.517Z OK #90 /x402/market?naics=541512 {"source":"usaspending.gov/api/v2","naics":"541512","window":{"start_date":"2023
2026-07-28T19:30:57.710Z OK #91 /x402/sec-8k?ticker=AAPL {"source":"sec.gov/EDGAR","ticker":"AAPL","company":"Apple Inc.","cik":"320193",
2026-07-28T19:30:59.313Z OK #92 /x402/fx-rate?base=USD&symbols=EUR {"source":"frankfurter.dev/v2/rates","data":[{"date":"2026-07-28","base":"USD","
2026-07-28T19:31:01.040Z OK #93 /x402/fx-rate?base=USD&symbols=JPY {"source":"frankfurter.dev/v2/rates","data":[{"date":"2026-07-28","base":"USD","
2026-07-28T19:31:02.766Z OK #94 /x402/gas-tracker {"timestamp":"2026-07-28T19:31:02.675Z","chains":[{"chain":"ethereum","gas_gwei"
2026-07-28T19:31:04.416Z OK #95 /x402/web-fetch?url=https://example.com {"timestamp":"2026-07-28T19:31:04.325Z","url":"https://example.com","status":200
2026-07-28T19:31:06.368Z OK #96 /x402/news-headlines {"timestamp":"2026-07-28T19:31:06.279Z","q":"crypto OR bitcoin OR AI agents","co
2026-07-28T19:31:32.487Z START payer_eoa=0x523512A2Ab8aD92d16e6A6eB939811eC9914fA16 USDC=1.462085 rails=0x4e14B249D9A4c9c9352D780eCEB508A8eB7a7700 USDC=7.294 max=2000 leave=0.02
2026-07-28T19:31:32.568Z payer is EOA ✓
2026-07-28T19:31:33.775Z OK #1 /x402/fx-rate?base=USD&symbols=EUR {"source":"frankfurter.dev/v2/rates","data":[{"date":"2026-07-28","base":"USD","
2026-07-28T19:31:35.404Z OK #2 /x402/fx-rate?base=USD&symbols=JPY {"source":"frankfurter.dev/v2/rates","data":[{"date":"2026-07-28","base":"USD","
2026-07-28T19:31:37.170Z OK #3 /x402/gas-tracker {"timestamp":"2026-07-28T19:31:37.081Z","chains":[{"chain":"ethereum","gas_gwei"
2026-07-28T19:31:39.884Z OK #4 /x402/web-fetch?url=https://example.com {"timestamp":"2026-07-28T19:31:39.791Z","url":"https://example.com","status":200
2026-07-28T19:31:41.631Z OK #5 /x402/news-headlines {"timestamp":"2026-07-28T19:31:41.545Z","q":"crypto OR bitcoin OR AI agents","co
2026-07-28T19:31:43.927Z OK #6 /x402/grants?keyword=ai {"source":"grants.gov/search2","total":138,"results":[{"id":"363121","number":"P
2026-07-28T19:31:45.543Z OK #7 /x402/treasury-yields {"source":"home.treasury.gov/yield-curve","month":"202607","latest":{"date":"202
2026-07-28T19:31:47.522Z OK #8 /x402/pha-lookup {"matches":[{"id":"nc-kinston-kha","name":"Kinston Housing Authority","hud_code"
2026-07-28T19:31:49.476Z OK #9 /x402/hcv-fmr {"area":"Lenoir County, NC","year":2025,"bedrooms":4,"fmr_monthly":1497,"schedul
2026-07-28T19:31:51.715Z OK #10 /x402/housing-windsor {"property":{"address":"1607 Windsor Rd","city":"Kinston","county":"Lenoir","sta
2026-07-28T19:31:53.360Z OK #11 /x402/domain-enrich?domain=example.com {"timestamp":"2026-07-28T19:31:53.271Z","domain":"example.com","ips":["104.20.23
2026-07-28T19:31:56.053Z OK #12 /x402/market?naics=541512 {"source":"usaspending.gov/api/v2","naics":"541512","window":{"start_date":"2023
2026-07-28T19:31:57.689Z OK #13 /x402/sec-8k?ticker=AAPL {"source":"sec.gov/EDGAR","ticker":"AAPL","company":"Apple Inc.","cik":"320193",
2026-07-28T19:31:59.580Z OK #14 /x402/fx-rate?base=USD&symbols=EUR {"source":"frankfurter.dev/v2/rates","data":[{"date":"2026-07-28","base":"USD","
2026-07-28T19:32:01.518Z OK #15 /x402/fx-rate?base=USD&symbols=JPY {"source":"frankfurter.dev/v2/rates","data":[{"date":"2026-07-28","base":"USD","
2026-07-28T19:32:03.779Z OK #16 /x402/gas-tracker {"timestamp":"2026-07-28T19:32:03.692Z","chains":[{"chain":"ethereum","gas_gwei"
2026-07-28T19:32:05.464Z OK #17 /x402/web-fetch?url=https://example.com {"timestamp":"2026-07-28T19:32:05.376Z","url":"https://example.com","status":200
2026-07-28T19:32:07.534Z OK #18 /x402/news-headlines {"timestamp":"2026-07-28T19:32:07.444Z","q":"crypto OR bitcoin OR AI agents","co
2026-07-28T19:32:09.787Z OK #19 /x402/grants?keyword=ai {"source":"grants.gov/search2","total":138,"results":[{"id":"363121","number":"P
2026-07-28T19:32:11.689Z OK #20 /x402/treasury-yields {"source":"home.treasury.gov/yield-curve","month":"202607","latest":{"date":"202
2026-07-28T19:32:13.202Z OK #21 /x402/pha-lookup {"matches":[{"id":"nc-kinston-kha","name":"Kinston Housing Authority","hud_code"
2026-07-28T19:32:14.813Z OK #22 /x402/hcv-fmr {"area":"Lenoir County, NC","year":2025,"bedrooms":4,"fmr_monthly":1497,"schedul
2026-07-28T19:32:16.335Z OK #23 /x402/housing-windsor {"property":{"address":"1607 Windsor Rd","city":"Kinston","county":"Lenoir","sta
2026-07-28T19:32:18.248Z OK #24 /x402/domain-enrich?domain=example.com {"timestamp":"2026-07-28T19:32:18.164Z","domain":"example.com","ips":["172.66.14
2026-07-28T19:32:20.046Z OK #25 /x402/market?naics=541512 {"source":"usaspending.gov/api/v2","naics":"541512","window":{"start_date":"2023
2026-07-28T19:32:21.755Z OK #26 /x402/sec-8k?ticker=AAPL {"source":"sec.gov/EDGAR","ticker":"AAPL","company":"Apple Inc.","cik":"320193",
2026-07-28T19:32:23.394Z OK #27 /x402/fx-rate?base=USD&symbols=EUR {"source":"frankfurter.dev/v2/rates","data":[{"date":"2026-07-28","base":"USD","
2026-07-28T19:32:25.004Z OK #28 /x402/fx-rate?base=USD&symbols=JPY {"source":"frankfurter.dev/v2/rates","data":[{"date":"2026-07-28","base":"USD","
2026-07-28T19:32:26.630Z OK #29 /x402/gas-tracker {"timestamp":"2026-07-28T19:32:26.546Z","chains":[{"chain":"ethereum","gas_gwei"
2026-07-28T19:32:28.240Z OK #30 /x402/web-fetch?url=https://example.com {"timestamp":"2026-07-28T19:32:28.156Z","url":"https://example.com","status":200
2026-07-28T19:32:29.888Z OK #31 /x402/news-headlines {"timestamp":"2026-07-28T19:32:29.801Z","q":"crypto OR bitcoin OR AI agents","co
2026-07-28T19:32:31.724Z OK #32 /x402/grants?keyword=ai {"source":"grants.gov/search2","total":138,"results":[{"id":"363121","number":"P
2026-07-28T19:32:33.758Z OK #33 /x402/treasury-yields {"source":"home.treasury.gov/yield-curve","month":"202607","latest":{"date":"202
2026-07-28T19:32:35.647Z OK #34 /x402/pha-lookup {"matches":[{"id":"nc-kinston-kha","name":"Kinston Housing Authority","hud_code"
2026-07-28T19:32:37.296Z OK #35 /x402/hcv-fmr {"area":"Lenoir County, NC","year":2025,"bedrooms":4,"fmr_monthly":1497,"schedul
2026-07-28T19:32:38.907Z OK #36 /x402/housing-windsor {"property":{"address":"1607 Windsor Rd","city":"Kinston","county":"Lenoir","sta
2026-07-28T19:32:40.820Z OK #37 /x402/domain-enrich?domain=example.com {"timestamp":"2026-07-28T19:32:40.736Z","domain":"example.com","ips":["104.20.23
2026-07-28T19:32:42.463Z OK #38 /x402/market?naics=541512 {"source":"usaspending.gov/api/v2","naics":"541512","window":{"start_date":"2023
2026-07-28T19:32:44.093Z OK #39 /x402/sec-8k?ticker=AAPL {"source":"sec.gov/EDGAR","ticker":"AAPL","company":"Apple Inc.","cik":"320193",
2026-07-28T19:32:45.662Z OK #40 /x402/fx-rate?base=USD&symbols=EUR {"source":"frankfurter.dev/v2/rates","data":[{"date":"2026-07-28","base":"USD","
2026-07-28T19:32:47.315Z OK #41 /x402/fx-rate?base=USD&symbols=JPY {"source":"frankfurter.dev/v2/rates","data":[{"date":"2026-07-28","base":"USD","
2026-07-28T19:32:49.074Z OK #42 /x402/gas-tracker {"timestamp":"2026-07-28T19:32:48.991Z","chains":[{"chain":"ethereum","gas_gwei"
2026-07-28T19:32:50.681Z OK #43 /x402/web-fetch?url=https://example.com {"timestamp":"2026-07-28T19:32:50.578Z","url":"https://example.com","status":200
2026-07-28T19:32:52.351Z OK #44 /x402/news-headlines {"timestamp":"2026-07-28T19:32:52.264Z","q":"crypto OR bitcoin OR AI agents","co
2026-07-28T19:32:54.336Z OK #45 /x402/grants?keyword=ai {"source":"grants.gov/search2","total":138,"results":[{"id":"363121","number":"P
2026-07-28T19:32:55.956Z OK #46 /x402/treasury-yields {"source":"home.treasury.gov/yield-curve","month":"202607","latest":{"date":"202
2026-07-28T19:32:57.458Z OK #47 /x402/pha-lookup {"matches":[{"id":"nc-kinston-kha","name":"Kinston Housing Authority","hud_code"
2026-07-28T19:32:59.679Z OK #48 /x402/hcv-fmr {"area":"Lenoir County, NC","year":2025,"bedrooms":4,"fmr_monthly":1497,"schedul
2026-07-28T19:33:01.278Z OK #49 /x402/housing-windsor {"property":{"address":"1607 Windsor Rd","city":"Kinston","county":"Lenoir","sta
2026-07-28T19:33:03.193Z OK #50 /x402/domain-enrich?domain=example.com {"timestamp":"2026-07-28T19:33:03.090Z","domain":"example.com","ips":["172.66.14
2026-07-28T19:33:04.979Z OK #51 /x402/market?naics=541512 {"source":"usaspending.gov/api/v2","naics":"541512","window":{"start_date":"2023
2026-07-28T19:33:06.623Z OK #52 /x402/sec-8k?ticker=AAPL {"source":"sec.gov/EDGAR","ticker":"AAPL","company":"Apple Inc.","cik":"320193",
2026-07-28T19:33:08.167Z OK #53 /x402/fx-rate?base=USD&symbols=EUR {"source":"frankfurter.dev/v2/rates","data":[{"date":"2026-07-28","base":"USD","
2026-07-28T19:33:09.788Z OK #54 /x402/fx-rate?base=USD&symbols=JPY {"source":"frankfurter.dev/v2/rates","data":[{"date":"2026-07-28","base":"USD","
2026-07-28T19:33:11.524Z OK #55 /x402/gas-tracker {"timestamp":"2026-07-28T19:33:11.437Z","chains":[{"chain":"ethereum","gas_gwei"
2026-07-28T19:33:13.327Z OK #56 /x402/web-fetch?url=https://example.com {"timestamp":"2026-07-28T19:33:13.244Z","url":"https://example.com","status":200
2026-07-28T19:33:15.283Z OK #57 /x402/news-headlines {"timestamp":"2026-07-28T19:33:15.197Z","q":"crypto OR bitcoin OR AI agents","co
2026-07-28T19:33:17.393Z OK #58 /x402/grants?keyword=ai {"source":"grants.gov/search2","total":138,"results":[{"id":"363121","number":"P
2026-07-28T19:33:19.393Z OK #59 /x402/treasury-yields {"source":"home.treasury.gov/yield-curve","month":"202607","latest":{"date":"202
2026-07-28T19:33:21.430Z OK #60 /x402/pha-lookup {"matches":[{"id":"nc-kinston-kha","name":"Kinston Housing Authority","hud_code"
2026-07-28T19:33:23.018Z OK #61 /x402/hcv-fmr {"area":"Lenoir County, NC","year":2025,"bedrooms":4,"fmr_monthly":1497,"schedul
2026-07-28T19:33:24.517Z OK #62 /x402/housing-windsor {"property":{"address":"1607 Windsor Rd","city":"Kinston","county":"Lenoir","sta
2026-07-28T19:33:26.416Z OK #63 /x402/domain-enrich?domain=example.com {"timestamp":"2026-07-28T19:33:26.332Z","domain":"example.com","ips":["172.66.14
2026-07-28T19:33:28.296Z OK #64 /x402/market?naics=541512 {"source":"usaspending.gov/api/v2","naics":"541512","window":{"start_date":"2023
2026-07-28T19:33:29.922Z OK #65 /x402/sec-8k?ticker=AAPL {"source":"sec.gov/EDGAR","ticker":"AAPL","company":"Apple Inc.","cik":"320193",
2026-07-28T19:33:31.474Z OK #66 /x402/fx-rate?base=USD&symbols=EUR {"source":"frankfurter.dev/v2/rates","data":[{"date":"2026-07-28","base":"USD","
2026-07-28T19:33:33.378Z OK #67 /x402/fx-rate?base=USD&symbols=JPY {"source":"frankfurter.dev/v2/rates","data":[{"date":"2026-07-28","base":"USD","
2026-07-28T19:33:35.829Z OK #68 /x402/gas-tracker {"timestamp":"2026-07-28T19:33:35.743Z","chains":[{"chain":"ethereum","gas_gwei"
2026-07-28T19:33:37.479Z OK #69 /x402/web-fetch?url=https://example.com {"timestamp":"2026-07-28T19:33:37.395Z","url":"https://example.com","status":200
2026-07-28T19:33:39.073Z OK #70 /x402/news-headlines {"timestamp":"2026-07-28T19:33:38.988Z","q":"crypto OR bitcoin OR AI agents","co
2026-07-28T19:33:40.870Z OK #71 /x402/grants?keyword=ai {"source":"grants.gov/search2","total":138,"results":[{"id":"363121","number":"P
2026-07-28T19:33:42.704Z OK #72 /x402/treasury-yields {"source":"home.treasury.gov/yield-curve","month":"202607","latest":{"date":"202
2026-07-28T19:33:44.197Z OK #73 /x402/pha-lookup {"matches":[{"id":"nc-kinston-kha","name":"Kinston Housing Authority","hud_code"
2026-07-28T19:33:46.085Z OK #74 /x402/hcv-fmr {"area":"Lenoir County, NC","year":2025,"bedrooms":4,"fmr_monthly":1497,"schedul
2026-07-28T19:33:47.545Z OK #75 /x402/housing-windsor {"property":{"address":"1607 Windsor Rd","city":"Kinston","county":"Lenoir","sta
2026-07-28T19:33:49.756Z OK #76 /x402/domain-enrich?domain=example.com {"timestamp":"2026-07-28T19:33:49.672Z","domain":"example.com","ips":["104.20.23
2026-07-28T19:33:51.924Z OK #77 /x402/market?naics=541512 {"source":"usaspending.gov/api/v2","naics":"541512","window":{"start_date":"2023
2026-07-28T19:33:53.738Z OK #78 /x402/sec-8k?ticker=AAPL {"source":"sec.gov/EDGAR","ticker":"AAPL","company":"Apple Inc.","cik":"320193",
2026-07-28T19:33:55.333Z OK #79 /x402/fx-rate?base=USD&symbols=EUR {"source":"frankfurter.dev/v2/rates","data":[{"date":"2026-07-28","base":"USD","
2026-07-28T19:33:56.997Z OK #80 /x402/fx-rate?base=USD&symbols=JPY {"source":"frankfurter.dev/v2/rates","data":[{"date":"2026-07-28","base":"USD","
2026-07-28T19:33:58.817Z OK #81 /x402/gas-tracker {"timestamp":"2026-07-28T19:33:58.734Z","chains":[{"chain":"ethereum","gas_gwei"
2026-07-28T19:34:00.419Z OK #82 /x402/web-fetch?url=https://example.com {"timestamp":"2026-07-28T19:34:00.334Z","url":"https://example.com","status":200
2026-07-28T19:34:02.103Z OK #83 /x402/news-headlines {"timestamp":"2026-07-28T19:34:02.018Z","q":"crypto OR bitcoin OR AI agents","co
2026-07-28T19:34:04.052Z OK #84 /x402/grants?keyword=ai {"source":"grants.gov/search2","total":138,"results":[{"id":"363121","number":"P
2026-07-28T19:34:05.850Z OK #85 /x402/treasury-yields {"source":"home.treasury.gov/yield-curve","month":"202607","latest":{"date":"202
2026-07-28T19:34:07.400Z OK #86 /x402/pha-lookup {"matches":[{"id":"nc-kinston-kha","name":"Kinston Housing Authority","hud_code"
2026-07-28T19:34:09.521Z OK #87 /x402/hcv-fmr {"area":"Lenoir County, NC","year":2025,"bedrooms":4,"fmr_monthly":1497,"schedul
2026-07-28T19:34:11.496Z OK #88 /x402/housing-windsor {"property":{"address":"1607 Windsor Rd","city":"Kinston","county":"Lenoir","sta
2026-07-28T19:34:13.507Z OK #89 /x402/domain-enrich?domain=example.com {"timestamp":"2026-07-28T19:34:13.423Z","domain":"example.com","ips":["172.66.14
2026-07-28T19:34:15.607Z OK #90 /x402/market?naics=541512 {"source":"usaspending.gov/api/v2","naics":"541512","window":{"start_date":"2023
2026-07-28T19:34:17.429Z OK #91 /x402/sec-8k?ticker=AAPL {"source":"sec.gov/EDGAR","ticker":"AAPL","company":"Apple Inc.","cik":"320193",
2026-07-28T19:34:19.443Z OK #92 /x402/fx-rate?base=USD&symbols=EUR {"source":"frankfurter.dev/v2/rates","data":[{"date":"2026-07-28","base":"USD","
2026-07-28T19:34:21.010Z OK #93 /x402/fx-rate?base=USD&symbols=JPY {"source":"frankfurter.dev/v2/rates","data":[{"date":"2026-07-28","base":"USD","
2026-07-28T19:34:22.733Z OK #94 /x402/gas-tracker {"timestamp":"2026-07-28T19:34:22.647Z","chains":[{"chain":"ethereum","gas_gwei"
2026-07-28T19:34:24.513Z OK #95 /x402/web-fetch?url=https://example.com {"timestamp":"2026-07-28T19:34:24.429Z","url":"https://example.com","status":200
2026-07-28T19:34:26.194Z OK #96 /x402/news-headlines {"timestamp":"2026-07-28T19:34:26.107Z","q":"crypto OR bitcoin OR AI agents","co
2026-07-28T19:34:28.070Z OK #97 /x402/grants?keyword=ai {"source":"grants.gov/search2","total":138,"results":[{"id":"363121","number":"P
2026-07-28T19:34:30.001Z OK #98 /x402/treasury-yields {"source":"home.treasury.gov/yield-curve","month":"202607","latest":{"date":"202
2026-07-28T19:34:31.636Z OK #99 /x402/pha-lookup {"matches":[{"id":"nc-kinston-kha","name":"Kinston Housing Authority","hud_code"
2026-07-28T19:34:33.751Z OK #100 /x402/hcv-fmr {"area":"Lenoir County, NC","year":2025,"bedrooms":4,"fmr_monthly":1497,"schedul
2026-07-28T19:34:35.309Z OK #101 /x402/housing-windsor {"property":{"address":"1607 Windsor Rd","city":"Kinston","county":"Lenoir","sta
2026-07-28T19:34:37.154Z OK #102 /x402/domain-enrich?domain=example.com {"timestamp":"2026-07-28T19:34:37.051Z","domain":"example.com","ips":["172.66.14
2026-07-28T19:34:38.851Z OK #103 /x402/market?naics=541512 {"source":"usaspending.gov/api/v2","naics":"541512","window":{"start_date":"2023
2026-07-28T19:34:40.465Z OK #104 /x402/sec-8k?ticker=AAPL {"source":"sec.gov/EDGAR","ticker":"AAPL","company":"Apple Inc.","cik":"320193",
2026-07-28T19:34:42.046Z OK #105 /x402/fx-rate?base=USD&symbols=EUR {"source":"frankfurter.dev/v2/rates","data":[{"date":"2026-07-28","base":"USD","
2026-07-28T19:34:43.571Z OK #106 /x402/fx-rate?base=USD&symbols=JPY {"source":"frankfurter.dev/v2/rates","data":[{"date":"2026-07-28","base":"USD","
2026-07-28T19:34:45.666Z OK #107 /x402/gas-tracker {"timestamp":"2026-07-28T19:34:45.582Z","chains":[{"chain":"ethereum","gas_gwei"
2026-07-28T19:34:47.353Z OK #108 /x402/web-fetch?url=https://example.com {"timestamp":"2026-07-28T19:34:47.269Z","url":"https://example.com","status":200
2026-07-28T19:34:49.355Z OK #109 /x402/news-headlines {"timestamp":"2026-07-28T19:34:49.268Z","q":"crypto OR bitcoin OR AI agents","co
2026-07-28T19:34:51.119Z OK #110 /x402/grants?keyword=ai {"source":"grants.gov/search2","total":138,"results":[{"id":"363121","number":"P
2026-07-28T19:34:52.756Z OK #111 /x402/treasury-yields {"source":"home.treasury.gov/yield-curve","month":"202607","latest":{"date":"202
2026-07-28T19:34:54.486Z OK #112 /x402/pha-lookup {"matches":[{"id":"nc-kinston-kha","name":"Kinston Housing Authority","hud_code"
2026-07-28T19:34:56.114Z OK #113 /x402/hcv-fmr {"area":"Lenoir County, NC","year":2025,"bedrooms":4,"fmr_monthly":1497,"schedul
2026-07-28T19:34:57.761Z OK #114 /x402/housing-windsor {"property":{"address":"1607 Windsor Rd","city":"Kinston","county":"Lenoir","sta
2026-07-28T19:34:59.502Z OK #115 /x402/domain-enrich?domain=example.com {"timestamp":"2026-07-28T19:34:59.419Z","domain":"example.com","ips":["172.66.14
2026-07-28T19:35:01.634Z OK #116 /x402/market?naics=541512 {"source":"usaspending.gov/api/v2","naics":"541512","window":{"start_date":"2023
2026-07-28T19:35:03.580Z OK #117 /x402/sec-8k?ticker=AAPL {"source":"sec.gov/EDGAR","ticker":"AAPL","company":"Apple Inc.","cik":"320193",
2026-07-28T19:35:05.553Z OK #118 /x402/fx-rate?base=USD&symbols=EUR {"source":"frankfurter.dev/v2/rates","data":[{"date":"2026-07-28","base":"USD","
2026-07-28T19:35:07.482Z OK #119 /x402/fx-rate?base=USD&symbols=JPY {"source":"frankfurter.dev/v2/rates","data":[{"date":"2026-07-28","base":"USD","
2026-07-28T19:35:09.568Z OK #120 /x402/gas-tracker {"timestamp":"2026-07-28T19:35:09.481Z","chains":[{"chain":"ethereum","gas_gwei"
2026-07-28T19:35:11.495Z OK #121 /x402/web-fetch?url=https://example.com {"timestamp":"2026-07-28T19:35:11.400Z","url":"https://example.com","status":200
2026-07-28T19:35:13.722Z OK #122 /x402/news-headlines {"timestamp":"2026-07-28T19:35:13.617Z","q":"crypto OR bitcoin OR AI agents","co
2026-07-28T19:35:15.643Z OK #123 /x402/grants?keyword=ai {"source":"grants.gov/search2","total":138,"results":[{"id":"363121","number":"P
2026-07-28T19:35:17.472Z OK #124 /x402/treasury-yields {"source":"home.treasury.gov/yield-curve","month":"202607","latest":{"date":"202
2026-07-28T19:35:19.419Z OK #125 /x402/pha-lookup {"matches":[{"id":"nc-kinston-kha","name":"Kinston Housing Authority","hud_code"
2026-07-28T19:35:21.061Z OK #126 /x402/hcv-fmr {"area":"Lenoir County, NC","year":2025,"bedrooms":4,"fmr_monthly":1497,"schedul
2026-07-28T19:35:22.644Z OK #127 /x402/housing-windsor {"property":{"address":"1607 Windsor Rd","city":"Kinston","county":"Lenoir","sta
2026-07-28T19:35:24.625Z OK #128 /x402/domain-enrich?domain=example.com {"timestamp":"2026-07-28T19:35:24.535Z","domain":"example.com","ips":["104.20.23
2026-07-28T19:35:26.608Z OK #129 /x402/market?naics=541512 {"source":"usaspending.gov/api/v2","naics":"541512","window":{"start_date":"2023
2026-07-28T19:35:28.076Z OK #130 /x402/sec-8k?ticker=AAPL {"source":"sec.gov/EDGAR","ticker":"AAPL","company":"Apple Inc.","cik":"320193",
2026-07-28T19:35:29.722Z OK #131 /x402/fx-rate?base=USD&symbols=EUR {"source":"frankfurter.dev/v2/rates","data":[{"date":"2026-07-28","base":"USD","
2026-07-28T19:35:31.297Z OK #132 /x402/fx-rate?base=USD&symbols=JPY {"source":"frankfurter.dev/v2/rates","data":[{"date":"2026-07-28","base":"USD","
2026-07-28T19:35:32.984Z OK #133 /x402/gas-tracker {"timestamp":"2026-07-28T19:35:32.881Z","chains":[{"chain":"ethereum","gas_gwei"
2026-07-28T19:35:34.885Z OK #134 /x402/web-fetch?url=https://example.com {"timestamp":"2026-07-28T19:35:34.782Z","url":"https://example.com","status":200
2026-07-28T19:35:37.157Z OK #135 /x402/news-headlines {"timestamp":"2026-07-28T19:35:37.051Z","q":"crypto OR bitcoin OR AI agents","co
2026-07-28T19:35:38.992Z OK #136 /x402/grants?keyword=ai {"source":"grants.gov/search2","total":138,"results":[{"id":"363121","number":"P
2026-07-28T19:35:40.590Z OK #137 /x402/treasury-yields {"source":"home.treasury.gov/yield-curve","month":"202607","latest":{"date":"202
2026-07-28T19:35:42.130Z OK #138 /x402/pha-lookup {"matches":[{"id":"nc-kinston-kha","name":"Kinston Housing Authority","hud_code"
2026-07-28T19:35:43.734Z OK #139 /x402/hcv-fmr {"area":"Lenoir County, NC","year":2025,"bedrooms":4,"fmr_monthly":1497,"schedul
2026-07-28T19:35:45.280Z OK #140 /x402/housing-windsor {"property":{"address":"1607 Windsor Rd","city":"Kinston","county":"Lenoir","sta
2026-07-28T19:35:47.167Z OK #141 /x402/domain-enrich?domain=example.com {"timestamp":"2026-07-28T19:35:47.056Z","domain":"example.com","ips":["172.66.14
2026-07-28T19:35:48.966Z OK #142 /x402/market?naics=541512 {"source":"usaspending.gov/api/v2","naics":"541512","window":{"start_date":"2023
2026-07-28T19:35:50.507Z OK #143 /x402/sec-8k?ticker=AAPL {"source":"sec.gov/EDGAR","ticker":"AAPL","company":"Apple Inc.","cik":"320193",
2026-07-28T19:35:52.038Z OK #144 /x402/fx-rate?base=USD&symbols=EUR {"source":"frankfurter.dev/v2/rates","data":[{"date":"2026-07-28","base":"USD","
2026-07-28T19:35:53.666Z OK #145 /x402/fx-rate?base=USD&symbols=JPY {"source":"frankfurter.dev/v2/rates","data":[{"date":"2026-07-28","base":"USD","
2026-07-28T19:35:55.432Z OK #146 /x402/gas-tracker {"timestamp":"2026-07-28T19:35:55.345Z","chains":[{"chain":"ethereum","gas_gwei"
2026-07-28T19:35:57.296Z OK #147 /x402/web-fetch?url=https://example.com {"timestamp":"2026-07-28T19:35:57.208Z","url":"https://example.com","status":200
2026-07-28T19:35:59.020Z OK #148 /x402/news-headlines {"timestamp":"2026-07-28T19:35:58.915Z","q":"crypto OR bitcoin OR AI agents","co
2026-07-28T19:36:00.979Z OK #149 /x402/grants?keyword=ai {"source":"grants.gov/search2","total":138,"results":[{"id":"363121","number":"P
2026-07-28T19:36:02.769Z OK #150 /x402/treasury-yields {"source":"home.treasury.gov/yield-curve","month":"202607","latest":{"date":"202
2026-07-28T19:36:04.288Z OK #151 /x402/pha-lookup {"matches":[{"id":"nc-kinston-kha","name":"Kinston Housing Authority","hud_code"
2026-07-28T19:36:05.830Z OK #152 /x402/hcv-fmr {"area":"Lenoir County, NC","year":2025,"bedrooms":4,"fmr_monthly":1497,"schedul
2026-07-28T19:36:07.449Z OK #153 /x402/housing-windsor {"property":{"address":"1607 Windsor Rd","city":"Kinston","county":"Lenoir","sta
2026-07-28T19:36:09.815Z OK #154 /x402/domain-enrich?domain=example.com {"timestamp":"2026-07-28T19:36:09.732Z","domain":"example.com","ips":["172.66.14
2026-07-28T19:36:12.000Z OK #155 /x402/market?naics=541512 {"source":"usaspending.gov/api/v2","naics":"541512","window":{"start_date":"2023
2026-07-28T19:36:14.025Z OK #156 /x402/sec-8k?ticker=AAPL {"source":"sec.gov/EDGAR","ticker":"AAPL","company":"Apple Inc.","cik":"320193",
2026-07-28T19:36:15.684Z OK #157 /x402/fx-rate?base=USD&symbols=EUR {"source":"frankfurter.dev/v2/rates","data":[{"date":"2026-07-28","base":"USD","
2026-07-28T19:36:17.462Z OK #158 /x402/fx-rate?base=USD&symbols=JPY {"source":"frankfurter.dev/v2/rates","data":[{"date":"2026-07-28","base":"USD","
2026-07-28T19:36:19.066Z OK #159 /x402/gas-tracker {"timestamp":"2026-07-28T19:36:18.978Z","chains":[{"chain":"ethereum","gas_gwei"
2026-07-28T19:36:20.529Z OK #160 /x402/web-fetch?url=https://example.com {"timestamp":"2026-07-28T19:36:20.441Z","url":"https://example.com","status":200
2026-07-28T19:36:22.083Z OK #161 /x402/news-headlines {"timestamp":"2026-07-28T19:36:21.993Z","q":"crypto OR bitcoin OR AI agents","co
2026-07-28T19:36:23.916Z OK #162 /x402/grants?keyword=ai {"source":"grants.gov/search2","total":138,"results":[{"id":"363121","number":"P
2026-07-28T19:36:25.464Z OK #163 /x402/treasury-yields {"source":"home.treasury.gov/yield-curve","month":"202607","latest":{"date":"202
2026-07-28T19:36:27.533Z OK #164 /x402/pha-lookup {"matches":[{"id":"nc-kinston-kha","name":"Kinston Housing Authority","hud_code"
2026-07-28T19:36:29.356Z OK #165 /x402/hcv-fmr {"area":"Lenoir County, NC","year":2025,"bedrooms":4,"fmr_monthly":1497,"schedul
2026-07-28T19:36:30.969Z OK #166 /x402/housing-windsor {"property":{"address":"1607 Windsor Rd","city":"Kinston","county":"Lenoir","sta
2026-07-28T19:36:32.750Z OK #167 /x402/domain-enrich?domain=example.com {"timestamp":"2026-07-28T19:36:32.658Z","domain":"example.com","ips":["104.20.23
2026-07-28T19:36:34.582Z OK #168 /x402/market?naics=541512 {"source":"usaspending.gov/api/v2","naics":"541512","window":{"start_date":"2023
2026-07-28T19:36:36.231Z OK #169 /x402/sec-8k?ticker=AAPL {"source":"sec.gov/EDGAR","ticker":"AAPL","company":"Apple Inc.","cik":"320193",
2026-07-28T19:36:37.735Z OK #170 /x402/fx-rate?base=USD&symbols=EUR {"source":"frankfurter.dev/v2/rates","data":[{"date":"2026-07-28","base":"USD","
2026-07-28T19:36:39.570Z OK #171 /x402/fx-rate?base=USD&symbols=JPY {"source":"frankfurter.dev/v2/rates","data":[{"date":"2026-07-28","base":"USD","
2026-07-28T19:36:41.557Z OK #172 /x402/gas-tracker {"timestamp":"2026-07-28T19:36:41.466Z","chains":[{"chain":"ethereum","gas_gwei"
2026-07-28T19:36:43.271Z OK #173 /x402/web-fetch?url=https://example.com {"timestamp":"2026-07-28T19:36:43.181Z","url":"https://example.com","status":200
2026-07-28T19:36:44.875Z OK #174 /x402/news-headlines {"timestamp":"2026-07-28T19:36:44.791Z","q":"crypto OR bitcoin OR AI agents","co
2026-07-28T19:36:46.762Z OK #175 /x402/grants?keyword=ai {"source":"grants.gov/search2","total":138,"results":[{"id":"363121","number":"P
2026-07-28T19:36:48.680Z OK #176 /x402/treasury-yields {"source":"home.treasury.gov/yield-curve","month":"202607","latest":{"date":"202
2026-07-28T19:36:50.238Z OK #177 /x402/pha-lookup {"matches":[{"id":"nc-kinston-kha","name":"Kinston Housing Authority","hud_code"
2026-07-28T19:36:51.790Z OK #178 /x402/hcv-fmr {"area":"Lenoir County, NC","year":2025,"bedrooms":4,"fmr_monthly":1497,"schedul
2026-07-28T19:36:53.327Z OK #179 /x402/housing-windsor {"property":{"address":"1607 Windsor Rd","city":"Kinston","county":"Lenoir","sta
2026-07-28T19:36:54.945Z OK #180 /x402/domain-enrich?domain=example.com {"timestamp":"2026-07-28T19:36:54.861Z","domain":"example.com","ips":["172.66.14
2026-07-28T19:36:56.720Z OK #181 /x402/market?naics=541512 {"source":"usaspending.gov/api/v2","naics":"541512","window":{"start_date":"2023
2026-07-28T19:36:58.255Z OK #182 /x402/sec-8k?ticker=AAPL {"source":"sec.gov/EDGAR","ticker":"AAPL","company":"Apple Inc.","cik":"320193",
2026-07-28T19:36:59.859Z OK #183 /x402/fx-rate?base=USD&symbols=EUR {"source":"frankfurter.dev/v2/rates","data":[{"date":"2026-07-28","base":"USD","
2026-07-28T19:37:01.582Z OK #184 /x402/fx-rate?base=USD&symbols=JPY {"source":"frankfurter.dev/v2/rates","data":[{"date":"2026-07-28","base":"USD","
2026-07-28T19:37:03.482Z OK #185 /x402/gas-tracker {"timestamp":"2026-07-28T19:37:03.391Z","chains":[{"chain":"ethereum","gas_gwei"
2026-07-28T19:37:05.131Z OK #186 /x402/web-fetch?url=https://example.com {"timestamp":"2026-07-28T19:37:05.043Z","url":"https://example.com","status":200
2026-07-28T19:37:07.247Z OK #187 /x402/news-headlines {"timestamp":"2026-07-28T19:37:07.161Z","q":"crypto OR bitcoin OR AI agents","co
2026-07-28T19:37:09.086Z OK #188 /x402/grants?keyword=ai {"source":"grants.gov/search2","total":138,"results":[{"id":"363121","number":"P
2026-07-28T19:37:10.729Z OK #189 /x402/treasury-yields {"source":"home.treasury.gov/yield-curve","month":"202607","latest":{"date":"202
2026-07-28T19:37:12.300Z OK #190 /x402/pha-lookup {"matches":[{"id":"nc-kinston-kha","name":"Kinston Housing Authority","hud_code"
2026-07-28T19:37:13.927Z OK #191 /x402/hcv-fmr {"area":"Lenoir County, NC","year":2025,"bedrooms":4,"fmr_monthly":1497,"schedul
2026-07-28T19:37:15.469Z OK #192 /x402/housing-windsor {"property":{"address":"1607 Windsor Rd","city":"Kinston","county":"Lenoir","sta
2026-07-28T19:37:17.760Z OK #193 /x402/domain-enrich?domain=example.com {"timestamp":"2026-07-28T19:37:17.676Z","domain":"example.com","ips":["104.20.23
2026-07-28T19:37:19.819Z OK #194 /x402/market?naics=541512 {"source":"usaspending.gov/api/v2","naics":"541512","window":{"start_date":"2023
2026-07-28T19:37:21.424Z OK #195 /x402/sec-8k?ticker=AAPL {"source":"sec.gov/EDGAR","ticker":"AAPL","company":"Apple Inc.","cik":"320193",
2026-07-28T19:37:23.008Z OK #196 /x402/fx-rate?base=USD&symbols=EUR {"source":"frankfurter.dev/v2/rates","data":[{"date":"2026-07-28","base":"USD","
2026-07-28T19:37:24.621Z OK #197 /x402/fx-rate?base=USD&symbols=JPY {"source":"frankfurter.dev/v2/rates","data":[{"date":"2026-07-28","base":"USD","
2026-07-28T19:37:26.629Z OK #198 /x402/gas-tracker {"timestamp":"2026-07-28T19:37:26.545Z","chains":[{"chain":"ethereum","gas_gwei"
2026-07-28T19:37:28.189Z OK #199 /x402/web-fetch?url=https://example.com {"timestamp":"2026-07-28T19:37:28.104Z","url":"https://example.com","status":200
2026-07-28T19:37:30.071Z OK #200 /x402/news-headlines {"timestamp":"2026-07-28T19:37:29.987Z","q":"crypto OR bitcoin OR AI agents","co
2026-07-28T19:37:31.902Z OK #201 /x402/grants?keyword=ai {"source":"grants.gov/search2","total":138,"results":[{"id":"363121","number":"P
2026-07-28T19:37:33.761Z OK #202 /x402/treasury-yields {"source":"home.treasury.gov/yield-curve","month":"202607","latest":{"date":"202
2026-07-28T19:37:35.425Z OK #203 /x402/pha-lookup {"matches":[{"id":"nc-kinston-kha","name":"Kinston Housing Authority","hud_code"
2026-07-28T19:37:36.977Z OK #204 /x402/hcv-fmr {"area":"Lenoir County, NC","year":2025,"bedrooms":4,"fmr_monthly":1497,"schedul
2026-07-28T19:37:38.582Z OK #205 /x402/housing-windsor {"property":{"address":"1607 Windsor Rd","city":"Kinston","county":"Lenoir","sta
2026-07-28T19:37:40.203Z OK #206 /x402/domain-enrich?domain=example.com {"timestamp":"2026-07-28T19:37:40.093Z","domain":"example.com","ips":["172.66.14
2026-07-28T19:37:41.916Z OK #207 /x402/market?naics=541512 {"source":"usaspending.gov/api/v2","naics":"541512","window":{"start_date":"2023
2026-07-28T19:37:43.707Z OK #208 /x402/sec-8k?ticker=AAPL {"source":"sec.gov/EDGAR","ticker":"AAPL","company":"Apple Inc.","cik":"320193",
2026-07-28T19:37:45.608Z OK #209 /x402/fx-rate?base=USD&symbols=EUR {"source":"frankfurter.dev/v2/rates","data":[{"date":"2026-07-28","base":"USD","
2026-07-28T19:37:47.549Z OK #210 /x402/fx-rate?base=USD&symbols=JPY {"source":"frankfurter.dev/v2/rates","data":[{"date":"2026-07-28","base":"USD","
2026-07-28T19:37:49.588Z OK #211 /x402/gas-tracker {"timestamp":"2026-07-28T19:37:49.500Z","chains":[{"chain":"ethereum","gas_gwei"
2026-07-28T19:37:51.536Z OK #212 /x402/web-fetch?url=https://example.com {"timestamp":"2026-07-28T19:37:51.434Z","url":"https://example.com","status":200
2026-07-28T19:37:53.800Z OK #213 /x402/news-headlines {"timestamp":"2026-07-28T19:37:53.694Z","q":"crypto OR bitcoin OR AI agents","co
2026-07-28T19:37:55.759Z OK #214 /x402/grants?keyword=ai {"source":"grants.gov/search2","total":138,"results":[{"id":"363121","number":"P
2026-07-28T19:37:57.476Z OK #215 /x402/treasury-yields {"source":"home.treasury.gov/yield-curve","month":"202607","latest":{"date":"202
2026-07-28T19:37:59.559Z OK #216 /x402/pha-lookup {"matches":[{"id":"nc-kinston-kha","name":"Kinston Housing Authority","hud_code"
2026-07-28T19:38:01.609Z OK #217 /x402/hcv-fmr {"area":"Lenoir County, NC","year":2025,"bedrooms":4,"fmr_monthly":1497,"schedul
2026-07-28T19:38:03.406Z OK #218 /x402/housing-windsor {"property":{"address":"1607 Windsor Rd","city":"Kinston","county":"Lenoir","sta
2026-07-28T19:38:05.599Z OK #219 /x402/domain-enrich?domain=example.com {"timestamp":"2026-07-28T19:38:05.515Z","domain":"example.com","ips":["104.20.23
2026-07-28T19:38:07.560Z OK #220 /x402/market?naics=541512 {"source":"usaspending.gov/api/v2","naics":"541512","window":{"start_date":"2023
2026-07-28T19:38:09.537Z OK #221 /x402/sec-8k?ticker=AAPL {"source":"sec.gov/EDGAR","ticker":"AAPL","company":"Apple Inc.","cik":"320193",
2026-07-28T19:38:11.530Z OK #222 /x402/fx-rate?base=USD&symbols=EUR {"source":"frankfurter.dev/v2/rates","data":[{"date":"2026-07-28","base":"USD","
2026-07-28T19:38:13.543Z OK #223 /x402/fx-rate?base=USD&symbols=JPY {"source":"frankfurter.dev/v2/rates","data":[{"date":"2026-07-28","base":"USD","
2026-07-28T19:38:15.466Z OK #224 /x402/gas-tracker {"timestamp":"2026-07-28T19:38:15.383Z","chains":[{"chain":"ethereum","gas_gwei"
2026-07-28T19:38:17.398Z OK #225 /x402/web-fetch?url=https://example.com {"timestamp":"2026-07-28T19:38:17.314Z","url":"https://example.com","status":200
2026-07-28T19:38:19.341Z OK #226 /x402/news-headlines {"timestamp":"2026-07-28T19:38:19.257Z","q":"crypto OR bitcoin OR AI agents","co
2026-07-28T19:38:21.152Z OK #227 /x402/grants?keyword=ai {"source":"grants.gov/search2","total":138,"results":[{"id":"363121","number":"P
2026-07-28T19:38:22.855Z OK #228 /x402/treasury-yields {"source":"home.treasury.gov/yield-curve","month":"202607","latest":{"date":"202
2026-07-28T19:38:24.986Z OK #229 /x402/pha-lookup {"matches":[{"id":"nc-kinston-kha","name":"Kinston Housing Authority","hud_code"
2026-07-28T19:38:26.909Z OK #230 /x402/hcv-fmr {"area":"Lenoir County, NC","year":2025,"bedrooms":4,"fmr_monthly":1497,"schedul
2026-07-28T19:38:28.453Z OK #231 /x402/housing-windsor {"property":{"address":"1607 Windsor Rd","city":"Kinston","county":"Lenoir","sta
2026-07-28T19:38:30.274Z OK #232 /x402/domain-enrich?domain=example.com {"timestamp":"2026-07-28T19:38:30.164Z","domain":"example.com","ips":["104.20.23
2026-07-28T19:38:32.515Z OK #233 /x402/market?naics=541512 {"source":"usaspending.gov/api/v2","naics":"541512","window":{"start_date":"2023
2026-07-28T19:38:34.256Z OK #234 /x402/sec-8k?ticker=AAPL {"source":"sec.gov/EDGAR","ticker":"AAPL","company":"Apple Inc.","cik":"320193",
2026-07-28T19:38:35.937Z OK #235 /x402/fx-rate?base=USD&symbols=EUR {"source":"frankfurter.dev/v2/rates","data":[{"date":"2026-07-28","base":"USD","
2026-07-28T19:38:37.512Z OK #236 /x402/fx-rate?base=USD&symbols=JPY {"source":"frankfurter.dev/v2/rates","data":[{"date":"2026-07-28","base":"USD","
2026-07-28T19:38:39.583Z OK #237 /x402/gas-tracker {"timestamp":"2026-07-28T19:38:39.495Z","chains":[{"chain":"ethereum","gas_gwei"
2026-07-28T19:38:41.664Z OK #238 /x402/web-fetch?url=https://example.com {"timestamp":"2026-07-28T19:38:41.576Z","url":"https://example.com","status":200
2026-07-28T19:38:43.517Z OK #239 /x402/news-headlines {"timestamp":"2026-07-28T19:38:43.425Z","q":"crypto OR bitcoin OR AI agents","co
2026-07-28T19:38:45.618Z OK #240 /x402/grants?keyword=ai {"source":"grants.gov/search2","total":138,"results":[{"id":"363121","number":"P
2026-07-28T19:38:47.651Z OK #241 /x402/treasury-yields {"source":"home.treasury.gov/yield-curve","month":"202607","latest":{"date":"202
2026-07-28T19:38:49.268Z OK #242 /x402/pha-lookup {"matches":[{"id":"nc-kinston-kha","name":"Kinston Housing Authority","hud_code"
2026-07-28T19:38:50.840Z OK #243 /x402/hcv-fmr {"area":"Lenoir County, NC","year":2025,"bedrooms":4,"fmr_monthly":1497,"schedul
2026-07-28T19:38:52.444Z OK #244 /x402/housing-windsor {"property":{"address":"1607 Windsor Rd","city":"Kinston","county":"Lenoir","sta
2026-07-28T19:38:54.482Z OK #245 /x402/domain-enrich?domain=example.com {"timestamp":"2026-07-28T19:38:54.395Z","domain":"example.com","ips":["172.66.14
2026-07-28T19:38:56.293Z OK #246 /x402/market?naics=541512 {"source":"usaspending.gov/api/v2","naics":"541512","window":{"start_date":"2023
2026-07-28T19:38:57.913Z OK #247 /x402/sec-8k?ticker=AAPL {"source":"sec.gov/EDGAR","ticker":"AAPL","company":"Apple Inc.","cik":"320193",
2026-07-28T19:38:59.546Z OK #248 /x402/fx-rate?base=USD&symbols=EUR {"source":"frankfurter.dev/v2/rates","data":[{"date":"2026-07-28","base":"USD","
2026-07-28T19:39:01.257Z OK #249 /x402/fx-rate?base=USD&symbols=JPY {"source":"frankfurter.dev/v2/rates","data":[{"date":"2026-07-28","base":"USD","
2026-07-28T19:39:03.376Z OK #250 /x402/gas-tracker {"timestamp":"2026-07-28T19:39:03.291Z","chains":[{"chain":"ethereum","gas_gwei"
2026-07-28T19:39:04.939Z OK #251 /x402/web-fetch?url=https://example.com {"timestamp":"2026-07-28T19:39:04.852Z","url":"https://example.com","status":200
2026-07-28T19:39:07.018Z OK #252 /x402/news-headlines {"timestamp":"2026-07-28T19:39:06.932Z","q":"crypto OR bitcoin OR AI agents","co
2026-07-28T19:39:08.882Z OK #253 /x402/grants?keyword=ai {"source":"grants.gov/search2","total":138,"results":[{"id":"363121","number":"P
2026-07-28T19:39:10.605Z OK #254 /x402/treasury-yields {"source":"home.treasury.gov/yield-curve","month":"202607","latest":{"date":"202
2026-07-28T19:39:12.047Z OK #255 /x402/pha-lookup {"matches":[{"id":"nc-kinston-kha","name":"Kinston Housing Authority","hud_code"
2026-07-28T19:39:14.194Z OK #256 /x402/hcv-fmr {"area":"Lenoir County, NC","year":2025,"bedrooms":4,"fmr_monthly":1497,"schedul
2026-07-28T19:39:15.738Z OK #257 /x402/housing-windsor {"property":{"address":"1607 Windsor Rd","city":"Kinston","county":"Lenoir","sta
2026-07-28T19:39:17.673Z OK #258 /x402/domain-enrich?domain=example.com {"timestamp":"2026-07-28T19:39:17.590Z","domain":"example.com","ips":["172.66.14
2026-07-28T19:39:21.351Z OK #259 /x402/market?naics=541512 {"source":"usaspending.gov/api/v2","naics":"541512","window":{"start_date":"2023
2026-07-28T19:39:23.073Z OK #260 /x402/sec-8k?ticker=AAPL {"source":"sec.gov/EDGAR","ticker":"AAPL","company":"Apple Inc.","cik":"320193",
2026-07-28T19:39:24.621Z OK #261 /x402/fx-rate?base=USD&symbols=EUR {"source":"frankfurter.dev/v2/rates","data":[{"date":"2026-07-28","base":"USD","
2026-07-28T19:39:26.163Z OK #262 /x402/fx-rate?base=USD&symbols=JPY {"source":"frankfurter.dev/v2/rates","data":[{"date":"2026-07-28","base":"USD","
2026-07-28T19:39:27.920Z OK #263 /x402/gas-tracker {"timestamp":"2026-07-28T19:39:27.836Z","chains":[{"chain":"ethereum","gas_gwei"
2026-07-28T19:39:29.710Z OK #264 /x402/web-fetch?url=https://example.com {"timestamp":"2026-07-28T19:39:29.624Z","url":"https://example.com","status":200
2026-07-28T19:39:31.412Z OK #265 /x402/news-headlines {"timestamp":"2026-07-28T19:39:31.299Z","q":"crypto OR bitcoin OR AI agents","co
2026-07-28T19:39:33.214Z OK #266 /x402/grants?keyword=ai {"source":"grants.gov/search2","total":138,"results":[{"id":"363121","number":"P
2026-07-28T19:39:34.937Z OK #267 /x402/treasury-yields {"source":"home.treasury.gov/yield-curve","month":"202607","latest":{"date":"202
2026-07-28T19:39:36.852Z OK #268 /x402/pha-lookup {"matches":[{"id":"nc-kinston-kha","name":"Kinston Housing Authority","hud_code"
2026-07-28T19:39:38.421Z OK #269 /x402/hcv-fmr {"area":"Lenoir County, NC","year":2025,"bedrooms":4,"fmr_monthly":1497,"schedul
2026-07-28T19:39:39.956Z OK #270 /x402/housing-windsor {"property":{"address":"1607 Windsor Rd","city":"Kinston","county":"Lenoir","sta
2026-07-28T19:39:41.770Z OK #271 /x402/domain-enrich?domain=example.com {"timestamp":"2026-07-28T19:39:41.687Z","domain":"example.com","ips":["172.66.14
2026-07-28T19:39:43.970Z OK #272 /x402/market?naics=541512 {"source":"usaspending.gov/api/v2","naics":"541512","window":{"start_date":"2023
2026-07-28T19:39:45.679Z OK #273 /x402/sec-8k?ticker=AAPL {"source":"sec.gov/EDGAR","ticker":"AAPL","company":"Apple Inc.","cik":"320193",
2026-07-28T19:39:47.680Z OK #274 /x402/fx-rate?base=USD&symbols=EUR {"source":"frankfurter.dev/v2/rates","data":[{"date":"2026-07-28","base":"USD","
2026-07-28T19:39:49.466Z OK #275 /x402/fx-rate?base=USD&symbols=JPY {"source":"frankfurter.dev/v2/rates","data":[{"date":"2026-07-28","base":"USD","
2026-07-28T19:39:51.898Z OK #276 /x402/gas-tracker {"timestamp":"2026-07-28T19:39:51.815Z","chains":[{"chain":"ethereum","gas_gwei"
2026-07-28T19:39:53.814Z OK #277 /x402/web-fetch?url=https://example.com {"timestamp":"2026-07-28T19:39:53.727Z","url":"https://example.com","status":200
2026-07-28T19:39:55.614Z OK #278 /x402/news-headlines {"timestamp":"2026-07-28T19:39:55.524Z","q":"crypto OR bitcoin OR AI agents","co
2026-07-28T19:39:57.942Z OK #279 /x402/grants?keyword=ai {"source":"grants.gov/search2","total":138,"results":[{"id":"363121","number":"P
2026-07-28T19:39:59.609Z OK #280 /x402/treasury-yields {"source":"home.treasury.gov/yield-curve","month":"202607","latest":{"date":"202
2026-07-28T19:40:01.345Z OK #281 /x402/pha-lookup {"matches":[{"id":"nc-kinston-kha","name":"Kinston Housing Authority","hud_code"
2026-07-28T19:40:03.269Z OK #282 /x402/hcv-fmr {"area":"Lenoir County, NC","year":2025,"bedrooms":4,"fmr_monthly":1497,"schedul
2026-07-28T19:40:04.966Z OK #283 /x402/housing-windsor {"property":{"address":"1607 Windsor Rd","city":"Kinston","county":"Lenoir","sta
2026-07-28T19:40:06.871Z OK #284 /x402/domain-enrich?domain=example.com {"timestamp":"2026-07-28T19:40:06.786Z","domain":"example.com","ips":["104.20.23
2026-07-28T19:40:08.916Z OK #285 /x402/market?naics=541512 {"source":"usaspending.gov/api/v2","naics":"541512","window":{"start_date":"2023
2026-07-28T19:40:10.614Z OK #286 /x402/sec-8k?ticker=AAPL {"source":"sec.gov/EDGAR","ticker":"AAPL","company":"Apple Inc.","cik":"320193",
2026-07-28T19:40:12.192Z OK #287 /x402/fx-rate?base=USD&symbols=EUR {"source":"frankfurter.dev/v2/rates","data":[{"date":"2026-07-28","base":"USD","
2026-07-28T19:40:13.667Z OK #288 /x402/fx-rate?base=USD&symbols=JPY {"source":"frankfurter.dev/v2/rates","data":[{"date":"2026-07-28","base":"USD","
2026-07-28T19:40:15.902Z OK #289 /x402/gas-tracker {"timestamp":"2026-07-28T19:40:15.798Z","chains":[{"chain":"ethereum","gas_gwei"
2026-07-28T19:40:17.883Z OK #290 /x402/web-fetch?url=https://example.com {"timestamp":"2026-07-28T19:40:17.799Z","url":"https://example.com","status":200
2026-07-28T19:40:20.212Z OK #291 /x402/news-headlines {"timestamp":"2026-07-28T19:40:20.105Z","q":"crypto OR bitcoin OR AI agents","co
2026-07-28T19:40:22.110Z OK #292 /x402/grants?keyword=ai {"source":"grants.gov/search2","total":138,"results":[{"id":"363121","number":"P
2026-07-28T19:40:23.797Z OK #293 /x402/treasury-yields {"source":"home.treasury.gov/yield-curve","month":"202607","latest":{"date":"202
2026-07-28T19:40:25.540Z OK #294 /x402/pha-lookup {"matches":[{"id":"nc-kinston-kha","name":"Kinston Housing Authority","hud_code"
2026-07-28T19:40:27.383Z OK #295 /x402/hcv-fmr {"area":"Lenoir County, NC","year":2025,"bedrooms":4,"fmr_monthly":1497,"schedul
2026-07-28T19:40:28.888Z OK #296 /x402/housing-windsor {"property":{"address":"1607 Windsor Rd","city":"Kinston","county":"Lenoir","sta
2026-07-28T19:40:31.005Z OK #297 /x402/domain-enrich?domain=example.com {"timestamp":"2026-07-28T19:40:30.901Z","domain":"example.com","ips":["172.66.14
2026-07-28T19:40:32.720Z OK #298 /x402/market?naics=541512 {"source":"usaspending.gov/api/v2","naics":"541512","window":{"start_date":"2023
2026-07-28T19:40:34.371Z OK #299 /x402/sec-8k?ticker=AAPL {"source":"sec.gov/EDGAR","ticker":"AAPL","company":"Apple Inc.","cik":"320193",
2026-07-28T19:40:36.158Z OK #300 /x402/fx-rate?base=USD&symbols=EUR {"source":"frankfurter.dev/v2/rates","data":[{"date":"2026-07-28","base":"USD","
2026-07-28T19:40:37.815Z OK #301 /x402/fx-rate?base=USD&symbols=JPY {"source":"frankfurter.dev/v2/rates","data":[{"date":"2026-07-28","base":"USD","
2026-07-28T19:40:39.559Z OK #302 /x402/gas-tracker {"timestamp":"2026-07-28T19:40:39.475Z","chains":[{"chain":"ethereum","gas_gwei"
2026-07-28T19:40:41.609Z OK #303 /x402/web-fetch?url=https://example.com {"timestamp":"2026-07-28T19:40:41.525Z","url":"https://example.com","status":200
2026-07-28T19:40:43.631Z OK #304 /x402/news-headlines {"timestamp":"2026-07-28T19:40:43.546Z","q":"crypto OR bitcoin OR AI agents","co
2026-07-28T19:40:45.737Z OK #305 /x402/grants?keyword=ai {"source":"grants.gov/search2","total":138,"results":[{"id":"363121","number":"P
2026-07-28T19:40:47.664Z OK #306 /x402/treasury-yields {"source":"home.treasury.gov/yield-curve","month":"202607","latest":{"date":"202
2026-07-28T19:40:49.510Z OK #307 /x402/pha-lookup {"matches":[{"id":"nc-kinston-kha","name":"Kinston Housing Authority","hud_code"
2026-07-28T19:40:51.391Z OK #308 /x402/hcv-fmr {"area":"Lenoir County, NC","year":2025,"bedrooms":4,"fmr_monthly":1497,"schedul
2026-07-28T19:40:53.583Z OK #309 /x402/housing-windsor {"property":{"address":"1607 Windsor Rd","city":"Kinston","county":"Lenoir","sta
2026-07-28T19:40:55.857Z OK #310 /x402/domain-enrich?domain=example.com {"timestamp":"2026-07-28T19:40:55.773Z","domain":"example.com","ips":["104.20.23
2026-07-28T19:40:57.681Z OK #311 /x402/market?naics=541512 {"source":"usaspending.gov/api/v2","naics":"541512","window":{"start_date":"2023
2026-07-28T19:40:59.652Z OK #312 /x402/sec-8k?ticker=AAPL {"source":"sec.gov/EDGAR","ticker":"AAPL","company":"Apple Inc.","cik":"320193",
2026-07-28T19:41:01.531Z OK #313 /x402/fx-rate?base=USD&symbols=EUR {"source":"frankfurter.dev/v2/rates","data":[{"date":"2026-07-28","base":"USD","
2026-07-28T19:41:03.432Z OK #314 /x402/fx-rate?base=USD&symbols=JPY {"source":"frankfurter.dev/v2/rates","data":[{"date":"2026-07-28","base":"USD","
2026-07-28T19:41:05.758Z OK #315 /x402/gas-tracker {"timestamp":"2026-07-28T19:41:05.669Z","chains":[{"chain":"ethereum","gas_gwei"
2026-07-28T19:41:07.419Z OK #316 /x402/web-fetch?url=https://example.com {"timestamp":"2026-07-28T19:41:07.336Z","url":"https://example.com","status":200
2026-07-28T19:41:09.155Z OK #317 /x402/news-headlines {"timestamp":"2026-07-28T19:41:09.070Z","q":"crypto OR bitcoin OR AI agents","co
2026-07-28T19:41:11.086Z OK #318 /x402/grants?keyword=ai {"source":"grants.gov/search2","total":138,"results":[{"id":"363121","number":"P
2026-07-28T19:41:12.790Z OK #319 /x402/treasury-yields {"source":"home.treasury.gov/yield-curve","month":"202607","latest":{"date":"202
2026-07-28T19:41:14.540Z OK #320 /x402/pha-lookup {"matches":[{"id":"nc-kinston-kha","name":"Kinston Housing Authority","hud_code"
2026-07-28T19:41:16.154Z OK #321 /x402/hcv-fmr {"area":"Lenoir County, NC","year":2025,"bedrooms":4,"fmr_monthly":1497,"schedul
2026-07-28T19:41:17.985Z OK #322 /x402/housing-windsor {"property":{"address":"1607 Windsor Rd","city":"Kinston","county":"Lenoir","sta
2026-07-28T19:41:19.835Z OK #323 /x402/domain-enrich?domain=example.com {"timestamp":"2026-07-28T19:41:19.751Z","domain":"example.com","ips":["172.66.14
2026-07-28T19:41:21.719Z OK #324 /x402/market?naics=541512 {"source":"usaspending.gov/api/v2","naics":"541512","window":{"start_date":"2023
2026-07-28T19:41:23.665Z OK #325 /x402/sec-8k?ticker=AAPL {"source":"sec.gov/EDGAR","ticker":"AAPL","company":"Apple Inc.","cik":"320193",
2026-07-28T19:41:25.489Z OK #326 /x402/fx-rate?base=USD&symbols=EUR {"source":"frankfurter.dev/v2/rates","data":[{"date":"2026-07-28","base":"USD","
2026-07-28T19:41:27.337Z OK #327 /x402/fx-rate?base=USD&symbols=JPY {"source":"frankfurter.dev/v2/rates","data":[{"date":"2026-07-28","base":"USD","
2026-07-28T19:41:28.951Z OK #328 /x402/gas-tracker {"timestamp":"2026-07-28T19:41:28.868Z","chains":[{"chain":"ethereum","gas_gwei"
2026-07-28T19:41:30.575Z OK #329 /x402/web-fetch?url=https://example.com {"timestamp":"2026-07-28T19:41:30.490Z","url":"https://example.com","status":200
2026-07-28T19:41:32.499Z OK #330 /x402/news-headlines {"timestamp":"2026-07-28T19:41:32.409Z","q":"crypto OR bitcoin OR AI agents","co
2026-07-28T19:41:34.593Z OK #331 /x402/grants?keyword=ai {"source":"grants.gov/search2","total":138,"results":[{"id":"363121","number":"P
2026-07-28T19:41:36.224Z OK #332 /x402/treasury-yields {"source":"home.treasury.gov/yield-curve","month":"202607","latest":{"date":"202
2026-07-28T19:41:37.781Z OK #333 /x402/pha-lookup {"matches":[{"id":"nc-kinston-kha","name":"Kinston Housing Authority","hud_code"
2026-07-28T19:41:39.265Z OK #334 /x402/hcv-fmr {"area":"Lenoir County, NC","year":2025,"bedrooms":4,"fmr_monthly":1497,"schedul
2026-07-28T19:41:40.843Z OK #335 /x402/housing-windsor {"property":{"address":"1607 Windsor Rd","city":"Kinston","county":"Lenoir","sta
2026-07-28T19:41:42.765Z OK #336 /x402/domain-enrich?domain=example.com {"timestamp":"2026-07-28T19:41:42.662Z","domain":"example.com","ips":["172.66.14
2026-07-28T19:41:44.576Z OK #337 /x402/market?naics=541512 {"source":"usaspending.gov/api/v2","naics":"541512","window":{"start_date":"2023
2026-07-28T19:41:46.158Z OK #338 /x402/sec-8k?ticker=AAPL {"source":"sec.gov/EDGAR","ticker":"AAPL","company":"Apple Inc.","cik":"320193",
2026-07-28T19:41:47.814Z OK #339 /x402/fx-rate?base=USD&symbols=EUR {"source":"frankfurter.dev/v2/rates","data":[{"date":"2026-07-28","base":"USD","
2026-07-28T19:41:49.442Z OK #340 /x402/fx-rate?base=USD&symbols=JPY {"source":"frankfurter.dev/v2/rates","data":[{"date":"2026-07-28","base":"USD","
2026-07-28T19:41:50.969Z OK #341 /x402/gas-tracker {"timestamp":"2026-07-28T19:41:50.885Z","chains":[{"chain":"ethereum","gas_gwei"
2026-07-28T19:41:52.601Z OK #342 /x402/web-fetch?url=https://example.com {"timestamp":"2026-07-28T19:41:52.513Z","url":"https://example.com","status":200
2026-07-28T19:41:54.630Z OK #343 /x402/news-headlines {"timestamp":"2026-07-28T19:41:54.546Z","q":"crypto OR bitcoin OR AI agents","co
2026-07-28T19:41:56.620Z OK #344 /x402/grants?keyword=ai {"source":"grants.gov/search2","total":138,"results":[{"id":"363121","number":"P
2026-07-28T19:41:58.428Z OK #345 /x402/treasury-yields {"source":"home.treasury.gov/yield-curve","month":"202607","latest":{"date":"202
2026-07-28T19:42:00.026Z OK #346 /x402/pha-lookup {"matches":[{"id":"nc-kinston-kha","name":"Kinston Housing Authority","hud_code"
2026-07-28T19:42:01.582Z OK #347 /x402/hcv-fmr {"area":"Lenoir County, NC","year":2025,"bedrooms":4,"fmr_monthly":1497,"schedul
2026-07-28T19:42:03.693Z OK #348 /x402/housing-windsor {"property":{"address":"1607 Windsor Rd","city":"Kinston","county":"Lenoir","sta
2026-07-28T19:42:05.624Z OK #349 /x402/domain-enrich?domain=example.com {"timestamp":"2026-07-28T19:42:05.540Z","domain":"example.com","ips":["104.20.23
2026-07-28T19:42:07.707Z OK #350 /x402/market?naics=541512 {"source":"usaspending.gov/api/v2","naics":"541512","window":{"start_date":"2023
2026-07-28T19:42:09.483Z OK #351 /x402/sec-8k?ticker=AAPL {"source":"sec.gov/EDGAR","ticker":"AAPL","company":"Apple Inc.","cik":"320193",
2026-07-28T19:42:11.349Z OK #352 /x402/fx-rate?base=USD&symbols=EUR {"source":"frankfurter.dev/v2/rates","data":[{"date":"2026-07-28","base":"USD","
2026-07-28T19:42:12.967Z OK #353 /x402/fx-rate?base=USD&symbols=JPY {"source":"frankfurter.dev/v2/rates","data":[{"date":"2026-07-28","base":"USD","
2026-07-28T19:42:14.621Z OK #354 /x402/gas-tracker {"timestamp":"2026-07-28T19:42:14.533Z","chains":[{"chain":"ethereum","gas_gwei"
2026-07-28T19:42:16.281Z OK #355 /x402/web-fetch?url=https://example.com {"timestamp":"2026-07-28T19:42:16.197Z","url":"https://example.com","status":200
2026-07-28T19:42:17.868Z OK #356 /x402/news-headlines {"timestamp":"2026-07-28T19:42:17.784Z","q":"crypto OR bitcoin OR AI agents","co
2026-07-28T19:42:20.141Z OK #357 /x402/grants?keyword=ai {"source":"grants.gov/search2","total":138,"results":[{"id":"363121","number":"P
2026-07-28T19:42:21.785Z OK #358 /x402/treasury-yields {"source":"home.treasury.gov/yield-curve","month":"202607","latest":{"date":"202
2026-07-28T19:42:23.414Z OK #359 /x402/pha-lookup {"matches":[{"id":"nc-kinston-kha","name":"Kinston Housing Authority","hud_code"
2026-07-28T19:42:25.045Z OK #360 /x402/hcv-fmr {"area":"Lenoir County, NC","year":2025,"bedrooms":4,"fmr_monthly":1497,"schedul
2026-07-28T19:42:26.803Z OK #361 /x402/housing-windsor {"property":{"address":"1607 Windsor Rd","city":"Kinston","county":"Lenoir","sta
2026-07-28T19:42:28.704Z OK #362 /x402/domain-enrich?domain=example.com {"timestamp":"2026-07-28T19:42:28.620Z","domain":"example.com","ips":["104.20.23
2026-07-28T19:42:30.542Z OK #363 /x402/market?naics=541512 {"source":"usaspending.gov/api/v2","naics":"541512","window":{"start_date":"2023
2026-07-28T19:42:32.221Z OK #364 /x402/sec-8k?ticker=AAPL {"source":"sec.gov/EDGAR","ticker":"AAPL","company":"Apple Inc.","cik":"320193",
2026-07-28T19:42:33.847Z OK #365 /x402/fx-rate?base=USD&symbols=EUR {"source":"frankfurter.dev/v2/rates","data":[{"date":"2026-07-28","base":"USD","
2026-07-28T19:42:35.334Z OK #366 /x402/fx-rate?base=USD&symbols=JPY {"source":"frankfurter.dev/v2/rates","data":[{"date":"2026-07-28","base":"USD","
2026-07-28T19:42:37.029Z OK #367 /x402/gas-tracker {"timestamp":"2026-07-28T19:42:36.946Z","chains":[{"chain":"ethereum","gas_gwei"
2026-07-28T19:42:38.673Z OK #368 /x402/web-fetch?url=https://example.com {"timestamp":"2026-07-28T19:42:38.588Z","url":"https://example.com","status":200
2026-07-28T19:42:40.531Z OK #369 /x402/news-headlines {"timestamp":"2026-07-28T19:42:40.422Z","q":"crypto OR bitcoin OR AI agents","co
2026-07-28T19:42:42.712Z OK #370 /x402/grants?keyword=ai {"source":"grants.gov/search2","total":138,"results":[{"id":"363121","number":"P
2026-07-28T19:42:44.303Z OK #371 /x402/treasury-yields {"source":"home.treasury.gov/yield-curve","month":"202607","latest":{"date":"202
2026-07-28T19:42:45.998Z OK #372 /x402/pha-lookup {"matches":[{"id":"nc-kinston-kha","name":"Kinston Housing Authority","hud_code"
2026-07-28T19:42:47.520Z OK #373 /x402/hcv-fmr {"area":"Lenoir County, NC","year":2025,"bedrooms":4,"fmr_monthly":1497,"schedul
2026-07-28T19:42:49.331Z OK #374 /x402/housing-windsor {"property":{"address":"1607 Windsor Rd","city":"Kinston","county":"Lenoir","sta
2026-07-28T19:42:51.415Z OK #375 /x402/domain-enrich?domain=example.com {"timestamp":"2026-07-28T19:42:51.310Z","domain":"example.com","ips":["172.66.14
2026-07-28T19:42:53.084Z OK #376 /x402/market?naics=541512 {"source":"usaspending.gov/api/v2","naics":"541512","window":{"start_date":"2023
2026-07-28T19:42:54.826Z OK #377 /x402/sec-8k?ticker=AAPL {"source":"sec.gov/EDGAR","ticker":"AAPL","company":"Apple Inc.","cik":"320193",
2026-07-28T19:42:56.432Z OK #378 /x402/fx-rate?base=USD&symbols=EUR {"source":"frankfurter.dev/v2/rates","data":[{"date":"2026-07-28","base":"USD","
2026-07-28T19:42:57.997Z OK #379 /x402/fx-rate?base=USD&symbols=JPY {"source":"frankfurter.dev/v2/rates","data":[{"date":"2026-07-28","base":"USD","
2026-07-28T19:42:59.646Z OK #380 /x402/gas-tracker {"timestamp":"2026-07-28T19:42:59.562Z","chains":[{"chain":"ethereum","gas_gwei"
2026-07-28T19:43:02.361Z OK #381 /x402/web-fetch?url=https://example.com {"timestamp":"2026-07-28T19:43:02.277Z","url":"https://example.com","status":200
2026-07-28T19:43:04.761Z OK #382 /x402/news-headlines {"timestamp":"2026-07-28T19:43:04.675Z","q":"crypto OR bitcoin OR AI agents","co
2026-07-28T19:43:07.331Z OK #383 /x402/grants?keyword=ai {"source":"grants.gov/search2","total":138,"results":[{"id":"363121","number":"P
2026-07-28T19:43:09.612Z OK #384 /x402/treasury-yields {"source":"home.treasury.gov/yield-curve","month":"202607","latest":{"date":"202
2026-07-28T19:43:11.593Z OK #385 /x402/pha-lookup {"matches":[{"id":"nc-kinston-kha","name":"Kinston Housing Authority","hud_code"
2026-07-28T19:43:13.239Z OK #386 /x402/hcv-fmr {"area":"Lenoir County, NC","year":2025,"bedrooms":4,"fmr_monthly":1497,"schedul
2026-07-28T19:43:14.928Z OK #387 /x402/housing-windsor {"property":{"address":"1607 Windsor Rd","city":"Kinston","county":"Lenoir","sta
2026-07-28T19:43:16.879Z OK #388 /x402/domain-enrich?domain=example.com {"timestamp":"2026-07-28T19:43:16.796Z","domain":"example.com","ips":["172.66.14
2026-07-28T19:43:18.614Z OK #389 /x402/market?naics=541512 {"source":"usaspending.gov/api/v2","naics":"541512","window":{"start_date":"2023
2026-07-28T19:43:20.504Z OK #390 /x402/sec-8k?ticker=AAPL {"source":"sec.gov/EDGAR","ticker":"AAPL","company":"Apple Inc.","cik":"320193",
2026-07-28T19:43:22.157Z OK #391 /x402/fx-rate?base=USD&symbols=EUR {"source":"frankfurter.dev/v2/rates","data":[{"date":"2026-07-28","base":"USD","
2026-07-28T19:43:23.680Z OK #392 /x402/fx-rate?base=USD&symbols=JPY {"source":"frankfurter.dev/v2/rates","data":[{"date":"2026-07-28","base":"USD","
2026-07-28T19:43:25.501Z OK #393 /x402/gas-tracker {"timestamp":"2026-07-28T19:43:25.417Z","chains":[{"chain":"ethereum","gas_gwei"
2026-07-28T19:43:27.397Z OK #394 /x402/web-fetch?url=https://example.com {"timestamp":"2026-07-28T19:43:27.313Z","url":"https://example.com","status":200
2026-07-28T19:43:28.938Z OK #395 /x402/news-headlines {"timestamp":"2026-07-28T19:43:28.852Z","q":"crypto OR bitcoin OR AI agents","co
2026-07-28T19:43:30.756Z OK #396 /x402/grants?keyword=ai {"source":"grants.gov/search2","total":138,"results":[{"id":"363121","number":"P
2026-07-28T19:43:32.348Z OK #397 /x402/treasury-yields {"source":"home.treasury.gov/yield-curve","month":"202607","latest":{"date":"202
2026-07-28T19:43:33.925Z OK #398 /x402/pha-lookup {"matches":[{"id":"nc-kinston-kha","name":"Kinston Housing Authority","hud_code"
2026-07-28T19:43:35.481Z OK #399 /x402/hcv-fmr {"area":"Lenoir County, NC","year":2025,"bedrooms":4,"fmr_monthly":1497,"schedul
2026-07-28T19:43:37.221Z OK #400 /x402/housing-windsor {"property":{"address":"1607 Windsor Rd","city":"Kinston","county":"Lenoir","sta
2026-07-28T19:43:39.056Z OK #401 /x402/domain-enrich?domain=example.com {"timestamp":"2026-07-28T19:43:38.953Z","domain":"example.com","ips":["104.20.23
2026-07-28T19:43:40.790Z OK #402 /x402/market?naics=541512 {"source":"usaspending.gov/api/v2","naics":"541512","window":{"start_date":"2023
2026-07-28T19:43:42.489Z OK #403 /x402/sec-8k?ticker=AAPL {"source":"sec.gov/EDGAR","ticker":"AAPL","company":"Apple Inc.","cik":"320193",
2026-07-28T19:43:44.223Z OK #404 /x402/fx-rate?base=USD&symbols=EUR {"source":"frankfurter.dev/v2/rates","data":[{"date":"2026-07-28","base":"USD","
2026-07-28T19:43:46.140Z OK #405 /x402/fx-rate?base=USD&symbols=JPY {"source":"frankfurter.dev/v2/rates","data":[{"date":"2026-07-28","base":"USD","
2026-07-28T19:43:47.943Z OK #406 /x402/gas-tracker {"timestamp":"2026-07-28T19:43:47.840Z","chains":[{"chain":"ethereum","gas_gwei"
2026-07-28T19:43:49.483Z OK #407 /x402/web-fetch?url=https://example.com {"timestamp":"2026-07-28T19:43:49.400Z","url":"https://example.com","status":200
2026-07-28T19:43:51.128Z OK #408 /x402/news-headlines {"timestamp":"2026-07-28T19:43:51.044Z","q":"crypto OR bitcoin OR AI agents","co
2026-07-28T19:43:52.960Z OK #409 /x402/grants?keyword=ai {"source":"grants.gov/search2","total":138,"results":[{"id":"363121","number":"P
2026-07-28T19:43:55.006Z OK #410 /x402/treasury-yields {"source":"home.treasury.gov/yield-curve","month":"202607","latest":{"date":"202
2026-07-28T19:43:56.633Z OK #411 /x402/pha-lookup {"matches":[{"id":"nc-kinston-kha","name":"Kinston Housing Authority","hud_code"
2026-07-28T19:43:58.184Z OK #412 /x402/hcv-fmr {"area":"Lenoir County, NC","year":2025,"bedrooms":4,"fmr_monthly":1497,"schedul
2026-07-28T19:43:59.722Z OK #413 /x402/housing-windsor {"property":{"address":"1607 Windsor Rd","city":"Kinston","county":"Lenoir","sta
2026-07-28T19:44:01.663Z OK #414 /x402/domain-enrich?domain=example.com {"timestamp":"2026-07-28T19:44:01.579Z","domain":"example.com","ips":["104.20.23
2026-07-28T19:44:03.971Z OK #415 /x402/market?naics=541512 {"source":"usaspending.gov/api/v2","naics":"541512","window":{"start_date":"2023
2026-07-28T19:44:05.654Z OK #416 /x402/sec-8k?ticker=AAPL {"source":"sec.gov/EDGAR","ticker":"AAPL","company":"Apple Inc.","cik":"320193",
2026-07-28T19:44:07.505Z OK #417 /x402/fx-rate?base=USD&symbols=EUR {"source":"frankfurter.dev/v2/rates","data":[{"date":"2026-07-28","base":"USD","
2026-07-28T19:44:09.510Z OK #418 /x402/fx-rate?base=USD&symbols=JPY {"source":"frankfurter.dev/v2/rates","data":[{"date":"2026-07-28","base":"USD","
2026-07-28T19:44:11.617Z OK #419 /x402/gas-tracker {"timestamp":"2026-07-28T19:44:11.533Z","chains":[{"chain":"ethereum","gas_gwei"
2026-07-28T19:44:13.649Z OK #420 /x402/web-fetch?url=https://example.com {"timestamp":"2026-07-28T19:44:13.565Z","url":"https://example.com","status":200
2026-07-28T19:44:15.332Z OK #421 /x402/news-headlines {"timestamp":"2026-07-28T19:44:15.247Z","q":"crypto OR bitcoin OR AI agents","co
2026-07-28T19:44:17.160Z OK #422 /x402/grants?keyword=ai {"source":"grants.gov/search2","total":138,"results":[{"id":"363121","number":"P
2026-07-28T19:44:18.923Z OK #423 /x402/treasury-yields {"source":"home.treasury.gov/yield-curve","month":"202607","latest":{"date":"202
2026-07-28T19:44:20.850Z OK #424 /x402/pha-lookup {"matches":[{"id":"nc-kinston-kha","name":"Kinston Housing Authority","hud_code"
2026-07-28T19:44:22.371Z OK #425 /x402/hcv-fmr {"area":"Lenoir County, NC","year":2025,"bedrooms":4,"fmr_monthly":1497,"schedul
2026-07-28T19:44:23.841Z OK #426 /x402/housing-windsor {"property":{"address":"1607 Windsor Rd","city":"Kinston","county":"Lenoir","sta
2026-07-28T19:44:25.979Z OK #427 /x402/domain-enrich?domain=example.com {"timestamp":"2026-07-28T19:44:25.891Z","domain":"example.com","ips":["172.66.14
2026-07-28T19:44:27.542Z OK #428 /x402/market?naics=541512 {"source":"usaspending.gov/api/v2","naics":"541512","window":{"start_date":"2023
2026-07-28T19:44:29.410Z OK #429 /x402/sec-8k?ticker=AAPL {"source":"sec.gov/EDGAR","ticker":"AAPL","company":"Apple Inc.","cik":"320193",
2026-07-28T19:44:31.896Z OK #430 /x402/fx-rate?base=USD&symbols=EUR {"source":"frankfurter.dev/v2/rates","data":[{"date":"2026-07-28","base":"USD","
2026-07-28T19:44:33.538Z OK #431 /x402/fx-rate?base=USD&symbols=JPY {"source":"frankfurter.dev/v2/rates","data":[{"date":"2026-07-28","base":"USD","
2026-07-28T19:44:35.666Z OK #432 /x402/gas-tracker {"timestamp":"2026-07-28T19:44:35.582Z","chains":[{"chain":"ethereum","gas_gwei"
2026-07-28T19:44:37.596Z OK #433 /x402/web-fetch?url=https://example.com {"timestamp":"2026-07-28T19:44:37.509Z","url":"https://example.com","status":200
2026-07-28T19:44:39.559Z OK #434 /x402/news-headlines {"timestamp":"2026-07-28T19:44:39.473Z","q":"crypto OR bitcoin OR AI agents","co
2026-07-28T19:44:41.890Z OK #435 /x402/grants?keyword=ai {"source":"grants.gov/search2","total":138,"results":[{"id":"363121","number":"P
2026-07-28T19:44:43.585Z OK #436 /x402/treasury-yields {"source":"home.treasury.gov/yield-curve","month":"202607","latest":{"date":"202
2026-07-28T19:44:45.461Z OK #437 /x402/pha-lookup {"matches":[{"id":"nc-kinston-kha","name":"Kinston Housing Authority","hud_code"
2026-07-28T19:44:46.967Z OK #438 /x402/hcv-fmr {"area":"Lenoir County, NC","year":2025,"bedrooms":4,"fmr_monthly":1497,"schedul
2026-07-28T19:44:48.539Z OK #439 /x402/housing-windsor {"property":{"address":"1607 Windsor Rd","city":"Kinston","county":"Lenoir","sta
2026-07-28T19:44:50.187Z OK #440 /x402/domain-enrich?domain=example.com {"timestamp":"2026-07-28T19:44:50.103Z","domain":"example.com","ips":["172.66.14
2026-07-28T19:44:51.958Z OK #441 /x402/market?naics=541512 {"source":"usaspending.gov/api/v2","naics":"541512","window":{"start_date":"2023
2026-07-28T19:44:55.832Z OK #442 /x402/sec-8k?ticker=AAPL {"source":"sec.gov/EDGAR","ticker":"AAPL","company":"Apple Inc.","cik":"320193",
2026-07-28T19:44:57.518Z OK #443 /x402/fx-rate?base=USD&symbols=EUR {"source":"frankfurter.dev/v2/rates","data":[{"date":"2026-07-28","base":"USD","
2026-07-28T19:44:59.545Z OK #444 /x402/fx-rate?base=USD&symbols=JPY {"source":"frankfurter.dev/v2/rates","data":[{"date":"2026-07-28","base":"USD","
2026-07-28T19:45:01.392Z OK #445 /x402/gas-tracker {"timestamp":"2026-07-28T19:45:01.309Z","chains":[{"chain":"ethereum","gas_gwei"
2026-07-28T19:45:03.552Z OK #446 /x402/web-fetch?url=https://example.com {"timestamp":"2026-07-28T19:45:03.448Z","url":"https://example.com","status":200
2026-07-28T19:45:06.079Z OK #447 /x402/news-headlines {"timestamp":"2026-07-28T19:45:05.993Z","q":"crypto OR bitcoin OR AI agents","co
2026-07-28T19:45:07.976Z OK #448 /x402/grants?keyword=ai {"source":"grants.gov/search2","total":138,"results":[{"id":"363121","number":"P
2026-07-28T19:45:11.958Z OK #449 /x402/treasury-yields {"source":"home.treasury.gov/yield-curve","month":"202607","latest":{"date":"202
2026-07-28T19:45:13.629Z OK #450 /x402/pha-lookup {"matches":[{"id":"nc-kinston-kha","name":"Kinston Housing Authority","hud_code"
2026-07-28T19:45:15.407Z OK #451 /x402/hcv-fmr {"area":"Lenoir County, NC","year":2025,"bedrooms":4,"fmr_monthly":1497,"schedul
2026-07-28T19:45:16.888Z OK #452 /x402/housing-windsor {"property":{"address":"1607 Windsor Rd","city":"Kinston","county":"Lenoir","sta
2026-07-28T19:45:18.797Z OK #453 /x402/domain-enrich?domain=example.com {"timestamp":"2026-07-28T19:45:18.711Z","domain":"example.com","ips":["104.20.23
2026-07-28T19:45:20.831Z OK #454 /x402/market?naics=541512 {"source":"usaspending.gov/api/v2","naics":"541512","window":{"start_date":"2023
2026-07-28T19:45:22.669Z OK #455 /x402/sec-8k?ticker=AAPL {"source":"sec.gov/EDGAR","ticker":"AAPL","company":"Apple Inc.","cik":"320193",
2026-07-28T19:45:24.423Z OK #456 /x402/fx-rate?base=USD&symbols=EUR {"source":"frankfurter.dev/v2/rates","data":[{"date":"2026-07-28","base":"USD","
2026-07-28T19:45:26.256Z OK #457 /x402/fx-rate?base=USD&symbols=JPY {"source":"frankfurter.dev/v2/rates","data":[{"date":"2026-07-28","base":"USD","
2026-07-28T19:45:27.943Z OK #458 /x402/gas-tracker {"timestamp":"2026-07-28T19:45:27.859Z","chains":[{"chain":"ethereum","gas_gwei"
2026-07-28T19:45:29.507Z OK #459 /x402/web-fetch?url=https://example.com {"timestamp":"2026-07-28T19:45:29.422Z","url":"https://example.com","status":200
2026-07-28T19:45:31.500Z OK #460 /x402/news-headlines {"timestamp":"2026-07-28T19:45:31.416Z","q":"crypto OR bitcoin OR AI agents","co
2026-07-28T19:45:33.750Z OK #461 /x402/grants?keyword=ai {"source":"grants.gov/search2","total":138,"results":[{"id":"363121","number":"P
2026-07-28T19:45:35.746Z OK #462 /x402/treasury-yields {"source":"home.treasury.gov/yield-curve","month":"202607","latest":{"date":"202
2026-07-28T19:45:37.266Z OK #463 /x402/pha-lookup {"matches":[{"id":"nc-kinston-kha","name":"Kinston Housing Authority","hud_code"
2026-07-28T19:45:38.948Z OK #464 /x402/hcv-fmr {"area":"Lenoir County, NC","year":2025,"bedrooms":4,"fmr_monthly":1497,"schedul
2026-07-28T19:45:40.471Z OK #465 /x402/housing-windsor {"property":{"address":"1607 Windsor Rd","city":"Kinston","county":"Lenoir","sta
2026-07-28T19:45:42.369Z OK #466 /x402/domain-enrich?domain=example.com {"timestamp":"2026-07-28T19:45:42.285Z","domain":"example.com","ips":["172.66.14
2026-07-28T19:45:44.192Z OK #467 /x402/market?naics=541512 {"source":"usaspending.gov/api/v2","naics":"541512","window":{"start_date":"2023
2026-07-28T19:45:45.733Z OK #468 /x402/sec-8k?ticker=AAPL {"source":"sec.gov/EDGAR","ticker":"AAPL","company":"Apple Inc.","cik":"320193",
2026-07-28T19:45:47.353Z OK #469 /x402/fx-rate?base=USD&symbols=EUR {"source":"frankfurter.dev/v2/rates","data":[{"date":"2026-07-28","base":"USD","
2026-07-28T19:45:49.012Z OK #470 /x402/fx-rate?base=USD&symbols=JPY {"source":"frankfurter.dev/v2/rates","data":[{"date":"2026-07-28","base":"USD","
2026-07-28T19:45:50.813Z OK #471 /x402/gas-tracker {"timestamp":"2026-07-28T19:45:50.729Z","chains":[{"chain":"ethereum","gas_gwei"
2026-07-28T19:45:52.590Z OK #472 /x402/web-fetch?url=https://example.com {"timestamp":"2026-07-28T19:45:52.506Z","url":"https://example.com","status":200
2026-07-28T19:45:54.401Z OK #473 /x402/news-headlines {"timestamp":"2026-07-28T19:45:54.315Z","q":"crypto OR bitcoin OR AI agents","co
2026-07-28T19:45:56.252Z OK #474 /x402/grants?keyword=ai {"source":"grants.gov/search2","total":138,"results":[{"id":"363121","number":"P
2026-07-28T19:45:57.955Z OK #475 /x402/treasury-yields {"source":"home.treasury.gov/yield-curve","month":"202607","latest":{"date":"202
2026-07-28T19:45:59.699Z OK #476 /x402/pha-lookup {"matches":[{"id":"nc-kinston-kha","name":"Kinston Housing Authority","hud_code"
2026-07-28T19:46:01.819Z OK #477 /x402/hcv-fmr {"area":"Lenoir County, NC","year":2025,"bedrooms":4,"fmr_monthly":1497,"schedul
2026-07-28T19:46:03.443Z OK #478 /x402/housing-windsor {"property":{"address":"1607 Windsor Rd","city":"Kinston","county":"Lenoir","sta
2026-07-28T19:46:05.797Z OK #479 /x402/domain-enrich?domain=example.com {"timestamp":"2026-07-28T19:46:05.713Z","domain":"example.com","ips":["172.66.14
2026-07-28T19:46:07.650Z OK #480 /x402/market?naics=541512 {"source":"usaspending.gov/api/v2","naics":"541512","window":{"start_date":"2023
2026-07-28T19:46:09.376Z OK #481 /x402/sec-8k?ticker=AAPL {"source":"sec.gov/EDGAR","ticker":"AAPL","company":"Apple Inc.","cik":"320193",
2026-07-28T19:46:10.887Z OK #482 /x402/fx-rate?base=USD&symbols=EUR {"source":"frankfurter.dev/v2/rates","data":[{"date":"2026-07-28","base":"USD","
2026-07-28T19:46:12.523Z OK #483 /x402/fx-rate?base=USD&symbols=JPY {"source":"frankfurter.dev/v2/rates","data":[{"date":"2026-07-28","base":"USD","
2026-07-28T19:46:14.362Z OK #484 /x402/gas-tracker {"timestamp":"2026-07-28T19:46:14.278Z","chains":[{"chain":"ethereum","gas_gwei"
2026-07-28T19:46:15.972Z OK #485 /x402/web-fetch?url=https://example.com {"timestamp":"2026-07-28T19:46:15.888Z","url":"https://example.com","status":200
2026-07-28T19:46:17.604Z OK #486 /x402/news-headlines {"timestamp":"2026-07-28T19:46:17.518Z","q":"crypto OR bitcoin OR AI agents","co
2026-07-28T19:46:19.984Z OK #487 /x402/grants?keyword=ai {"source":"grants.gov/search2","total":138,"results":[{"id":"363121","number":"P
2026-07-28T19:46:21.680Z OK #488 /x402/treasury-yields {"source":"home.treasury.gov/yield-curve","month":"202607","latest":{"date":"202
2026-07-28T19:46:23.521Z OK #489 /x402/pha-lookup {"matches":[{"id":"nc-kinston-kha","name":"Kinston Housing Authority","hud_code"
2026-07-28T19:46:25.440Z OK #490 /x402/hcv-fmr {"area":"Lenoir County, NC","year":2025,"bedrooms":4,"fmr_monthly":1497,"schedul
2026-07-28T19:46:26.966Z OK #491 /x402/housing-windsor {"property":{"address":"1607 Windsor Rd","city":"Kinston","county":"Lenoir","sta
2026-07-28T19:46:28.774Z OK #492 /x402/domain-enrich?domain=example.com {"timestamp":"2026-07-28T19:46:28.689Z","domain":"example.com","ips":["172.66.14
2026-07-28T19:46:30.558Z OK #493 /x402/market?naics=541512 {"source":"usaspending.gov/api/v2","naics":"541512","window":{"start_date":"2023
2026-07-28T19:46:32.106Z OK #494 /x402/sec-8k?ticker=AAPL {"source":"sec.gov/EDGAR","ticker":"AAPL","company":"Apple Inc.","cik":"320193",
2026-07-28T19:46:33.788Z OK #495 /x402/fx-rate?base=USD&symbols=EUR {"source":"frankfurter.dev/v2/rates","data":[{"date":"2026-07-28","base":"USD","
2026-07-28T19:46:35.375Z OK #496 /x402/fx-rate?base=USD&symbols=JPY {"source":"frankfurter.dev/v2/rates","data":[{"date":"2026-07-28","base":"USD","
2026-07-28T19:46:36.956Z OK #497 /x402/gas-tracker {"timestamp":"2026-07-28T19:46:36.871Z","chains":[{"chain":"ethereum","gas_gwei"
2026-07-28T19:46:38.482Z OK #498 /x402/web-fetch?url=https://example.com {"timestamp":"2026-07-28T19:46:38.397Z","url":"https://example.com","status":200
2026-07-28T19:46:40.207Z OK #499 /x402/news-headlines {"timestamp":"2026-07-28T19:46:40.120Z","q":"crypto OR bitcoin OR AI agents","co
2026-07-28T19:46:42.189Z OK #500 /x402/grants?keyword=ai {"source":"grants.gov/search2","total":138,"results":[{"id":"363121","number":"P
2026-07-28T19:46:43.876Z OK #501 /x402/treasury-yields {"source":"home.treasury.gov/yield-curve","month":"202607","latest":{"date":"202
2026-07-28T19:46:45.545Z OK #502 /x402/pha-lookup {"matches":[{"id":"nc-kinston-kha","name":"Kinston Housing Authority","hud_code"
2026-07-28T19:46:47.723Z OK #503 /x402/hcv-fmr {"area":"Lenoir County, NC","year":2025,"bedrooms":4,"fmr_monthly":1497,"schedul
2026-07-28T19:46:49.563Z OK #504 /x402/housing-windsor {"property":{"address":"1607 Windsor Rd","city":"Kinston","county":"Lenoir","sta
2026-07-28T19:46:51.845Z OK #505 /x402/domain-enrich?domain=example.com {"timestamp":"2026-07-28T19:46:51.740Z","domain":"example.com","ips":["104.20.23
2026-07-28T19:46:53.570Z OK #506 /x402/market?naics=541512 {"source":"usaspending.gov/api/v2","naics":"541512","window":{"start_date":"2023
2026-07-28T19:46:55.694Z OK #507 /x402/sec-8k?ticker=AAPL {"source":"sec.gov/EDGAR","ticker":"AAPL","company":"Apple Inc.","cik":"320193",
2026-07-28T19:46:57.652Z OK #508 /x402/fx-rate?base=USD&symbols=EUR {"source":"frankfurter.dev/v2/rates","data":[{"date":"2026-07-28","base":"USD","
2026-07-28T19:46:59.397Z OK #509 /x402/fx-rate?base=USD&symbols=JPY {"source":"frankfurter.dev/v2/rates","data":[{"date":"2026-07-28","base":"USD","
2026-07-28T19:47:00.829Z OK #510 /x402/gas-tracker {"timestamp":"2026-07-28T19:47:00.745Z","chains":[{"chain":"ethereum","gas_gwei"
2026-07-28T19:47:02.597Z OK #511 /x402/web-fetch?url=https://example.com {"timestamp":"2026-07-28T19:47:02.514Z","url":"https://example.com","status":200
2026-07-28T19:47:04.394Z OK #512 /x402/news-headlines {"timestamp":"2026-07-28T19:47:04.309Z","q":"crypto OR bitcoin OR AI agents","co
2026-07-28T19:47:06.181Z OK #513 /x402/grants?keyword=ai {"source":"grants.gov/search2","total":138,"results":[{"id":"363121","number":"P
2026-07-28T19:47:07.936Z OK #514 /x402/treasury-yields {"source":"home.treasury.gov/yield-curve","month":"202607","latest":{"date":"202
2026-07-28T19:47:09.813Z OK #515 /x402/pha-lookup {"matches":[{"id":"nc-kinston-kha","name":"Kinston Housing Authority","hud_code"
2026-07-28T19:47:11.458Z OK #516 /x402/hcv-fmr {"area":"Lenoir County, NC","year":2025,"bedrooms":4,"fmr_monthly":1497,"schedul
2026-07-28T19:47:13.399Z OK #517 /x402/housing-windsor {"property":{"address":"1607 Windsor Rd","city":"Kinston","county":"Lenoir","sta
2026-07-28T19:47:15.122Z OK #518 /x402/domain-enrich?domain=example.com {"timestamp":"2026-07-28T19:47:15.038Z","domain":"example.com","ips":["104.20.23
2026-07-28T19:47:16.852Z OK #519 /x402/market?naics=541512 {"source":"usaspending.gov/api/v2","naics":"541512","window":{"start_date":"2023
2026-07-28T19:47:18.578Z OK #520 /x402/sec-8k?ticker=AAPL {"source":"sec.gov/EDGAR","ticker":"AAPL","company":"Apple Inc.","cik":"320193",
2026-07-28T19:47:20.670Z OK #521 /x402/fx-rate?base=USD&symbols=EUR {"source":"frankfurter.dev/v2/rates","data":[{"date":"2026-07-28","base":"USD","
2026-07-28T19:47:22.633Z OK #522 /x402/fx-rate?base=USD&symbols=JPY {"source":"frankfurter.dev/v2/rates","data":[{"date":"2026-07-28","base":"USD","
2026-07-28T19:47:24.342Z OK #523 /x402/gas-tracker {"timestamp":"2026-07-28T19:47:24.258Z","chains":[{"chain":"ethereum","gas_gwei"
2026-07-28T19:47:25.978Z OK #524 /x402/web-fetch?url=https://example.com {"timestamp":"2026-07-28T19:47:25.894Z","url":"https://example.com","status":200
2026-07-28T19:47:28.519Z OK #525 /x402/news-headlines {"timestamp":"2026-07-28T19:47:28.435Z","q":"crypto OR bitcoin OR AI agents","co
2026-07-28T19:47:30.621Z OK #526 /x402/grants?keyword=ai {"source":"grants.gov/search2","total":138,"results":[{"id":"363121","number":"P
2026-07-28T19:47:32.206Z OK #527 /x402/treasury-yields {"source":"home.treasury.gov/yield-curve","month":"202607","latest":{"date":"202
2026-07-28T19:47:33.702Z OK #528 /x402/pha-lookup {"matches":[{"id":"nc-kinston-kha","name":"Kinston Housing Authority","hud_code"
2026-07-28T19:47:35.527Z OK #529 /x402/hcv-fmr {"area":"Lenoir County, NC","year":2025,"bedrooms":4,"fmr_monthly":1497,"schedul
2026-07-28T19:47:37.404Z OK #530 /x402/housing-windsor {"property":{"address":"1607 Windsor Rd","city":"Kinston","county":"Lenoir","sta
2026-07-28T19:47:39.106Z OK #531 /x402/domain-enrich?domain=example.com {"timestamp":"2026-07-28T19:47:39.019Z","domain":"example.com","ips":["104.20.23
2026-07-28T19:47:40.839Z OK #532 /x402/market?naics=541512 {"source":"usaspending.gov/api/v2","naics":"541512","window":{"start_date":"2023
2026-07-28T19:47:42.530Z OK #533 /x402/sec-8k?ticker=AAPL {"source":"sec.gov/EDGAR","ticker":"AAPL","company":"Apple Inc.","cik":"320193",
2026-07-28T19:47:44.087Z OK #534 /x402/fx-rate?base=USD&symbols=EUR {"source":"frankfurter.dev/v2/rates","data":[{"date":"2026-07-28","base":"USD","
2026-07-28T19:47:45.703Z OK #535 /x402/fx-rate?base=USD&symbols=JPY {"source":"frankfurter.dev/v2/rates","data":[{"date":"2026-07-28","base":"USD","
2026-07-28T19:47:47.557Z OK #536 /x402/gas-tracker {"timestamp":"2026-07-28T19:47:47.469Z","chains":[{"chain":"ethereum","gas_gwei"
2026-07-28T19:47:49.412Z OK #537 /x402/web-fetch?url=https://example.com {"timestamp":"2026-07-28T19:47:49.328Z","url":"https://example.com","status":200
2026-07-28T19:47:50.995Z OK #538 /x402/news-headlines {"timestamp":"2026-07-28T19:47:50.910Z","q":"crypto OR bitcoin OR AI agents","co
2026-07-28T19:47:52.841Z OK #539 /x402/grants?keyword=ai {"source":"grants.gov/search2","total":138,"results":[{"id":"363121","number":"P
2026-07-28T19:47:54.555Z OK #540 /x402/treasury-yields {"source":"home.treasury.gov/yield-curve","month":"202607","latest":{"date":"202
2026-07-28T19:47:56.012Z OK #541 /x402/pha-lookup {"matches":[{"id":"nc-kinston-kha","name":"Kinston Housing Authority","hud_code"
2026-07-28T19:47:57.642Z OK #542 /x402/hcv-fmr {"area":"Lenoir County, NC","year":2025,"bedrooms":4,"fmr_monthly":1497,"schedul
2026-07-28T19:47:59.719Z OK #543 /x402/housing-windsor {"property":{"address":"1607 Windsor Rd","city":"Kinston","county":"Lenoir","sta
2026-07-28T19:48:01.612Z OK #544 /x402/domain-enrich?domain=example.com {"timestamp":"2026-07-28T19:48:01.527Z","domain":"example.com","ips":["172.66.14
2026-07-28T19:48:03.608Z OK #545 /x402/market?naics=541512 {"source":"usaspending.gov/api/v2","naics":"541512","window":{"start_date":"2023
2026-07-28T19:48:05.561Z OK #546 /x402/sec-8k?ticker=AAPL {"source":"sec.gov/EDGAR","ticker":"AAPL","company":"Apple Inc.","cik":"320193",
2026-07-28T19:48:07.364Z OK #547 /x402/fx-rate?base=USD&symbols=EUR {"source":"frankfurter.dev/v2/rates","data":[{"date":"2026-07-28","base":"USD","
2026-07-28T19:48:09.019Z OK #548 /x402/fx-rate?base=USD&symbols=JPY {"source":"frankfurter.dev/v2/rates","data":[{"date":"2026-07-28","base":"USD","
2026-07-28T19:48:10.675Z OK #549 /x402/gas-tracker {"timestamp":"2026-07-28T19:48:10.591Z","chains":[{"chain":"ethereum","gas_gwei"
2026-07-28T19:48:12.433Z OK #550 /x402/web-fetch?url=https://example.com {"timestamp":"2026-07-28T19:48:12.345Z","url":"https://example.com","status":200
2026-07-28T19:48:14.259Z OK #551 /x402/news-headlines {"timestamp":"2026-07-28T19:48:14.153Z","q":"crypto OR bitcoin OR AI agents","co
2026-07-28T19:48:16.216Z OK #552 /x402/grants?keyword=ai {"source":"grants.gov/search2","total":138,"results":[{"id":"363121","number":"P
2026-07-28T19:48:17.907Z OK #553 /x402/treasury-yields {"source":"home.treasury.gov/yield-curve","month":"202607","latest":{"date":"202
2026-07-28T19:48:19.759Z OK #554 /x402/pha-lookup {"matches":[{"id":"nc-kinston-kha","name":"Kinston Housing Authority","hud_code"
2026-07-28T19:48:21.286Z OK #555 /x402/hcv-fmr {"area":"Lenoir County, NC","year":2025,"bedrooms":4,"fmr_monthly":1497,"schedul
2026-07-28T19:48:23.396Z OK #556 /x402/housing-windsor {"property":{"address":"1607 Windsor Rd","city":"Kinston","county":"Lenoir","sta
2026-07-28T19:48:25.183Z OK #557 /x402/domain-enrich?domain=example.com {"timestamp":"2026-07-28T19:48:25.080Z","domain":"example.com","ips":["172.66.14
2026-07-28T19:48:26.967Z OK #558 /x402/market?naics=541512 {"source":"usaspending.gov/api/v2","naics":"541512","window":{"start_date":"2023
2026-07-28T19:48:28.545Z OK #559 /x402/sec-8k?ticker=AAPL {"source":"sec.gov/EDGAR","ticker":"AAPL","company":"Apple Inc.","cik":"320193",
2026-07-28T19:48:30.283Z OK #560 /x402/fx-rate?base=USD&symbols=EUR {"source":"frankfurter.dev/v2/rates","data":[{"date":"2026-07-28","base":"USD","
2026-07-28T19:48:31.880Z OK #561 /x402/fx-rate?base=USD&symbols=JPY {"source":"frankfurter.dev/v2/rates","data":[{"date":"2026-07-28","base":"USD","
2026-07-28T19:48:33.553Z OK #562 /x402/gas-tracker {"timestamp":"2026-07-28T19:48:33.470Z","chains":[{"chain":"ethereum","gas_gwei"
2026-07-28T19:48:35.521Z OK #563 /x402/web-fetch?url=https://example.com {"timestamp":"2026-07-28T19:48:35.437Z","url":"https://example.com","status":200
2026-07-28T19:48:37.661Z OK #564 /x402/news-headlines {"timestamp":"2026-07-28T19:48:37.575Z","q":"crypto OR bitcoin OR AI agents","co
2026-07-28T19:48:39.586Z OK #565 /x402/grants?keyword=ai {"source":"grants.gov/search2","total":138,"results":[{"id":"363121","number":"P
2026-07-28T19:48:41.591Z OK #566 /x402/treasury-yields {"source":"home.treasury.gov/yield-curve","month":"202607","latest":{"date":"202
2026-07-28T19:48:43.420Z OK #567 /x402/pha-lookup {"matches":[{"id":"nc-kinston-kha","name":"Kinston Housing Authority","hud_code"
2026-07-28T19:48:45.257Z OK #568 /x402/hcv-fmr {"area":"Lenoir County, NC","year":2025,"bedrooms":4,"fmr_monthly":1497,"schedul
2026-07-28T19:48:46.873Z OK #569 /x402/housing-windsor {"property":{"address":"1607 Windsor Rd","city":"Kinston","county":"Lenoir","sta
2026-07-28T19:48:48.730Z OK #570 /x402/domain-enrich?domain=example.com {"timestamp":"2026-07-28T19:48:48.643Z","domain":"example.com","ips":["104.20.23
2026-07-28T19:48:50.501Z OK #571 /x402/market?naics=541512 {"source":"usaspending.gov/api/v2","naics":"541512","window":{"start_date":"2023
2026-07-28T19:48:52.718Z OK #572 /x402/sec-8k?ticker=AAPL {"source":"sec.gov/EDGAR","ticker":"AAPL","company":"Apple Inc.","cik":"320193",
2026-07-28T19:48:54.190Z OK #573 /x402/fx-rate?base=USD&symbols=EUR {"source":"frankfurter.dev/v2/rates","data":[{"date":"2026-07-28","base":"USD","
2026-07-28T19:48:55.825Z OK #574 /x402/fx-rate?base=USD&symbols=JPY {"source":"frankfurter.dev/v2/rates","data":[{"date":"2026-07-28","base":"USD","
2026-07-28T19:48:57.570Z OK #575 /x402/gas-tracker {"timestamp":"2026-07-28T19:48:57.482Z","chains":[{"chain":"ethereum","gas_gwei"
2026-07-28T19:48:59.740Z OK #576 /x402/web-fetch?url=https://example.com {"timestamp":"2026-07-28T19:48:59.652Z","url":"https://example.com","status":200
2026-07-28T19:49:01.673Z OK #577 /x402/news-headlines {"timestamp":"2026-07-28T19:49:01.589Z","q":"crypto OR bitcoin OR AI agents","co
2026-07-28T19:49:03.766Z OK #578 /x402/grants?keyword=ai {"source":"grants.gov/search2","total":138,"results":[{"id":"363121","number":"P
2026-07-28T19:49:05.431Z OK #579 /x402/treasury-yields {"source":"home.treasury.gov/yield-curve","month":"202607","latest":{"date":"202
2026-07-28T19:49:07.335Z OK #580 /x402/pha-lookup {"matches":[{"id":"nc-kinston-kha","name":"Kinston Housing Authority","hud_code"
2026-07-28T19:49:08.897Z OK #581 /x402/hcv-fmr {"area":"Lenoir County, NC","year":2025,"bedrooms":4,"fmr_monthly":1497,"schedul
2026-07-28T19:49:10.359Z OK #582 /x402/housing-windsor {"property":{"address":"1607 Windsor Rd","city":"Kinston","county":"Lenoir","sta
2026-07-28T19:49:12.317Z OK #583 /x402/domain-enrich?domain=example.com {"timestamp":"2026-07-28T19:49:12.232Z","domain":"example.com","ips":["104.20.23
2026-07-28T19:49:14.090Z OK #584 /x402/market?naics=541512 {"source":"usaspending.gov/api/v2","naics":"541512","window":{"start_date":"2023
2026-07-28T19:49:15.833Z OK #585 /x402/sec-8k?ticker=AAPL {"source":"sec.gov/EDGAR","ticker":"AAPL","company":"Apple Inc.","cik":"320193",
2026-07-28T19:49:17.462Z OK #586 /x402/fx-rate?base=USD&symbols=EUR {"source":"frankfurter.dev/v2/rates","data":[{"date":"2026-07-28","base":"USD","
2026-07-28T19:49:19.523Z OK #587 /x402/fx-rate?base=USD&symbols=JPY {"source":"frankfurter.dev/v2/rates","data":[{"date":"2026-07-28","base":"USD","
2026-07-28T19:49:21.570Z OK #588 /x402/gas-tracker {"timestamp":"2026-07-28T19:49:21.482Z","chains":[{"chain":"ethereum","gas_gwei"
2026-07-28T19:49:23.621Z OK #589 /x402/web-fetch?url=https://example.com {"timestamp":"2026-07-28T19:49:23.510Z","url":"https://example.com","status":200
2026-07-28T19:49:25.609Z OK #590 /x402/news-headlines {"timestamp":"2026-07-28T19:49:25.525Z","q":"crypto OR bitcoin OR AI agents","co
2026-07-28T19:49:27.658Z OK #591 /x402/grants?keyword=ai {"source":"grants.gov/search2","total":138,"results":[{"id":"363121","number":"P
2026-07-28T19:49:29.618Z OK #592 /x402/treasury-yields {"source":"home.treasury.gov/yield-curve","month":"202607","latest":{"date":"202
2026-07-28T19:49:31.767Z OK #593 /x402/pha-lookup {"matches":[{"id":"nc-kinston-kha","name":"Kinston Housing Authority","hud_code"
2026-07-28T19:49:33.560Z OK #594 /x402/hcv-fmr {"area":"Lenoir County, NC","year":2025,"bedrooms":4,"fmr_monthly":1497,"schedul
2026-07-28T19:49:35.754Z OK #595 /x402/housing-windsor {"property":{"address":"1607 Windsor Rd","city":"Kinston","county":"Lenoir","sta
2026-07-28T19:49:37.658Z OK #596 /x402/domain-enrich?domain=example.com {"timestamp":"2026-07-28T19:49:37.574Z","domain":"example.com","ips":["172.66.14
2026-07-28T19:49:39.479Z OK #597 /x402/market?naics=541512 {"source":"usaspending.gov/api/v2","naics":"541512","window":{"start_date":"2023
2026-07-28T19:49:41.687Z OK #598 /x402/sec-8k?ticker=AAPL {"source":"sec.gov/EDGAR","ticker":"AAPL","company":"Apple Inc.","cik":"320193",
2026-07-28T19:49:43.492Z OK #599 /x402/fx-rate?base=USD&symbols=EUR {"source":"frankfurter.dev/v2/rates","data":[{"date":"2026-07-28","base":"USD","
2026-07-28T19:49:45.267Z OK #600 /x402/fx-rate?base=USD&symbols=JPY {"source":"frankfurter.dev/v2/rates","data":[{"date":"2026-07-28","base":"USD","
2026-07-28T19:49:46.923Z OK #601 /x402/gas-tracker {"timestamp":"2026-07-28T19:49:46.840Z","chains":[{"chain":"ethereum","gas_gwei"
2026-07-28T19:49:48.460Z OK #602 /x402/web-fetch?url=https://example.com {"timestamp":"2026-07-28T19:49:48.377Z","url":"https://example.com","status":200
2026-07-28T19:49:50.608Z OK #603 /x402/news-headlines {"timestamp":"2026-07-28T19:49:50.524Z","q":"crypto OR bitcoin OR AI agents","co
2026-07-28T19:49:52.776Z OK #604 /x402/grants?keyword=ai {"source":"grants.gov/search2","total":138,"results":[{"id":"363121","number":"P
2026-07-28T19:49:54.380Z OK #605 /x402/treasury-yields {"source":"home.treasury.gov/yield-curve","month":"202607","latest":{"date":"202
2026-07-28T19:49:55.846Z OK #606 /x402/pha-lookup {"matches":[{"id":"nc-kinston-kha","name":"Kinston Housing Authority","hud_code"
2026-07-28T19:49:57.392Z OK #607 /x402/hcv-fmr {"area":"Lenoir County, NC","year":2025,"bedrooms":4,"fmr_monthly":1497,"schedul
2026-07-28T19:49:58.954Z OK #608 /x402/housing-windsor {"property":{"address":"1607 Windsor Rd","city":"Kinston","county":"Lenoir","sta
2026-07-28T19:50:00.953Z OK #609 /x402/domain-enrich?domain=example.com {"timestamp":"2026-07-28T19:50:00.849Z","domain":"example.com","ips":["104.20.23
2026-07-28T19:50:02.867Z OK #610 /x402/market?naics=541512 {"source":"usaspending.gov/api/v2","naics":"541512","window":{"start_date":"2023
2026-07-28T19:50:04.564Z OK #611 /x402/sec-8k?ticker=AAPL {"source":"sec.gov/EDGAR","ticker":"AAPL","company":"Apple Inc.","cik":"320193",
2026-07-28T19:50:06.129Z OK #612 /x402/fx-rate?base=USD&symbols=EUR {"source":"frankfurter.dev/v2/rates","data":[{"date":"2026-07-28","base":"USD","
2026-07-28T19:50:08.098Z OK #613 /x402/fx-rate?base=USD&symbols=JPY {"source":"frankfurter.dev/v2/rates","data":[{"date":"2026-07-28","base":"USD","
2026-07-28T19:50:09.720Z OK #614 /x402/gas-tracker {"timestamp":"2026-07-28T19:50:09.632Z","chains":[{"chain":"ethereum","gas_gwei"
2026-07-28T19:50:11.711Z OK #615 /x402/web-fetch?url=https://example.com {"timestamp":"2026-07-28T19:50:11.628Z","url":"https://example.com","status":200
2026-07-28T19:50:13.532Z OK #616 /x402/news-headlines {"timestamp":"2026-07-28T19:50:13.447Z","q":"crypto OR bitcoin OR AI agents","co
2026-07-28T19:50:15.733Z OK #617 /x402/grants?keyword=ai {"source":"grants.gov/search2","total":138,"results":[{"id":"363121","number":"P
2026-07-28T19:50:17.369Z OK #618 /x402/treasury-yields {"source":"home.treasury.gov/yield-curve","month":"202607","latest":{"date":"202
2026-07-28T19:50:18.953Z OK #619 /x402/pha-lookup {"matches":[{"id":"nc-kinston-kha","name":"Kinston Housing Authority","hud_code"
2026-07-28T19:50:20.539Z OK #620 /x402/hcv-fmr {"area":"Lenoir County, NC","year":2025,"bedrooms":4,"fmr_monthly":1497,"schedul
2026-07-28T19:50:22.093Z OK #621 /x402/housing-windsor {"property":{"address":"1607 Windsor Rd","city":"Kinston","county":"Lenoir","sta
2026-07-28T19:50:24.018Z OK #622 /x402/domain-enrich?domain=example.com {"timestamp":"2026-07-28T19:50:23.934Z","domain":"example.com","ips":["104.20.23
2026-07-28T19:50:25.951Z OK #623 /x402/market?naics=541512 {"source":"usaspending.gov/api/v2","naics":"541512","window":{"start_date":"2023
2026-07-28T19:50:27.549Z OK #624 /x402/sec-8k?ticker=AAPL {"source":"sec.gov/EDGAR","ticker":"AAPL","company":"Apple Inc.","cik":"320193",
2026-07-28T19:50:29.468Z OK #625 /x402/fx-rate?base=USD&symbols=EUR {"source":"frankfurter.dev/v2/rates","data":[{"date":"2026-07-28","base":"USD","
2026-07-28T19:50:31.296Z OK #626 /x402/fx-rate?base=USD&symbols=JPY {"source":"frankfurter.dev/v2/rates","data":[{"date":"2026-07-28","base":"USD","
2026-07-28T19:50:32.944Z OK #627 /x402/gas-tracker {"timestamp":"2026-07-28T19:50:32.860Z","chains":[{"chain":"ethereum","gas_gwei"
2026-07-28T19:50:34.444Z OK #628 /x402/web-fetch?url=https://example.com {"timestamp":"2026-07-28T19:50:34.360Z","url":"https://example.com","status":200
2026-07-28T19:50:36.151Z OK #629 /x402/news-headlines {"timestamp":"2026-07-28T19:50:36.067Z","q":"crypto OR bitcoin OR AI agents","co
2026-07-28T19:50:38.050Z OK #630 /x402/grants?keyword=ai {"source":"grants.gov/search2","total":138,"results":[{"id":"363121","number":"P
2026-07-28T19:50:39.769Z OK #631 /x402/treasury-yields {"source":"home.treasury.gov/yield-curve","month":"202607","latest":{"date":"202
2026-07-28T19:50:41.733Z OK #632 /x402/pha-lookup {"matches":[{"id":"nc-kinston-kha","name":"Kinston Housing Authority","hud_code"
2026-07-28T19:50:43.540Z OK #633 /x402/hcv-fmr {"area":"Lenoir County, NC","year":2025,"bedrooms":4,"fmr_monthly":1497,"schedul
2026-07-28T19:50:45.545Z OK #634 /x402/housing-windsor {"property":{"address":"1607 Windsor Rd","city":"Kinston","county":"Lenoir","sta
2026-07-28T19:50:47.682Z OK #635 /x402/domain-enrich?domain=example.com {"timestamp":"2026-07-28T19:50:47.597Z","domain":"example.com","ips":["104.20.23
2026-07-28T19:50:49.596Z OK #636 /x402/market?naics=541512 {"source":"usaspending.gov/api/v2","naics":"541512","window":{"start_date":"2023
2026-07-28T19:50:51.556Z OK #637 /x402/sec-8k?ticker=AAPL {"source":"sec.gov/EDGAR","ticker":"AAPL","company":"Apple Inc.","cik":"320193",
2026-07-28T19:50:53.492Z OK #638 /x402/fx-rate?base=USD&symbols=EUR {"source":"frankfurter.dev/v2/rates","data":[{"date":"2026-07-28","base":"USD","
2026-07-28T19:50:55.314Z OK #639 /x402/fx-rate?base=USD&symbols=JPY {"source":"frankfurter.dev/v2/rates","data":[{"date":"2026-07-28","base":"USD","
2026-07-28T19:50:57.070Z OK #640 /x402/gas-tracker {"timestamp":"2026-07-28T19:50:56.986Z","chains":[{"chain":"ethereum","gas_gwei"
2026-07-28T19:50:58.665Z OK #641 /x402/web-fetch?url=https://example.com {"timestamp":"2026-07-28T19:50:58.581Z","url":"https://example.com","status":200
2026-07-28T19:51:00.285Z OK #642 /x402/news-headlines {"timestamp":"2026-07-28T19:51:00.200Z","q":"crypto OR bitcoin OR AI agents","co
2026-07-28T19:51:02.447Z OK #643 /x402/grants?keyword=ai {"source":"grants.gov/search2","total":138,"results":[{"id":"363121","number":"P
2026-07-28T19:51:04.067Z OK #644 /x402/treasury-yields {"source":"home.treasury.gov/yield-curve","month":"202607","latest":{"date":"202
2026-07-28T19:51:05.593Z OK #645 /x402/pha-lookup {"matches":[{"id":"nc-kinston-kha","name":"Kinston Housing Authority","hud_code"
2026-07-28T19:51:07.350Z OK #646 /x402/hcv-fmr {"area":"Lenoir County, NC","year":2025,"bedrooms":4,"fmr_monthly":1497,"schedul
2026-07-28T19:51:08.942Z OK #647 /x402/housing-windsor {"property":{"address":"1607 Windsor Rd","city":"Kinston","county":"Lenoir","sta
2026-07-28T19:51:10.701Z OK #648 /x402/domain-enrich?domain=example.com {"timestamp":"2026-07-28T19:51:10.617Z","domain":"example.com","ips":["104.20.23
2026-07-28T19:51:12.982Z OK #649 /x402/market?naics=541512 {"source":"usaspending.gov/api/v2","naics":"541512","window":{"start_date":"2023
2026-07-28T19:51:14.728Z OK #650 /x402/sec-8k?ticker=AAPL {"source":"sec.gov/EDGAR","ticker":"AAPL","company":"Apple Inc.","cik":"320193",
2026-07-28T19:51:16.320Z OK #651 /x402/fx-rate?base=USD&symbols=EUR {"source":"frankfurter.dev/v2/rates","data":[{"date":"2026-07-28","base":"USD","
2026-07-28T19:51:17.969Z OK #652 /x402/fx-rate?base=USD&symbols=JPY {"source":"frankfurter.dev/v2/rates","data":[{"date":"2026-07-28","base":"USD","
2026-07-28T19:51:19.645Z OK #653 /x402/gas-tracker {"timestamp":"2026-07-28T19:51:19.561Z","chains":[{"chain":"ethereum","gas_gwei"
2026-07-28T19:51:21.426Z OK #654 /x402/web-fetch?url=https://example.com {"timestamp":"2026-07-28T19:51:21.342Z","url":"https://example.com","status":200
2026-07-28T19:51:23.522Z OK #655 /x402/news-headlines {"timestamp":"2026-07-28T19:51:23.437Z","q":"crypto OR bitcoin OR AI agents","co
2026-07-28T19:51:25.837Z OK #656 /x402/grants?keyword=ai {"source":"grants.gov/search2","total":138,"results":[{"id":"363121","number":"P
2026-07-28T19:51:27.447Z OK #657 /x402/treasury-yields {"source":"home.treasury.gov/yield-curve","month":"202607","latest":{"date":"202
2026-07-28T19:51:29.369Z OK #658 /x402/pha-lookup {"matches":[{"id":"nc-kinston-kha","name":"Kinston Housing Authority","hud_code"
2026-07-28T19:51:31.242Z OK #659 /x402/hcv-fmr {"area":"Lenoir County, NC","year":2025,"bedrooms":4,"fmr_monthly":1497,"schedul
2026-07-28T19:51:32.724Z OK #660 /x402/housing-windsor {"property":{"address":"1607 Windsor Rd","city":"Kinston","county":"Lenoir","sta
2026-07-28T19:51:34.632Z OK #661 /x402/domain-enrich?domain=example.com {"timestamp":"2026-07-28T19:51:34.547Z","domain":"example.com","ips":["172.66.14
2026-07-28T19:51:36.269Z OK #662 /x402/market?naics=541512 {"source":"usaspending.gov/api/v2","naics":"541512","window":{"start_date":"2023
2026-07-28T19:51:38.024Z OK #663 /x402/sec-8k?ticker=AAPL {"source":"sec.gov/EDGAR","ticker":"AAPL","company":"Apple Inc.","cik":"320193",
2026-07-28T19:51:39.683Z OK #664 /x402/fx-rate?base=USD&symbols=EUR {"source":"frankfurter.dev/v2/rates","data":[{"date":"2026-07-28","base":"USD","
2026-07-28T19:51:41.437Z OK #665 /x402/fx-rate?base=USD&symbols=JPY {"source":"frankfurter.dev/v2/rates","data":[{"date":"2026-07-28","base":"USD","
2026-07-28T19:51:43.501Z OK #666 /x402/gas-tracker {"timestamp":"2026-07-28T19:51:43.418Z","chains":[{"chain":"ethereum","gas_gwei"
2026-07-28T19:51:45.477Z OK #667 /x402/web-fetch?url=https://example.com {"timestamp":"2026-07-28T19:51:45.393Z","url":"https://example.com","status":200
2026-07-28T19:51:47.530Z OK #668 /x402/news-headlines {"timestamp":"2026-07-28T19:51:47.445Z","q":"crypto OR bitcoin OR AI agents","co
2026-07-28T19:51:49.607Z OK #669 /x402/grants?keyword=ai {"source":"grants.gov/search2","total":138,"results":[{"id":"363121","number":"P
2026-07-28T19:51:51.676Z OK #670 /x402/treasury-yields {"source":"home.treasury.gov/yield-curve","month":"202607","latest":{"date":"202
2026-07-28T19:51:53.633Z OK #671 /x402/pha-lookup {"matches":[{"id":"nc-kinston-kha","name":"Kinston Housing Authority","hud_code"
2026-07-28T19:51:55.512Z OK #672 /x402/hcv-fmr {"area":"Lenoir County, NC","year":2025,"bedrooms":4,"fmr_monthly":1497,"schedul
2026-07-28T19:51:57.349Z OK #673 /x402/housing-windsor {"property":{"address":"1607 Windsor Rd","city":"Kinston","county":"Lenoir","sta
2026-07-28T19:51:59.557Z OK #674 /x402/domain-enrich?domain=example.com {"timestamp":"2026-07-28T19:51:59.473Z","domain":"example.com","ips":["104.20.23
2026-07-28T19:52:01.502Z OK #675 /x402/market?naics=541512 {"source":"usaspending.gov/api/v2","naics":"541512","window":{"start_date":"2023
2026-07-28T19:52:03.644Z OK #676 /x402/sec-8k?ticker=AAPL {"source":"sec.gov/EDGAR","ticker":"AAPL","company":"Apple Inc.","cik":"320193",
2026-07-28T19:52:05.479Z OK #677 /x402/fx-rate?base=USD&symbols=EUR {"source":"frankfurter.dev/v2/rates","data":[{"date":"2026-07-28","base":"USD","
2026-07-28T19:52:07.331Z OK #678 /x402/fx-rate?base=USD&symbols=JPY {"source":"frankfurter.dev/v2/rates","data":[{"date":"2026-07-28","base":"USD","
2026-07-28T19:52:08.897Z OK #679 /x402/gas-tracker {"timestamp":"2026-07-28T19:52:08.813Z","chains":[{"chain":"ethereum","gas_gwei"
2026-07-28T19:52:10.411Z OK #680 /x402/web-fetch?url=https://example.com {"timestamp":"2026-07-28T19:52:10.323Z","url":"https://example.com","status":200
2026-07-28T19:52:12.228Z OK #681 /x402/news-headlines {"timestamp":"2026-07-28T19:52:12.144Z","q":"crypto OR bitcoin OR AI agents","co
2026-07-28T19:52:14.291Z OK #682 /x402/grants?keyword=ai {"source":"grants.gov/search2","total":138,"results":[{"id":"363121","number":"P
2026-07-28T19:52:16.095Z OK #683 /x402/treasury-yields {"source":"home.treasury.gov/yield-curve","month":"202607","latest":{"date":"202
2026-07-28T19:52:17.648Z OK #684 /x402/pha-lookup {"matches":[{"id":"nc-kinston-kha","name":"Kinston Housing Authority","hud_code"
2026-07-28T19:52:19.589Z OK #685 /x402/hcv-fmr {"area":"Lenoir County, NC","year":2025,"bedrooms":4,"fmr_monthly":1497,"schedul
2026-07-28T19:52:21.277Z OK #686 /x402/housing-windsor {"property":{"address":"1607 Windsor Rd","city":"Kinston","county":"Lenoir","sta
2026-07-28T19:52:23.006Z OK #687 /x402/domain-enrich?domain=example.com {"timestamp":"2026-07-28T19:52:22.922Z","domain":"example.com","ips":["172.66.14
2026-07-28T19:52:24.899Z OK #688 /x402/market?naics=541512 {"source":"usaspending.gov/api/v2","naics":"541512","window":{"start_date":"2023
2026-07-28T19:52:26.632Z OK #689 /x402/sec-8k?ticker=AAPL {"source":"sec.gov/EDGAR","ticker":"AAPL","company":"Apple Inc.","cik":"320193",
2026-07-28T19:52:28.443Z OK #690 /x402/fx-rate?base=USD&symbols=EUR {"source":"frankfurter.dev/v2/rates","data":[{"date":"2026-07-28","base":"USD","
2026-07-28T19:52:30.046Z OK #691 /x402/fx-rate?base=USD&symbols=JPY {"source":"frankfurter.dev/v2/rates","data":[{"date":"2026-07-28","base":"USD","
2026-07-28T19:52:31.693Z OK #692 /x402/gas-tracker {"timestamp":"2026-07-28T19:52:31.610Z","chains":[{"chain":"ethereum","gas_gwei"
2026-07-28T19:52:33.306Z OK #693 /x402/web-fetch?url=https://example.com {"timestamp":"2026-07-28T19:52:33.222Z","url":"https://example.com","status":200
2026-07-28T19:52:35.319Z OK #694 /x402/news-headlines {"timestamp":"2026-07-28T19:52:35.235Z","q":"crypto OR bitcoin OR AI agents","co
2026-07-28T19:52:37.142Z OK #695 /x402/grants?keyword=ai {"source":"grants.gov/search2","total":138,"results":[{"id":"363121","number":"P
2026-07-28T19:52:39.095Z OK #696 /x402/treasury-yields {"source":"home.treasury.gov/yield-curve","month":"202607","latest":{"date":"202
2026-07-28T19:52:40.701Z OK #697 /x402/pha-lookup {"matches":[{"id":"nc-kinston-kha","name":"Kinston Housing Authority","hud_code"
2026-07-28T19:52:42.309Z OK #698 /x402/hcv-fmr {"area":"Lenoir County, NC","year":2025,"bedrooms":4,"fmr_monthly":1497,"schedul
2026-07-28T19:52:43.891Z OK #699 /x402/housing-windsor {"property":{"address":"1607 Windsor Rd","city":"Kinston","county":"Lenoir","sta
2026-07-28T19:52:46.094Z OK #700 /x402/domain-enrich?domain=example.com {"timestamp":"2026-07-28T19:52:46.010Z","domain":"example.com","ips":["104.20.23
2026-07-28T19:52:48.117Z OK #701 /x402/market?naics=541512 {"source":"usaspending.gov/api/v2","naics":"541512","window":{"start_date":"2023
2026-07-28T19:52:50.027Z OK #702 /x402/sec-8k?ticker=AAPL {"source":"sec.gov/EDGAR","ticker":"AAPL","company":"Apple Inc.","cik":"320193",
2026-07-28T19:52:51.944Z OK #703 /x402/fx-rate?base=USD&symbols=EUR {"source":"frankfurter.dev/v2/rates","data":[{"date":"2026-07-28","base":"USD","
2026-07-28T19:52:54.031Z OK #704 /x402/fx-rate?base=USD&symbols=JPY {"source":"frankfurter.dev/v2/rates","data":[{"date":"2026-07-28","base":"USD","
2026-07-28T19:52:55.777Z OK #705 /x402/gas-tracker {"timestamp":"2026-07-28T19:52:55.693Z","chains":[{"chain":"ethereum","gas_gwei"
2026-07-28T19:52:57.361Z OK #706 /x402/web-fetch?url=https://example.com {"timestamp":"2026-07-28T19:52:57.273Z","url":"https://example.com","status":200
2026-07-28T19:52:59.367Z OK #707 /x402/news-headlines {"timestamp":"2026-07-28T19:52:59.277Z","q":"crypto OR bitcoin OR AI agents","co
2026-07-28T19:53:01.253Z OK #708 /x402/grants?keyword=ai {"source":"grants.gov/search2","total":138,"results":[{"id":"363121","number":"P
2026-07-28T19:53:02.900Z OK #709 /x402/treasury-yields {"source":"home.treasury.gov/yield-curve","month":"202607","latest":{"date":"202
2026-07-28T19:53:04.651Z OK #710 /x402/pha-lookup {"matches":[{"id":"nc-kinston-kha","name":"Kinston Housing Authority","hud_code"
2026-07-28T19:53:06.561Z OK #711 /x402/hcv-fmr {"area":"Lenoir County, NC","year":2025,"bedrooms":4,"fmr_monthly":1497,"schedul
2026-07-28T19:53:08.247Z OK #712 /x402/housing-windsor {"property":{"address":"1607 Windsor Rd","city":"Kinston","county":"Lenoir","sta
2026-07-28T19:53:10.558Z OK #713 /x402/domain-enrich?domain=example.com {"timestamp":"2026-07-28T19:53:10.454Z","domain":"example.com","ips":["104.20.23
2026-07-28T19:53:12.362Z OK #714 /x402/market?naics=541512 {"source":"usaspending.gov/api/v2","naics":"541512","window":{"start_date":"2023
2026-07-28T19:53:14.183Z OK #715 /x402/sec-8k?ticker=AAPL {"source":"sec.gov/EDGAR","ticker":"AAPL","company":"Apple Inc.","cik":"320193",
2026-07-28T19:53:15.682Z OK #716 /x402/fx-rate?base=USD&symbols=EUR {"source":"frankfurter.dev/v2/rates","data":[{"date":"2026-07-28","base":"USD","
2026-07-28T19:53:17.354Z OK #717 /x402/fx-rate?base=USD&symbols=JPY {"source":"frankfurter.dev/v2/rates","data":[{"date":"2026-07-28","base":"USD","
2026-07-28T19:53:19.487Z OK #718 /x402/gas-tracker {"timestamp":"2026-07-28T19:53:19.401Z","chains":[{"chain":"ethereum","gas_gwei"
2026-07-28T19:53:21.486Z OK #719 /x402/web-fetch?url=https://example.com {"timestamp":"2026-07-28T19:53:21.383Z","url":"https://example.com","status":200
2026-07-28T19:53:23.124Z OK #720 /x402/news-headlines {"timestamp":"2026-07-28T19:53:23.040Z","q":"crypto OR bitcoin OR AI agents","co
2026-07-28T19:53:25.110Z OK #721 /x402/grants?keyword=ai {"source":"grants.gov/search2","total":138,"results":[{"id":"363121","number":"P
2026-07-28T19:53:26.889Z OK #722 /x402/treasury-yields {"source":"home.treasury.gov/yield-curve","month":"202607","latest":{"date":"202
2026-07-28T19:53:28.434Z OK #723 /x402/pha-lookup {"matches":[{"id":"nc-kinston-kha","name":"Kinston Housing Authority","hud_code"
2026-07-28T19:53:29.972Z OK #724 /x402/hcv-fmr {"area":"Lenoir County, NC","year":2025,"bedrooms":4,"fmr_monthly":1497,"schedul
2026-07-28T19:53:31.581Z OK #725 /x402/housing-windsor {"property":{"address":"1607 Windsor Rd","city":"Kinston","county":"Lenoir","sta
2026-07-28T19:53:33.608Z OK #726 /x402/domain-enrich?domain=example.com {"timestamp":"2026-07-28T19:53:33.520Z","domain":"example.com","ips":["104.20.23
2026-07-28T19:53:35.742Z OK #727 /x402/market?naics=541512 {"source":"usaspending.gov/api/v2","naics":"541512","window":{"start_date":"2023
2026-07-28T19:53:37.392Z OK #728 /x402/sec-8k?ticker=AAPL {"source":"sec.gov/EDGAR","ticker":"AAPL","company":"Apple Inc.","cik":"320193",
2026-07-28T19:53:39.037Z OK #729 /x402/fx-rate?base=USD&symbols=EUR {"source":"frankfurter.dev/v2/rates","data":[{"date":"2026-07-28","base":"USD","
2026-07-28T19:53:40.631Z OK #730 /x402/fx-rate?base=USD&symbols=JPY {"source":"frankfurter.dev/v2/rates","data":[{"date":"2026-07-28","base":"USD","
2026-07-28T19:53:42.386Z OK #731 /x402/gas-tracker {"timestamp":"2026-07-28T19:53:42.302Z","chains":[{"chain":"ethereum","gas_gwei"
2026-07-28T19:53:44.084Z OK #732 /x402/web-fetch?url=https://example.com {"timestamp":"2026-07-28T19:53:43.999Z","url":"https://example.com","status":200
2026-07-28T19:53:45.779Z OK #733 /x402/news-headlines {"timestamp":"2026-07-28T19:53:45.695Z","q":"crypto OR bitcoin OR AI agents","co
2026-07-28T19:53:47.674Z OK #734 /x402/grants?keyword=ai {"source":"grants.gov/search2","total":138,"results":[{"id":"363121","number":"P
2026-07-28T19:53:49.650Z OK #735 /x402/treasury-yields {"source":"home.treasury.gov/yield-curve","month":"202607","latest":{"date":"202
2026-07-28T19:53:51.462Z OK #736 /x402/pha-lookup {"matches":[{"id":"nc-kinston-kha","name":"Kinston Housing Authority","hud_code"
2026-07-28T19:53:53.000Z OK #737 /x402/hcv-fmr {"area":"Lenoir County, NC","year":2025,"bedrooms":4,"fmr_monthly":1497,"schedul
2026-07-28T19:53:54.529Z OK #738 /x402/housing-windsor {"property":{"address":"1607 Windsor Rd","city":"Kinston","county":"Lenoir","sta
2026-07-28T19:53:56.563Z OK #739 /x402/domain-enrich?domain=example.com {"timestamp":"2026-07-28T19:53:56.480Z","domain":"example.com","ips":["104.20.23
2026-07-28T19:53:58.569Z OK #740 /x402/market?naics=541512 {"source":"usaspending.gov/api/v2","naics":"541512","window":{"start_date":"2023
2026-07-28T19:54:00.166Z OK #741 /x402/sec-8k?ticker=AAPL {"source":"sec.gov/EDGAR","ticker":"AAPL","company":"Apple Inc.","cik":"320193",
2026-07-28T19:54:02.109Z OK #742 /x402/fx-rate?base=USD&symbols=EUR {"source":"frankfurter.dev/v2/rates","data":[{"date":"2026-07-28","base":"USD","
2026-07-28T19:54:03.822Z OK #743 /x402/fx-rate?base=USD&symbols=JPY {"source":"frankfurter.dev/v2/rates","data":[{"date":"2026-07-28","base":"USD","
2026-07-28T19:54:05.629Z OK #744 /x402/gas-tracker {"timestamp":"2026-07-28T19:54:05.545Z","chains":[{"chain":"ethereum","gas_gwei"
2026-07-28T19:54:07.621Z OK #745 /x402/web-fetch?url=https://example.com {"timestamp":"2026-07-28T19:54:07.537Z","url":"https://example.com","status":200
2026-07-28T19:54:09.708Z OK #746 /x402/news-headlines {"timestamp":"2026-07-28T19:54:09.623Z","q":"crypto OR bitcoin OR AI agents","co
2026-07-28T19:54:11.969Z OK #747 /x402/grants?keyword=ai {"source":"grants.gov/search2","total":138,"results":[{"id":"363121","number":"P
2026-07-28T19:54:13.599Z OK #748 /x402/treasury-yields {"source":"home.treasury.gov/yield-curve","month":"202607","latest":{"date":"202
2026-07-28T19:54:15.320Z OK #749 /x402/pha-lookup {"matches":[{"id":"nc-kinston-kha","name":"Kinston Housing Authority","hud_code"
2026-07-28T19:54:16.936Z OK #750 /x402/hcv-fmr {"area":"Lenoir County, NC","year":2025,"bedrooms":4,"fmr_monthly":1497,"schedul
2026-07-28T19:54:18.535Z OK #751 /x402/housing-windsor {"property":{"address":"1607 Windsor Rd","city":"Kinston","county":"Lenoir","sta
2026-07-28T19:54:20.284Z OK #752 /x402/domain-enrich?domain=example.com {"timestamp":"2026-07-28T19:54:20.196Z","domain":"example.com","ips":["172.66.14
2026-07-28T19:54:21.978Z OK #753 /x402/market?naics=541512 {"source":"usaspending.gov/api/v2","naics":"541512","window":{"start_date":"2023
2026-07-28T19:54:23.696Z OK #754 /x402/sec-8k?ticker=AAPL {"source":"sec.gov/EDGAR","ticker":"AAPL","company":"Apple Inc.","cik":"320193",
2026-07-28T19:54:25.444Z OK #755 /x402/fx-rate?base=USD&symbols=EUR {"source":"frankfurter.dev/v2/rates","data":[{"date":"2026-07-28","base":"USD","
2026-07-28T19:54:27.558Z OK #756 /x402/fx-rate?base=USD&symbols=JPY {"source":"frankfurter.dev/v2/rates","data":[{"date":"2026-07-28","base":"USD","
2026-07-28T19:54:29.607Z OK #757 /x402/gas-tracker {"timestamp":"2026-07-28T19:54:29.523Z","chains":[{"chain":"ethereum","gas_gwei"
2026-07-28T19:54:31.714Z OK #758 /x402/web-fetch?url=https://example.com {"timestamp":"2026-07-28T19:54:31.630Z","url":"https://example.com","status":200
2026-07-28T19:54:33.397Z OK #759 /x402/news-headlines {"timestamp":"2026-07-28T19:54:33.311Z","q":"crypto OR bitcoin OR AI agents","co
2026-07-28T19:54:35.366Z OK #760 /x402/grants?keyword=ai {"source":"grants.gov/search2","total":138,"results":[{"id":"363121","number":"P
2026-07-28T19:54:37.055Z OK #761 /x402/treasury-yields {"source":"home.treasury.gov/yield-curve","month":"202607","latest":{"date":"202
2026-07-28T19:54:38.673Z OK #762 /x402/pha-lookup {"matches":[{"id":"nc-kinston-kha","name":"Kinston Housing Authority","hud_code"
2026-07-28T19:54:40.307Z OK #763 /x402/hcv-fmr {"area":"Lenoir County, NC","year":2025,"bedrooms":4,"fmr_monthly":1497,"schedul
2026-07-28T19:54:41.820Z OK #764 /x402/housing-windsor {"property":{"address":"1607 Windsor Rd","city":"Kinston","county":"Lenoir","sta
2026-07-28T19:54:43.745Z OK #765 /x402/domain-enrich?domain=example.com {"timestamp":"2026-07-28T19:54:43.661Z","domain":"example.com","ips":["104.20.23
2026-07-28T19:54:45.594Z OK #766 /x402/market?naics=541512 {"source":"usaspending.gov/api/v2","naics":"541512","window":{"start_date":"2023
2026-07-28T19:54:47.347Z OK #767 /x402/sec-8k?ticker=AAPL {"source":"sec.gov/EDGAR","ticker":"AAPL","company":"Apple Inc.","cik":"320193",
2026-07-28T19:54:48.917Z OK #768 /x402/fx-rate?base=USD&symbols=EUR {"source":"frankfurter.dev/v2/rates","data":[{"date":"2026-07-28","base":"USD","
2026-07-28T19:54:50.669Z OK #769 /x402/fx-rate?base=USD&symbols=JPY {"source":"frankfurter.dev/v2/rates","data":[{"date":"2026-07-28","base":"USD","
2026-07-28T19:54:52.311Z OK #770 /x402/gas-tracker {"timestamp":"2026-07-28T19:54:52.224Z","chains":[{"chain":"ethereum","gas_gwei"
2026-07-28T19:54:53.769Z OK #771 /x402/web-fetch?url=https://example.com {"timestamp":"2026-07-28T19:54:53.677Z","url":"https://example.com","status":200
2026-07-28T19:54:56.007Z OK #772 /x402/news-headlines {"timestamp":"2026-07-28T19:54:55.922Z","q":"crypto OR bitcoin OR AI agents","co
2026-07-28T19:54:57.993Z OK #773 /x402/grants?keyword=ai {"source":"grants.gov/search2","total":138,"results":[{"id":"363121","number":"P
2026-07-28T19:54:59.640Z OK #774 /x402/treasury-yields {"source":"home.treasury.gov/yield-curve","month":"202607","latest":{"date":"202
2026-07-28T19:55:01.634Z OK #775 /x402/pha-lookup {"matches":[{"id":"nc-kinston-kha","name":"Kinston Housing Authority","hud_code"
2026-07-28T19:55:03.420Z OK #776 /x402/hcv-fmr {"area":"Lenoir County, NC","year":2025,"bedrooms":4,"fmr_monthly":1497,"schedul
2026-07-28T19:55:04.974Z OK #777 /x402/housing-windsor {"property":{"address":"1607 Windsor Rd","city":"Kinston","county":"Lenoir","sta
2026-07-28T19:55:06.833Z OK #778 /x402/domain-enrich?domain=example.com {"timestamp":"2026-07-28T19:55:06.749Z","domain":"example.com","ips":["172.66.14
2026-07-28T19:55:08.522Z OK #779 /x402/market?naics=541512 {"source":"usaspending.gov/api/v2","naics":"541512","window":{"start_date":"2023
2026-07-28T19:55:10.473Z OK #780 /x402/sec-8k?ticker=AAPL {"source":"sec.gov/EDGAR","ticker":"AAPL","company":"Apple Inc.","cik":"320193",
2026-07-28T19:55:12.032Z OK #781 /x402/fx-rate?base=USD&symbols=EUR {"source":"frankfurter.dev/v2/rates","data":[{"date":"2026-07-28","base":"USD","
2026-07-28T19:55:14.045Z OK #782 /x402/fx-rate?base=USD&symbols=JPY {"source":"frankfurter.dev/v2/rates","data":[{"date":"2026-07-28","base":"USD","
2026-07-28T19:55:15.726Z OK #783 /x402/gas-tracker {"timestamp":"2026-07-28T19:55:15.639Z","chains":[{"chain":"ethereum","gas_gwei"
2026-07-28T19:55:17.638Z OK #784 /x402/web-fetch?url=https://example.com {"timestamp":"2026-07-28T19:55:17.549Z","url":"https://example.com","status":200
2026-07-28T19:55:19.858Z OK #785 /x402/news-headlines {"timestamp":"2026-07-28T19:55:19.751Z","q":"crypto OR bitcoin OR AI agents","co
2026-07-28T19:55:21.816Z OK #786 /x402/grants?keyword=ai {"source":"grants.gov/search2","total":138,"results":[{"id":"363121","number":"P
2026-07-28T19:55:23.370Z OK #787 /x402/treasury-yields {"source":"home.treasury.gov/yield-curve","month":"202607","latest":{"date":"202
2026-07-28T19:55:24.854Z OK #788 /x402/pha-lookup {"matches":[{"id":"nc-kinston-kha","name":"Kinston Housing Authority","hud_code"
2026-07-28T19:55:26.408Z OK #789 /x402/hcv-fmr {"area":"Lenoir County, NC","year":2025,"bedrooms":4,"fmr_monthly":1497,"schedul
2026-07-28T19:55:28.289Z OK #790 /x402/housing-windsor {"property":{"address":"1607 Windsor Rd","city":"Kinston","county":"Lenoir","sta
2026-07-28T19:55:30.112Z OK #791 /x402/domain-enrich?domain=example.com {"timestamp":"2026-07-28T19:55:30.025Z","domain":"example.com","ips":["172.66.14
2026-07-28T19:55:31.823Z OK #792 /x402/market?naics=541512 {"source":"usaspending.gov/api/v2","naics":"541512","window":{"start_date":"2023
2026-07-28T19:55:33.384Z OK #793 /x402/sec-8k?ticker=AAPL {"source":"sec.gov/EDGAR","ticker":"AAPL","company":"Apple Inc.","cik":"320193",
2026-07-28T19:55:35.039Z OK #794 /x402/fx-rate?base=USD&symbols=EUR {"source":"frankfurter.dev/v2/rates","data":[{"date":"2026-07-28","base":"USD","
2026-07-28T19:55:38.844Z OK #795 /x402/fx-rate?base=USD&symbols=JPY {"source":"frankfurter.dev/v2/rates","data":[{"date":"2026-07-28","base":"USD","
2026-07-28T19:55:40.884Z OK #796 /x402/gas-tracker {"timestamp":"2026-07-28T19:55:40.774Z","chains":[{"chain":"ethereum","gas_gwei"
2026-07-28T19:55:42.480Z OK #797 /x402/web-fetch?url=https://example.com {"timestamp":"2026-07-28T19:55:42.396Z","url":"https://example.com","status":200
2026-07-28T19:55:44.164Z OK #798 /x402/news-headlines {"timestamp":"2026-07-28T19:55:44.079Z","q":"crypto OR bitcoin OR AI agents","co
2026-07-28T19:55:46.360Z OK #799 /x402/grants?keyword=ai {"source":"grants.gov/search2","total":138,"results":[{"id":"363121","number":"P
2026-07-28T19:55:47.998Z OK #800 /x402/treasury-yields {"source":"home.treasury.gov/yield-curve","month":"202607","latest":{"date":"202
2026-07-28T19:55:49.542Z OK #801 /x402/pha-lookup {"matches":[{"id":"nc-kinston-kha","name":"Kinston Housing Authority","hud_code"
2026-07-28T19:55:51.406Z OK #802 /x402/hcv-fmr {"area":"Lenoir County, NC","year":2025,"bedrooms":4,"fmr_monthly":1497,"schedul
2026-07-28T19:55:52.969Z OK #803 /x402/housing-windsor {"property":{"address":"1607 Windsor Rd","city":"Kinston","county":"Lenoir","sta
2026-07-28T19:55:54.860Z OK #804 /x402/domain-enrich?domain=example.com {"timestamp":"2026-07-28T19:55:54.775Z","domain":"example.com","ips":["104.20.23
2026-07-28T19:55:56.402Z OK #805 /x402/market?naics=541512 {"source":"usaspending.gov/api/v2","naics":"541512","window":{"start_date":"2023
2026-07-28T19:55:57.922Z OK #806 /x402/sec-8k?ticker=AAPL {"source":"sec.gov/EDGAR","ticker":"AAPL","company":"Apple Inc.","cik":"320193",
2026-07-28T19:55:59.627Z OK #807 /x402/fx-rate?base=USD&symbols=EUR {"source":"frankfurter.dev/v2/rates","data":[{"date":"2026-07-28","base":"USD","
2026-07-28T19:56:01.319Z OK #808 /x402/fx-rate?base=USD&symbols=JPY {"source":"frankfurter.dev/v2/rates","data":[{"date":"2026-07-28","base":"USD","
2026-07-28T19:56:03.493Z OK #809 /x402/gas-tracker {"timestamp":"2026-07-28T19:56:03.408Z","chains":[{"chain":"ethereum","gas_gwei"
2026-07-28T19:56:05.528Z OK #810 /x402/web-fetch?url=https://example.com {"timestamp":"2026-07-28T19:56:05.444Z","url":"https://example.com","status":200
2026-07-28T19:56:07.673Z OK #811 /x402/news-headlines {"timestamp":"2026-07-28T19:56:07.584Z","q":"crypto OR bitcoin OR AI agents","co
2026-07-28T19:56:09.681Z OK #812 /x402/grants?keyword=ai {"source":"grants.gov/search2","total":138,"results":[{"id":"363121","number":"P
2026-07-28T19:56:11.491Z OK #813 /x402/treasury-yields {"source":"home.treasury.gov/yield-curve","month":"202607","latest":{"date":"202
2026-07-28T19:56:13.301Z OK #814 /x402/pha-lookup {"matches":[{"id":"nc-kinston-kha","name":"Kinston Housing Authority","hud_code"
2026-07-28T19:56:14.843Z OK #815 /x402/hcv-fmr {"area":"Lenoir County, NC","year":2025,"bedrooms":4,"fmr_monthly":1497,"schedul
2026-07-28T19:56:16.399Z OK #816 /x402/housing-windsor {"property":{"address":"1607 Windsor Rd","city":"Kinston","county":"Lenoir","sta
2026-07-28T19:56:18.289Z OK #817 /x402/domain-enrich?domain=example.com {"timestamp":"2026-07-28T19:56:18.200Z","domain":"example.com","ips":["172.66.14
2026-07-28T19:56:21.584Z OK #818 /x402/market?naics=541512 {"source":"usaspending.gov/api/v2","naics":"541512","window":{"start_date":"2023
2026-07-28T19:56:23.468Z OK #819 /x402/sec-8k?ticker=AAPL {"source":"sec.gov/EDGAR","ticker":"AAPL","company":"Apple Inc.","cik":"320193",
2026-07-28T19:56:25.626Z OK #820 /x402/fx-rate?base=USD&symbols=EUR {"source":"frankfurter.dev/v2/rates","data":[{"date":"2026-07-28","base":"USD","
2026-07-28T19:56:27.624Z OK #821 /x402/fx-rate?base=USD&symbols=JPY {"source":"frankfurter.dev/v2/rates","data":[{"date":"2026-07-28","base":"USD","
2026-07-28T19:56:29.761Z OK #822 /x402/gas-tracker {"timestamp":"2026-07-28T19:56:29.673Z","chains":[{"chain":"ethereum","gas_gwei"
2026-07-28T19:56:31.417Z OK #823 /x402/web-fetch?url=https://example.com {"timestamp":"2026-07-28T19:56:31.330Z","url":"https://example.com","status":200
2026-07-28T19:56:33.927Z OK #824 /x402/news-headlines {"timestamp":"2026-07-28T19:56:33.843Z","q":"crypto OR bitcoin OR AI agents","co
2026-07-28T19:56:35.884Z OK #825 /x402/grants?keyword=ai {"source":"grants.gov/search2","total":138,"results":[{"id":"363121","number":"P
2026-07-28T19:56:37.682Z OK #826 /x402/treasury-yields {"source":"home.treasury.gov/yield-curve","month":"202607","latest":{"date":"202
2026-07-28T19:56:39.551Z OK #827 /x402/pha-lookup {"matches":[{"id":"nc-kinston-kha","name":"Kinston Housing Authority","hud_code"
2026-07-28T19:56:41.376Z OK #828 /x402/hcv-fmr {"area":"Lenoir County, NC","year":2025,"bedrooms":4,"fmr_monthly":1497,"schedul
2026-07-28T19:56:42.814Z OK #829 /x402/housing-windsor {"property":{"address":"1607 Windsor Rd","city":"Kinston","county":"Lenoir","sta
2026-07-28T19:56:44.554Z OK #830 /x402/domain-enrich?domain=example.com {"timestamp":"2026-07-28T19:56:44.469Z","domain":"example.com","ips":["104.20.23
2026-07-28T19:56:48.385Z OK #831 /x402/market?naics=541512 {"source":"usaspending.gov/api/v2","naics":"541512","window":{"start_date":"2023
2026-07-28T19:56:50.074Z OK #832 /x402/sec-8k?ticker=AAPL {"source":"sec.gov/EDGAR","ticker":"AAPL","company":"Apple Inc.","cik":"320193",
2026-07-28T19:56:51.773Z OK #833 /x402/fx-rate?base=USD&symbols=EUR {"source":"frankfurter.dev/v2/rates","data":[{"date":"2026-07-28","base":"USD","
2026-07-28T19:56:53.508Z OK #834 /x402/fx-rate?base=USD&symbols=JPY {"source":"frankfurter.dev/v2/rates","data":[{"date":"2026-07-28","base":"USD","
2026-07-28T19:56:55.595Z OK #835 /x402/gas-tracker {"timestamp":"2026-07-28T19:56:55.492Z","chains":[{"chain":"ethereum","gas_gwei"
2026-07-28T19:56:57.427Z OK #836 /x402/web-fetch?url=https://example.com {"timestamp":"2026-07-28T19:56:57.323Z","url":"https://example.com","status":200
2026-07-28T19:56:59.407Z OK #837 /x402/news-headlines {"timestamp":"2026-07-28T19:56:59.312Z","q":"crypto OR bitcoin OR AI agents","co
2026-07-28T19:57:01.336Z OK #838 /x402/grants?keyword=ai {"source":"grants.gov/search2","total":138,"results":[{"id":"363121","number":"P
2026-07-28T19:57:03.042Z OK #839 /x402/treasury-yields {"source":"home.treasury.gov/yield-curve","month":"202607","latest":{"date":"202
2026-07-28T19:57:04.778Z OK #840 /x402/pha-lookup {"matches":[{"id":"nc-kinston-kha","name":"Kinston Housing Authority","hud_code"
2026-07-28T19:57:06.286Z OK #841 /x402/hcv-fmr {"area":"Lenoir County, NC","year":2025,"bedrooms":4,"fmr_monthly":1497,"schedul
2026-07-28T19:57:07.776Z OK #842 /x402/housing-windsor {"property":{"address":"1607 Windsor Rd","city":"Kinston","county":"Lenoir","sta
2026-07-28T19:57:09.520Z OK #843 /x402/domain-enrich?domain=example.com {"timestamp":"2026-07-28T19:57:09.436Z","domain":"example.com","ips":["172.66.14
2026-07-28T19:57:11.613Z OK #844 /x402/market?naics=541512 {"source":"usaspending.gov/api/v2","naics":"541512","window":{"start_date":"2023
2026-07-28T19:57:13.351Z OK #845 /x402/sec-8k?ticker=AAPL {"source":"sec.gov/EDGAR","ticker":"AAPL","company":"Apple Inc.","cik":"320193",
2026-07-28T19:57:15.256Z OK #846 /x402/fx-rate?base=USD&symbols=EUR {"source":"frankfurter.dev/v2/rates","data":[{"date":"2026-07-28","base":"USD","
2026-07-28T19:57:16.788Z OK #847 /x402/fx-rate?base=USD&symbols=JPY {"source":"frankfurter.dev/v2/rates","data":[{"date":"2026-07-28","base":"USD","
2026-07-28T19:57:18.529Z OK #848 /x402/gas-tracker {"timestamp":"2026-07-28T19:57:18.444Z","chains":[{"chain":"ethereum","gas_gwei"
2026-07-28T19:57:20.222Z OK #849 /x402/web-fetch?url=https://example.com {"timestamp":"2026-07-28T19:57:20.139Z","url":"https://example.com","status":200
2026-07-28T19:57:21.965Z OK #850 /x402/news-headlines {"timestamp":"2026-07-28T19:57:21.880Z","q":"crypto OR bitcoin OR AI agents","co
2026-07-28T19:57:23.968Z OK #851 /x402/grants?keyword=ai {"source":"grants.gov/search2","total":138,"results":[{"id":"363121","number":"P
2026-07-28T19:57:25.731Z OK #852 /x402/treasury-yields {"source":"home.treasury.gov/yield-curve","month":"202607","latest":{"date":"202
2026-07-28T19:57:27.629Z OK #853 /x402/pha-lookup {"matches":[{"id":"nc-kinston-kha","name":"Kinston Housing Authority","hud_code"
2026-07-28T19:57:29.552Z OK #854 /x402/hcv-fmr {"area":"Lenoir County, NC","year":2025,"bedrooms":4,"fmr_monthly":1497,"schedul
2026-07-28T19:57:31.477Z OK #855 /x402/housing-windsor {"property":{"address":"1607 Windsor Rd","city":"Kinston","county":"Lenoir","sta
2026-07-28T19:57:33.743Z OK #856 /x402/domain-enrich?domain=example.com {"timestamp":"2026-07-28T19:57:33.659Z","domain":"example.com","ips":["104.20.23
2026-07-28T19:57:35.743Z OK #857 /x402/market?naics=541512 {"source":"usaspending.gov/api/v2","naics":"541512","window":{"start_date":"2023
2026-07-28T19:57:37.361Z OK #858 /x402/sec-8k?ticker=AAPL {"source":"sec.gov/EDGAR","ticker":"AAPL","company":"Apple Inc.","cik":"320193",
2026-07-28T19:57:38.857Z OK #859 /x402/fx-rate?base=USD&symbols=EUR {"source":"frankfurter.dev/v2/rates","data":[{"date":"2026-07-28","base":"USD","
2026-07-28T19:57:40.439Z OK #860 /x402/fx-rate?base=USD&symbols=JPY {"source":"frankfurter.dev/v2/rates","data":[{"date":"2026-07-28","base":"USD","
2026-07-28T19:57:42.152Z OK #861 /x402/gas-tracker {"timestamp":"2026-07-28T19:57:42.065Z","chains":[{"chain":"ethereum","gas_gwei"
2026-07-28T19:57:43.711Z OK #862 /x402/web-fetch?url=https://example.com {"timestamp":"2026-07-28T19:57:43.627Z","url":"https://example.com","status":200
2026-07-28T19:57:45.799Z OK #863 /x402/news-headlines {"timestamp":"2026-07-28T19:57:45.715Z","q":"crypto OR bitcoin OR AI agents","co
2026-07-28T19:57:47.763Z OK #864 /x402/grants?keyword=ai {"source":"grants.gov/search2","total":138,"results":[{"id":"363121","number":"P
2026-07-28T19:57:49.491Z OK #865 /x402/treasury-yields {"source":"home.treasury.gov/yield-curve","month":"202607","latest":{"date":"202
2026-07-28T19:57:51.468Z OK #866 /x402/pha-lookup {"matches":[{"id":"nc-kinston-kha","name":"Kinston Housing Authority","hud_code"
2026-07-28T19:57:53.361Z OK #867 /x402/hcv-fmr {"area":"Lenoir County, NC","year":2025,"bedrooms":4,"fmr_monthly":1497,"schedul
2026-07-28T19:57:54.905Z OK #868 /x402/housing-windsor {"property":{"address":"1607 Windsor Rd","city":"Kinston","county":"Lenoir","sta
2026-07-28T19:57:56.603Z OK #869 /x402/domain-enrich?domain=example.com {"timestamp":"2026-07-28T19:57:56.498Z","domain":"example.com","ips":["172.66.14
2026-07-28T19:57:58.224Z OK #870 /x402/market?naics=541512 {"source":"usaspending.gov/api/v2","naics":"541512","window":{"start_date":"2023
2026-07-28T19:58:00.483Z OK #871 /x402/sec-8k?ticker=AAPL {"source":"sec.gov/EDGAR","ticker":"AAPL","company":"Apple Inc.","cik":"320193",
2026-07-28T19:58:01.965Z OK #872 /x402/fx-rate?base=USD&symbols=EUR {"source":"frankfurter.dev/v2/rates","data":[{"date":"2026-07-28","base":"USD","
2026-07-28T19:58:03.560Z OK #873 /x402/fx-rate?base=USD&symbols=JPY {"source":"frankfurter.dev/v2/rates","data":[{"date":"2026-07-28","base":"USD","
2026-07-28T19:58:05.619Z OK #874 /x402/gas-tracker {"timestamp":"2026-07-28T19:58:05.535Z","chains":[{"chain":"ethereum","gas_gwei"
2026-07-28T19:58:07.378Z OK #875 /x402/web-fetch?url=https://example.com {"timestamp":"2026-07-28T19:58:07.293Z","url":"https://example.com","status":200
2026-07-28T19:58:09.151Z OK #876 /x402/news-headlines {"timestamp":"2026-07-28T19:58:09.066Z","q":"crypto OR bitcoin OR AI agents","co
2026-07-28T19:58:11.131Z OK #877 /x402/grants?keyword=ai {"source":"grants.gov/search2","total":138,"results":[{"id":"363121","number":"P
2026-07-28T19:58:12.665Z OK #878 /x402/treasury-yields {"source":"home.treasury.gov/yield-curve","month":"202607","latest":{"date":"202
2026-07-28T19:58:14.983Z OK #879 /x402/pha-lookup {"matches":[{"id":"nc-kinston-kha","name":"Kinston Housing Authority","hud_code"
2026-07-28T19:58:16.481Z OK #880 /x402/hcv-fmr {"area":"Lenoir County, NC","year":2025,"bedrooms":4,"fmr_monthly":1497,"schedul
2026-07-28T19:58:18.102Z OK #881 /x402/housing-windsor {"property":{"address":"1607 Windsor Rd","city":"Kinston","county":"Lenoir","sta
2026-07-28T19:58:20.194Z OK #882 /x402/domain-enrich?domain=example.com {"timestamp":"2026-07-28T19:58:20.107Z","domain":"example.com","ips":["104.20.23
2026-07-28T19:58:21.731Z OK #883 /x402/market?naics=541512 {"source":"usaspending.gov/api/v2","naics":"541512","window":{"start_date":"2023
2026-07-28T19:58:23.398Z OK #884 /x402/sec-8k?ticker=AAPL {"source":"sec.gov/EDGAR","ticker":"AAPL","company":"Apple Inc.","cik":"320193",
2026-07-28T19:58:25.075Z OK #885 /x402/fx-rate?base=USD&symbols=EUR {"source":"frankfurter.dev/v2/rates","data":[{"date":"2026-07-28","base":"USD","
2026-07-28T19:58:26.890Z OK #886 /x402/fx-rate?base=USD&symbols=JPY {"source":"frankfurter.dev/v2/rates","data":[{"date":"2026-07-28","base":"USD","
2026-07-28T19:58:28.592Z OK #887 /x402/gas-tracker {"timestamp":"2026-07-28T19:58:28.508Z","chains":[{"chain":"ethereum","gas_gwei"
2026-07-28T19:58:30.077Z OK #888 /x402/web-fetch?url=https://example.com {"timestamp":"2026-07-28T19:58:29.993Z","url":"https://example.com","status":200
2026-07-28T19:58:31.801Z OK #889 /x402/news-headlines {"timestamp":"2026-07-28T19:58:31.694Z","q":"crypto OR bitcoin OR AI agents","co
2026-07-28T19:58:33.684Z OK #890 /x402/grants?keyword=ai {"source":"grants.gov/search2","total":138,"results":[{"id":"363121","number":"P
2026-07-28T19:58:35.574Z OK #891 /x402/treasury-yields {"source":"home.treasury.gov/yield-curve","month":"202607","latest":{"date":"202
2026-07-28T19:58:37.321Z OK #892 /x402/pha-lookup {"matches":[{"id":"nc-kinston-kha","name":"Kinston Housing Authority","hud_code"
2026-07-28T19:58:39.001Z OK #893 /x402/hcv-fmr {"area":"Lenoir County, NC","year":2025,"bedrooms":4,"fmr_monthly":1497,"schedul
2026-07-28T19:58:40.446Z OK #894 /x402/housing-windsor {"property":{"address":"1607 Windsor Rd","city":"Kinston","county":"Lenoir","sta
2026-07-28T19:58:42.175Z OK #895 /x402/domain-enrich?domain=example.com {"timestamp":"2026-07-28T19:58:42.090Z","domain":"example.com","ips":["172.66.14
2026-07-28T19:58:43.808Z OK #896 /x402/market?naics=541512 {"source":"usaspending.gov/api/v2","naics":"541512","window":{"start_date":"2023
2026-07-28T19:58:45.425Z OK #897 /x402/sec-8k?ticker=AAPL {"source":"sec.gov/EDGAR","ticker":"AAPL","company":"Apple Inc.","cik":"320193",
2026-07-28T19:58:47.121Z OK #898 /x402/fx-rate?base=USD&symbols=EUR {"source":"frankfurter.dev/v2/rates","data":[{"date":"2026-07-28","base":"USD","
2026-07-28T19:58:48.604Z OK #899 /x402/fx-rate?base=USD&symbols=JPY {"source":"frankfurter.dev/v2/rates","data":[{"date":"2026-07-28","base":"USD","
2026-07-28T19:58:50.388Z OK #900 /x402/gas-tracker {"timestamp":"2026-07-28T19:58:50.305Z","chains":[{"chain":"ethereum","gas_gwei"
2026-07-28T19:58:51.897Z OK #901 /x402/web-fetch?url=https://example.com {"timestamp":"2026-07-28T19:58:51.812Z","url":"https://example.com","status":200
2026-07-28T19:58:53.561Z OK #902 /x402/news-headlines {"timestamp":"2026-07-28T19:58:53.476Z","q":"crypto OR bitcoin OR AI agents","co
2026-07-28T19:58:55.572Z OK #903 /x402/grants?keyword=ai {"source":"grants.gov/search2","total":138,"results":[{"id":"363121","number":"P
2026-07-28T19:58:57.776Z OK #904 /x402/treasury-yields {"source":"home.treasury.gov/yield-curve","month":"202607","latest":{"date":"202
2026-07-28T19:58:59.690Z OK #905 /x402/pha-lookup {"matches":[{"id":"nc-kinston-kha","name":"Kinston Housing Authority","hud_code"
2026-07-28T19:59:01.807Z OK #906 /x402/hcv-fmr {"area":"Lenoir County, NC","year":2025,"bedrooms":4,"fmr_monthly":1497,"schedul
2026-07-28T19:59:03.365Z OK #907 /x402/housing-windsor {"property":{"address":"1607 Windsor Rd","city":"Kinston","county":"Lenoir","sta
2026-07-28T19:59:05.199Z OK #908 /x402/domain-enrich?domain=example.com {"timestamp":"2026-07-28T19:59:05.095Z","domain":"example.com","ips":["172.66.14
2026-07-28T19:59:07.004Z OK #909 /x402/market?naics=541512 {"source":"usaspending.gov/api/v2","naics":"541512","window":{"start_date":"2023
2026-07-28T19:59:08.651Z OK #910 /x402/sec-8k?ticker=AAPL {"source":"sec.gov/EDGAR","ticker":"AAPL","company":"Apple Inc.","cik":"320193",
2026-07-28T19:59:10.493Z OK #911 /x402/fx-rate?base=USD&symbols=EUR {"source":"frankfurter.dev/v2/rates","data":[{"date":"2026-07-28","base":"USD","
2026-07-28T19:59:12.166Z OK #912 /x402/fx-rate?base=USD&symbols=JPY {"source":"frankfurter.dev/v2/rates","data":[{"date":"2026-07-28","base":"USD","
2026-07-28T19:59:13.803Z OK #913 /x402/gas-tracker {"timestamp":"2026-07-28T19:59:13.700Z","chains":[{"chain":"ethereum","gas_gwei"
2026-07-28T19:59:15.458Z OK #914 /x402/web-fetch?url=https://example.com {"timestamp":"2026-07-28T19:59:15.374Z","url":"https://example.com","status":200
2026-07-28T19:59:17.868Z OK #915 /x402/news-headlines {"timestamp":"2026-07-28T19:59:17.781Z","q":"crypto OR bitcoin OR AI agents","co
2026-07-28T19:59:19.748Z OK #916 /x402/grants?keyword=ai {"source":"grants.gov/search2","total":138,"results":[{"id":"363121","number":"P
2026-07-28T19:59:21.553Z OK #917 /x402/treasury-yields {"source":"home.treasury.gov/yield-curve","month":"202607","latest":{"date":"202
2026-07-28T19:59:23.407Z OK #918 /x402/pha-lookup {"matches":[{"id":"nc-kinston-kha","name":"Kinston Housing Authority","hud_code"
2026-07-28T19:59:25.066Z OK #919 /x402/hcv-fmr {"area":"Lenoir County, NC","year":2025,"bedrooms":4,"fmr_monthly":1497,"schedul
2026-07-28T19:59:26.595Z OK #920 /x402/housing-windsor {"property":{"address":"1607 Windsor Rd","city":"Kinston","county":"Lenoir","sta
2026-07-28T19:59:28.674Z OK #921 /x402/domain-enrich?domain=example.com {"timestamp":"2026-07-28T19:59:28.589Z","domain":"example.com","ips":["104.20.23
2026-07-28T19:59:30.427Z OK #922 /x402/market?naics=541512 {"source":"usaspending.gov/api/v2","naics":"541512","window":{"start_date":"2023
2026-07-28T19:59:32.090Z OK #923 /x402/sec-8k?ticker=AAPL {"source":"sec.gov/EDGAR","ticker":"AAPL","company":"Apple Inc.","cik":"320193",
2026-07-28T19:59:33.692Z OK #924 /x402/fx-rate?base=USD&symbols=EUR {"source":"frankfurter.dev/v2/rates","data":[{"date":"2026-07-28","base":"USD","
2026-07-28T19:59:35.318Z OK #925 /x402/fx-rate?base=USD&symbols=JPY {"source":"frankfurter.dev/v2/rates","data":[{"date":"2026-07-28","base":"USD","
2026-07-28T19:59:37.311Z OK #926 /x402/gas-tracker {"timestamp":"2026-07-28T19:59:37.224Z","chains":[{"chain":"ethereum","gas_gwei"
2026-07-28T19:59:38.903Z OK #927 /x402/web-fetch?url=https://example.com {"timestamp":"2026-07-28T19:59:38.799Z","url":"https://example.com","status":200
2026-07-28T19:59:40.629Z OK #928 /x402/news-headlines {"timestamp":"2026-07-28T19:59:40.539Z","q":"crypto OR bitcoin OR AI agents","co
2026-07-28T19:59:42.665Z OK #929 /x402/grants?keyword=ai {"source":"grants.gov/search2","total":138,"results":[{"id":"363121","number":"P
2026-07-28T19:59:44.468Z OK #930 /x402/treasury-yields {"source":"home.treasury.gov/yield-curve","month":"202607","latest":{"date":"202
2026-07-28T19:59:46.077Z OK #931 /x402/pha-lookup {"matches":[{"id":"nc-kinston-kha","name":"Kinston Housing Authority","hud_code"
2026-07-28T19:59:47.621Z OK #932 /x402/hcv-fmr {"area":"Lenoir County, NC","year":2025,"bedrooms":4,"fmr_monthly":1497,"schedul
2026-07-28T19:59:49.442Z OK #933 /x402/housing-windsor {"property":{"address":"1607 Windsor Rd","city":"Kinston","county":"Lenoir","sta
2026-07-28T19:59:51.253Z OK #934 /x402/domain-enrich?domain=example.com {"timestamp":"2026-07-28T19:59:51.150Z","domain":"example.com","ips":["104.20.23
2026-07-28T19:59:53.189Z OK #935 /x402/market?naics=541512 {"source":"usaspending.gov/api/v2","naics":"541512","window":{"start_date":"2023
2026-07-28T19:59:54.907Z OK #936 /x402/sec-8k?ticker=AAPL {"source":"sec.gov/EDGAR","ticker":"AAPL","company":"Apple Inc.","cik":"320193",
2026-07-28T19:59:56.614Z OK #937 /x402/fx-rate?base=USD&symbols=EUR {"source":"frankfurter.dev/v2/rates","data":[{"date":"2026-07-28","base":"USD","
2026-07-28T19:59:58.056Z OK #938 /x402/fx-rate?base=USD&symbols=JPY {"source":"frankfurter.dev/v2/rates","data":[{"date":"2026-07-28","base":"USD","
2026-07-28T19:59:59.703Z OK #939 /x402/gas-tracker {"timestamp":"2026-07-28T19:59:59.619Z","chains":[{"chain":"ethereum","gas_gwei"
2026-07-28T20:00:01.603Z OK #940 /x402/web-fetch?url=https://example.com {"timestamp":"2026-07-28T20:00:01.517Z","url":"https://example.com","status":200
2026-07-28T20:00:04.276Z OK #941 /x402/news-headlines {"timestamp":"2026-07-28T20:00:04.192Z","q":"crypto OR bitcoin OR AI agents","co
2026-07-28T20:00:06.814Z OK #942 /x402/grants?keyword=ai {"source":"grants.gov/search2","total":138,"results":[{"id":"363121","number":"P
2026-07-28T20:00:09.037Z OK #943 /x402/treasury-yields {"source":"home.treasury.gov/yield-curve","month":"202607","latest":{"date":"202
2026-07-28T20:00:11.458Z OK #944 /x402/pha-lookup {"matches":[{"id":"nc-kinston-kha","name":"Kinston Housing Authority","hud_code"
2026-07-28T20:00:13.569Z OK #945 /x402/hcv-fmr {"area":"Lenoir County, NC","year":2025,"bedrooms":4,"fmr_monthly":1497,"schedul
2026-07-28T20:00:15.891Z OK #946 /x402/housing-windsor {"property":{"address":"1607 Windsor Rd","city":"Kinston","county":"Lenoir","sta
2026-07-28T20:00:18.525Z OK #947 /x402/domain-enrich?domain=example.com {"timestamp":"2026-07-28T20:00:18.441Z","domain":"example.com","ips":["104.20.23
2026-07-28T20:00:20.869Z OK #948 /x402/market?naics=541512 {"source":"usaspending.gov/api/v2","naics":"541512","window":{"start_date":"2023
2026-07-28T20:00:24.145Z OK #949 /x402/sec-8k?ticker=AAPL {"source":"sec.gov/EDGAR","ticker":"AAPL","company":"Apple Inc.","cik":"320193",
2026-07-28T20:00:26.430Z OK #950 /x402/fx-rate?base=USD&symbols=EUR {"source":"frankfurter.dev/v2/rates","data":[{"date":"2026-07-28","base":"USD","
2026-07-28T20:00:28.237Z OK #951 /x402/fx-rate?base=USD&symbols=JPY {"source":"frankfurter.dev/v2/rates","data":[{"date":"2026-07-28","base":"USD","
2026-07-28T20:00:30.445Z OK #952 /x402/gas-tracker {"timestamp":"2026-07-28T20:00:30.357Z","chains":[{"chain":"ethereum","gas_gwei"
2026-07-28T20:00:32.565Z OK #953 /x402/web-fetch?url=https://example.com {"timestamp":"2026-07-28T20:00:32.481Z","url":"https://example.com","status":200
2026-07-28T20:00:34.528Z OK #954 /x402/news-headlines {"timestamp":"2026-07-28T20:00:34.443Z","q":"crypto OR bitcoin OR AI agents","co
2026-07-28T20:00:37.134Z OK #955 /x402/grants?keyword=ai {"source":"grants.gov/search2","total":138,"results":[{"id":"363121","number":"P
2026-07-28T20:00:39.644Z OK #956 /x402/treasury-yields {"source":"home.treasury.gov/yield-curve","month":"202607","latest":{"date":"202
2026-07-28T20:00:41.748Z OK #957 /x402/pha-lookup {"matches":[{"id":"nc-kinston-kha","name":"Kinston Housing Authority","hud_code"
2026-07-28T20:00:43.918Z OK #958 /x402/hcv-fmr {"area":"Lenoir County, NC","year":2025,"bedrooms":4,"fmr_monthly":1497,"schedul
2026-07-28T20:00:45.749Z OK #959 /x402/housing-windsor {"property":{"address":"1607 Windsor Rd","city":"Kinston","county":"Lenoir","sta
2026-07-28T20:00:47.817Z OK #960 /x402/domain-enrich?domain=example.com {"timestamp":"2026-07-28T20:00:47.733Z","domain":"example.com","ips":["104.20.23
2026-07-28T20:00:50.290Z OK #961 /x402/market?naics=541512 {"source":"usaspending.gov/api/v2","naics":"541512","window":{"start_date":"2023
2026-07-28T20:00:52.837Z OK #962 /x402/sec-8k?ticker=AAPL {"source":"sec.gov/EDGAR","ticker":"AAPL","company":"Apple Inc.","cik":"320193",
2026-07-28T20:00:54.983Z OK #963 /x402/fx-rate?base=USD&symbols=EUR {"source":"frankfurter.dev/v2/rates","data":[{"date":"2026-07-28","base":"USD","
2026-07-28T20:00:57.396Z OK #964 /x402/fx-rate?base=USD&symbols=JPY {"source":"frankfurter.dev/v2/rates","data":[{"date":"2026-07-28","base":"USD","
2026-07-28T20:00:59.625Z OK #965 /x402/gas-tracker {"timestamp":"2026-07-28T20:00:59.541Z","chains":[{"chain":"ethereum","gas_gwei"
2026-07-28T20:01:01.792Z OK #966 /x402/web-fetch?url=https://example.com {"timestamp":"2026-07-28T20:01:01.688Z","url":"https://example.com","status":200
2026-07-28T20:01:04.133Z OK #967 /x402/news-headlines {"timestamp":"2026-07-28T20:01:04.043Z","q":"crypto OR bitcoin OR AI agents","co
2026-07-28T20:01:06.545Z OK #968 /x402/grants?keyword=ai {"source":"grants.gov/search2","total":138,"results":[{"id":"363121","number":"P
2026-07-28T20:01:08.808Z OK #969 /x402/treasury-yields {"source":"home.treasury.gov/yield-curve","month":"202607","latest":{"date":"202
2026-07-28T20:01:10.597Z OK #970 /x402/pha-lookup {"matches":[{"id":"nc-kinston-kha","name":"Kinston Housing Authority","hud_code"
2026-07-28T20:01:12.410Z OK #971 /x402/hcv-fmr {"area":"Lenoir County, NC","year":2025,"bedrooms":4,"fmr_monthly":1497,"schedul
2026-07-28T20:01:14.485Z OK #972 /x402/housing-windsor {"property":{"address":"1607 Windsor Rd","city":"Kinston","county":"Lenoir","sta
2026-07-28T20:01:16.744Z OK #973 /x402/domain-enrich?domain=example.com {"timestamp":"2026-07-28T20:01:16.658Z","domain":"example.com","ips":["172.66.14
2026-07-28T20:01:19.120Z OK #974 /x402/market?naics=541512 {"source":"usaspending.gov/api/v2","naics":"541512","window":{"start_date":"2023
2026-07-28T20:01:21.582Z OK #975 /x402/sec-8k?ticker=AAPL {"source":"sec.gov/EDGAR","ticker":"AAPL","company":"Apple Inc.","cik":"320193",
2026-07-28T20:01:23.413Z OK #976 /x402/fx-rate?base=USD&symbols=EUR {"source":"frankfurter.dev/v2/rates","data":[{"date":"2026-07-28","base":"USD","
2026-07-28T20:01:25.535Z OK #977 /x402/fx-rate?base=USD&symbols=JPY {"source":"frankfurter.dev/v2/rates","data":[{"date":"2026-07-28","base":"USD","
2026-07-28T20:01:27.731Z OK #978 /x402/gas-tracker {"timestamp":"2026-07-28T20:01:27.646Z","chains":[{"chain":"ethereum","gas_gwei"
2026-07-28T20:01:29.841Z OK #979 /x402/web-fetch?url=https://example.com {"timestamp":"2026-07-28T20:01:29.755Z","url":"https://example.com","status":200
2026-07-28T20:01:32.347Z OK #980 /x402/news-headlines {"timestamp":"2026-07-28T20:01:32.263Z","q":"crypto OR bitcoin OR AI agents","co
2026-07-28T20:01:34.875Z OK #981 /x402/grants?keyword=ai {"source":"grants.gov/search2","total":138,"results":[{"id":"363121","number":"P
2026-07-28T20:01:37.032Z OK #982 /x402/treasury-yields {"source":"home.treasury.gov/yield-curve","month":"202607","latest":{"date":"202
2026-07-28T20:01:39.471Z OK #983 /x402/pha-lookup {"matches":[{"id":"nc-kinston-kha","name":"Kinston Housing Authority","hud_code"
2026-07-28T20:01:41.863Z OK #984 /x402/hcv-fmr {"area":"Lenoir County, NC","year":2025,"bedrooms":4,"fmr_monthly":1497,"schedul
2026-07-28T20:01:43.871Z OK #985 /x402/housing-windsor {"property":{"address":"1607 Windsor Rd","city":"Kinston","county":"Lenoir","sta
2026-07-28T20:01:46.203Z OK #986 /x402/domain-enrich?domain=example.com {"timestamp":"2026-07-28T20:01:46.119Z","domain":"example.com","ips":["172.66.14
2026-07-28T20:01:50.195Z OK #987 /x402/market?naics=541512 {"source":"usaspending.gov/api/v2","naics":"541512","window":{"start_date":"2023
2026-07-28T20:01:52.398Z OK #988 /x402/sec-8k?ticker=AAPL {"source":"sec.gov/EDGAR","ticker":"AAPL","company":"Apple Inc.","cik":"320193",
2026-07-28T20:01:54.519Z OK #989 /x402/fx-rate?base=USD&symbols=EUR {"source":"frankfurter.dev/v2/rates","data":[{"date":"2026-07-28","base":"USD","
2026-07-28T20:01:56.573Z OK #990 /x402/fx-rate?base=USD&symbols=JPY {"source":"frankfurter.dev/v2/rates","data":[{"date":"2026-07-28","base":"USD","
2026-07-28T20:01:58.762Z OK #991 /x402/gas-tracker {"timestamp":"2026-07-28T20:01:58.677Z","chains":[{"chain":"ethereum","gas_gwei"
2026-07-28T20:02:00.634Z OK #992 /x402/web-fetch?url=https://example.com {"timestamp":"2026-07-28T20:02:00.530Z","url":"https://example.com","status":200
2026-07-28T20:02:03.038Z OK #993 /x402/news-headlines {"timestamp":"2026-07-28T20:02:02.953Z","q":"crypto OR bitcoin OR AI agents","co
2026-07-28T20:02:05.761Z OK #994 /x402/grants?keyword=ai {"source":"grants.gov/search2","total":138,"results":[{"id":"363121","number":"P
2026-07-28T20:02:07.947Z OK #995 /x402/treasury-yields {"source":"home.treasury.gov/yield-curve","month":"202607","latest":{"date":"202
2026-07-28T20:02:10.083Z OK #996 /x402/pha-lookup {"matches":[{"id":"nc-kinston-kha","name":"Kinston Housing Authority","hud_code"
2026-07-28T20:02:12.128Z OK #997 /x402/hcv-fmr {"area":"Lenoir County, NC","year":2025,"bedrooms":4,"fmr_monthly":1497,"schedul
2026-07-28T20:02:14.315Z OK #998 /x402/housing-windsor {"property":{"address":"1607 Windsor Rd","city":"Kinston","county":"Lenoir","sta
2026-07-28T20:02:16.776Z OK #999 /x402/domain-enrich?domain=example.com {"timestamp":"2026-07-28T20:02:16.692Z","domain":"example.com","ips":["172.66.14
2026-07-28T20:02:19.056Z OK #1000 /x402/market?naics=541512 {"source":"usaspending.gov/api/v2","naics":"541512","window":{"start_date":"2023
2026-07-28T20:02:21.479Z OK #1001 /x402/sec-8k?ticker=AAPL {"source":"sec.gov/EDGAR","ticker":"AAPL","company":"Apple Inc.","cik":"320193",
2026-07-28T20:02:23.520Z OK #1002 /x402/fx-rate?base=USD&symbols=EUR {"source":"frankfurter.dev/v2/rates","data":[{"date":"2026-07-28","base":"USD","
2026-07-28T20:02:25.889Z OK #1003 /x402/fx-rate?base=USD&symbols=JPY {"source":"frankfurter.dev/v2/rates","data":[{"date":"2026-07-28","base":"USD","
2026-07-28T20:02:28.189Z OK #1004 /x402/gas-tracker {"timestamp":"2026-07-28T20:02:28.105Z","chains":[{"chain":"ethereum","gas_gwei"
2026-07-28T20:02:30.506Z OK #1005 /x402/web-fetch?url=https://example.com {"timestamp":"2026-07-28T20:02:30.421Z","url":"https://example.com","status":200
2026-07-28T20:02:32.633Z OK #1006 /x402/news-headlines {"timestamp":"2026-07-28T20:02:32.548Z","q":"crypto OR bitcoin OR AI agents","co
2026-07-28T20:02:35.031Z OK #1007 /x402/grants?keyword=ai {"source":"grants.gov/search2","total":138,"results":[{"id":"363121","number":"P
2026-07-28T20:02:37.507Z OK #1008 /x402/treasury-yields {"source":"home.treasury.gov/yield-curve","month":"202607","latest":{"date":"202
2026-07-28T20:02:39.315Z OK #1009 /x402/pha-lookup {"matches":[{"id":"nc-kinston-kha","name":"Kinston Housing Authority","hud_code"
2026-07-28T20:02:41.453Z OK #1010 /x402/hcv-fmr {"area":"Lenoir County, NC","year":2025,"bedrooms":4,"fmr_monthly":1497,"schedul
2026-07-28T20:02:43.481Z OK #1011 /x402/housing-windsor {"property":{"address":"1607 Windsor Rd","city":"Kinston","county":"Lenoir","sta
2026-07-28T20:02:45.548Z OK #1012 /x402/domain-enrich?domain=example.com {"timestamp":"2026-07-28T20:02:45.463Z","domain":"example.com","ips":["172.66.14
2026-07-28T20:02:47.899Z OK #1013 /x402/market?naics=541512 {"source":"usaspending.gov/api/v2","naics":"541512","window":{"start_date":"2023
2026-07-28T20:02:49.987Z OK #1014 /x402/sec-8k?ticker=AAPL {"source":"sec.gov/EDGAR","ticker":"AAPL","company":"Apple Inc.","cik":"320193",
2026-07-28T20:02:52.406Z OK #1015 /x402/fx-rate?base=USD&symbols=EUR {"source":"frankfurter.dev/v2/rates","data":[{"date":"2026-07-28","base":"USD","
2026-07-28T20:02:54.572Z OK #1016 /x402/fx-rate?base=USD&symbols=JPY {"source":"frankfurter.dev/v2/rates","data":[{"date":"2026-07-28","base":"USD","
2026-07-28T20:02:56.744Z OK #1017 /x402/gas-tracker {"timestamp":"2026-07-28T20:02:56.660Z","chains":[{"chain":"ethereum","gas_gwei"
2026-07-28T20:02:58.829Z OK #1018 /x402/web-fetch?url=https://example.com {"timestamp":"2026-07-28T20:02:58.744Z","url":"https://example.com","status":200
2026-07-28T20:03:01.046Z OK #1019 /x402/news-headlines {"timestamp":"2026-07-28T20:03:00.960Z","q":"crypto OR bitcoin OR AI agents","co
2026-07-28T20:03:03.916Z OK #1020 /x402/grants?keyword=ai {"source":"grants.gov/search2","total":138,"results":[{"id":"363121","number":"P
2026-07-28T20:03:05.797Z OK #1021 /x402/treasury-yields {"source":"home.treasury.gov/yield-curve","month":"202607","latest":{"date":"202
2026-07-28T20:03:07.833Z OK #1022 /x402/pha-lookup {"matches":[{"id":"nc-kinston-kha","name":"Kinston Housing Authority","hud_code"
2026-07-28T20:03:09.971Z OK #1023 /x402/hcv-fmr {"area":"Lenoir County, NC","year":2025,"bedrooms":4,"fmr_monthly":1497,"schedul
2026-07-28T20:03:12.092Z OK #1024 /x402/housing-windsor {"property":{"address":"1607 Windsor Rd","city":"Kinston","county":"Lenoir","sta
2026-07-28T20:03:14.405Z OK #1025 /x402/domain-enrich?domain=example.com {"timestamp":"2026-07-28T20:03:14.320Z","domain":"example.com","ips":["104.20.23
2026-07-28T20:03:16.852Z OK #1026 /x402/market?naics=541512 {"source":"usaspending.gov/api/v2","naics":"541512","window":{"start_date":"2023
2026-07-28T20:03:19.578Z OK #1027 /x402/sec-8k?ticker=AAPL {"source":"sec.gov/EDGAR","ticker":"AAPL","company":"Apple Inc.","cik":"320193",
2026-07-28T20:03:21.677Z OK #1028 /x402/fx-rate?base=USD&symbols=EUR {"source":"frankfurter.dev/v2/rates","data":[{"date":"2026-07-28","base":"USD","
2026-07-28T20:03:23.732Z OK #1029 /x402/fx-rate?base=USD&symbols=JPY {"source":"frankfurter.dev/v2/rates","data":[{"date":"2026-07-28","base":"USD","
2026-07-28T20:03:25.857Z OK #1030 /x402/gas-tracker {"timestamp":"2026-07-28T20:03:25.773Z","chains":[{"chain":"ethereum","gas_gwei"
2026-07-28T20:03:27.962Z OK #1031 /x402/web-fetch?url=https://example.com {"timestamp":"2026-07-28T20:03:27.877Z","url":"https://example.com","status":200
2026-07-28T20:03:29.834Z OK #1032 /x402/news-headlines {"timestamp":"2026-07-28T20:03:29.727Z","q":"crypto OR bitcoin OR AI agents","co
2026-07-28T20:03:32.174Z OK #1033 /x402/grants?keyword=ai {"source":"grants.gov/search2","total":138,"results":[{"id":"363121","number":"P
2026-07-28T20:03:34.334Z OK #1034 /x402/treasury-yields {"source":"home.treasury.gov/yield-curve","month":"202607","latest":{"date":"202
2026-07-28T20:03:36.057Z OK #1035 /x402/pha-lookup {"matches":[{"id":"nc-kinston-kha","name":"Kinston Housing Authority","hud_code"
2026-07-28T20:03:38.126Z OK #1036 /x402/hcv-fmr {"area":"Lenoir County, NC","year":2025,"bedrooms":4,"fmr_monthly":1497,"schedul
2026-07-28T20:03:40.447Z OK #1037 /x402/housing-windsor {"property":{"address":"1607 Windsor Rd","city":"Kinston","county":"Lenoir","sta
2026-07-28T20:03:42.435Z OK #1038 /x402/domain-enrich?domain=example.com {"timestamp":"2026-07-28T20:03:42.350Z","domain":"example.com","ips":["172.66.14
2026-07-28T20:03:44.838Z OK #1039 /x402/market?naics=541512 {"source":"usaspending.gov/api/v2","naics":"541512","window":{"start_date":"2023
2026-07-28T20:03:47.039Z OK #1040 /x402/sec-8k?ticker=AAPL {"source":"sec.gov/EDGAR","ticker":"AAPL","company":"Apple Inc.","cik":"320193",
2026-07-28T20:03:49.895Z OK #1041 /x402/fx-rate?base=USD&symbols=EUR {"source":"frankfurter.dev/v2/rates","data":[{"date":"2026-07-28","base":"USD","
2026-07-28T20:03:52.023Z OK #1042 /x402/fx-rate?base=USD&symbols=JPY {"source":"frankfurter.dev/v2/rates","data":[{"date":"2026-07-28","base":"USD","
2026-07-28T20:03:54.295Z OK #1043 /x402/gas-tracker {"timestamp":"2026-07-28T20:03:54.183Z","chains":[{"chain":"ethereum","gas_gwei"
2026-07-28T20:03:56.443Z OK #1044 /x402/web-fetch?url=https://example.com {"timestamp":"2026-07-28T20:03:56.357Z","url":"https://example.com","status":200
2026-07-28T20:03:58.712Z OK #1045 /x402/news-headlines {"timestamp":"2026-07-28T20:03:58.625Z","q":"crypto OR bitcoin OR AI agents","co
2026-07-28T20:04:01.075Z OK #1046 /x402/grants?keyword=ai {"source":"grants.gov/search2","total":138,"results":[{"id":"363121","number":"P
2026-07-28T20:04:03.592Z OK #1047 /x402/treasury-yields {"source":"home.treasury.gov/yield-curve","month":"202607","latest":{"date":"202
2026-07-28T20:04:06.093Z OK #1048 /x402/pha-lookup {"matches":[{"id":"nc-kinston-kha","name":"Kinston Housing Authority","hud_code"
2026-07-28T20:04:08.215Z OK #1049 /x402/hcv-fmr {"area":"Lenoir County, NC","year":2025,"bedrooms":4,"fmr_monthly":1497,"schedul
2026-07-28T20:04:10.318Z OK #1050 /x402/housing-windsor {"property":{"address":"1607 Windsor Rd","city":"Kinston","county":"Lenoir","sta
2026-07-28T20:04:12.639Z OK #1051 /x402/domain-enrich?domain=example.com {"timestamp":"2026-07-28T20:04:12.554Z","domain":"example.com","ips":["104.20.23
2026-07-28T20:04:14.636Z OK #1052 /x402/market?naics=541512 {"source":"usaspending.gov/api/v2","naics":"541512","window":{"start_date":"2023
2026-07-28T20:04:16.884Z OK #1053 /x402/sec-8k?ticker=AAPL {"source":"sec.gov/EDGAR","ticker":"AAPL","company":"Apple Inc.","cik":"320193",
2026-07-28T20:04:19.016Z OK #1054 /x402/fx-rate?base=USD&symbols=EUR {"source":"frankfurter.dev/v2/rates","data":[{"date":"2026-07-28","base":"USD","
2026-07-28T20:04:21.387Z OK #1055 /x402/fx-rate?base=USD&symbols=JPY {"source":"frankfurter.dev/v2/rates","data":[{"date":"2026-07-28","base":"USD","
2026-07-28T20:04:23.544Z OK #1056 /x402/gas-tracker {"timestamp":"2026-07-28T20:04:23.458Z","chains":[{"chain":"ethereum","gas_gwei"
2026-07-28T20:04:26.126Z OK #1057 /x402/web-fetch?url=https://example.com {"timestamp":"2026-07-28T20:04:26.042Z","url":"https://example.com","status":200
2026-07-28T20:04:28.009Z OK #1058 /x402/news-headlines {"timestamp":"2026-07-28T20:04:27.922Z","q":"crypto OR bitcoin OR AI agents","co
2026-07-28T20:04:30.735Z OK #1059 /x402/grants?keyword=ai {"source":"grants.gov/search2","total":138,"results":[{"id":"363121","number":"P
2026-07-28T20:04:33.569Z OK #1060 /x402/treasury-yields {"source":"home.treasury.gov/yield-curve","month":"202607","latest":{"date":"202
2026-07-28T20:04:35.631Z OK #1061 /x402/pha-lookup {"matches":[{"id":"nc-kinston-kha","name":"Kinston Housing Authority","hud_code"
2026-07-28T20:04:37.743Z OK #1062 /x402/hcv-fmr {"area":"Lenoir County, NC","year":2025,"bedrooms":4,"fmr_monthly":1497,"schedul
2026-07-28T20:04:39.742Z OK #1063 /x402/housing-windsor {"property":{"address":"1607 Windsor Rd","city":"Kinston","county":"Lenoir","sta
2026-07-28T20:04:42.164Z OK #1064 /x402/domain-enrich?domain=example.com {"timestamp":"2026-07-28T20:04:42.079Z","domain":"example.com","ips":["172.66.14
2026-07-28T20:04:44.529Z OK #1065 /x402/market?naics=541512 {"source":"usaspending.gov/api/v2","naics":"541512","window":{"start_date":"2023
2026-07-28T20:04:46.663Z OK #1066 /x402/sec-8k?ticker=AAPL {"source":"sec.gov/EDGAR","ticker":"AAPL","company":"Apple Inc.","cik":"320193",
2026-07-28T20:04:48.781Z OK #1067 /x402/fx-rate?base=USD&symbols=EUR {"source":"frankfurter.dev/v2/rates","data":[{"date":"2026-07-28","base":"USD","
2026-07-28T20:04:50.885Z OK #1068 /x402/fx-rate?base=USD&symbols=JPY {"source":"frankfurter.dev/v2/rates","data":[{"date":"2026-07-28","base":"USD","
2026-07-28T20:04:53.981Z OK #1069 /x402/gas-tracker {"timestamp":"2026-07-28T20:04:53.897Z","chains":[{"chain":"ethereum","gas_gwei"
2026-07-28T20:04:56.082Z OK #1070 /x402/web-fetch?url=https://example.com {"timestamp":"2026-07-28T20:04:55.997Z","url":"https://example.com","status":200
2026-07-28T20:04:58.251Z OK #1071 /x402/news-headlines {"timestamp":"2026-07-28T20:04:58.165Z","q":"crypto OR bitcoin OR AI agents","co
2026-07-28T20:05:00.490Z OK #1072 /x402/grants?keyword=ai {"source":"grants.gov/search2","total":138,"results":[{"id":"363121","number":"P
2026-07-28T20:05:02.659Z OK #1073 /x402/treasury-yields {"source":"home.treasury.gov/yield-curve","month":"202607","latest":{"date":"202
2026-07-28T20:05:04.593Z OK #1074 /x402/pha-lookup {"matches":[{"id":"nc-kinston-kha","name":"Kinston Housing Authority","hud_code"
2026-07-28T20:05:06.891Z OK #1075 /x402/hcv-fmr {"area":"Lenoir County, NC","year":2025,"bedrooms":4,"fmr_monthly":1497,"schedul
2026-07-28T20:05:08.972Z OK #1076 /x402/housing-windsor {"property":{"address":"1607 Windsor Rd","city":"Kinston","county":"Lenoir","sta
2026-07-28T20:05:11.784Z OK #1077 /x402/domain-enrich?domain=example.com {"timestamp":"2026-07-28T20:05:11.699Z","domain":"example.com","ips":["104.20.23
2026-07-28T20:05:14.192Z OK #1078 /x402/market?naics=541512 {"source":"usaspending.gov/api/v2","naics":"541512","window":{"start_date":"2023
2026-07-28T20:05:16.139Z OK #1079 /x402/sec-8k?ticker=AAPL {"source":"sec.gov/EDGAR","ticker":"AAPL","company":"Apple Inc.","cik":"320193",
2026-07-28T20:05:17.989Z OK #1080 /x402/fx-rate?base=USD&symbols=EUR {"source":"frankfurter.dev/v2/rates","data":[{"date":"2026-07-28","base":"USD","
2026-07-28T20:05:20.171Z OK #1081 /x402/fx-rate?base=USD&symbols=JPY {"source":"frankfurter.dev/v2/rates","data":[{"date":"2026-07-28","base":"USD","
2026-07-28T20:05:22.424Z OK #1082 /x402/gas-tracker {"timestamp":"2026-07-28T20:05:22.339Z","chains":[{"chain":"ethereum","gas_gwei"
2026-07-28T20:05:24.246Z OK #1083 /x402/web-fetch?url=https://example.com {"timestamp":"2026-07-28T20:05:24.162Z","url":"https://example.com","status":200
2026-07-28T20:05:26.386Z OK #1084 /x402/news-headlines {"timestamp":"2026-07-28T20:05:26.299Z","q":"crypto OR bitcoin OR AI agents","co
2026-07-28T20:05:28.758Z OK #1085 /x402/grants?keyword=ai {"source":"grants.gov/search2","total":138,"results":[{"id":"363121","number":"P
2026-07-28T20:05:30.962Z OK #1086 /x402/treasury-yields {"source":"home.treasury.gov/yield-curve","month":"202607","latest":{"date":"202
2026-07-28T20:05:33.361Z OK #1087 /x402/pha-lookup {"matches":[{"id":"nc-kinston-kha","name":"Kinston Housing Authority","hud_code"
2026-07-28T20:05:35.488Z OK #1088 /x402/hcv-fmr {"area":"Lenoir County, NC","year":2025,"bedrooms":4,"fmr_monthly":1497,"schedul
2026-07-28T20:05:37.404Z OK #1089 /x402/housing-windsor {"property":{"address":"1607 Windsor Rd","city":"Kinston","county":"Lenoir","sta
2026-07-28T20:05:39.828Z OK #1090 /x402/domain-enrich?domain=example.com {"timestamp":"2026-07-28T20:05:39.743Z","domain":"example.com","ips":["172.66.14
2026-07-28T20:05:42.068Z OK #1091 /x402/market?naics=541512 {"source":"usaspending.gov/api/v2","naics":"541512","window":{"start_date":"2023
2026-07-28T20:05:43.911Z OK #1092 /x402/sec-8k?ticker=AAPL {"source":"sec.gov/EDGAR","ticker":"AAPL","company":"Apple Inc.","cik":"320193",
2026-07-28T20:05:45.748Z OK #1093 /x402/fx-rate?base=USD&symbols=EUR {"source":"frankfurter.dev/v2/rates","data":[{"date":"2026-07-28","base":"USD","
2026-07-28T20:05:47.912Z OK #1094 /x402/fx-rate?base=USD&symbols=JPY {"source":"frankfurter.dev/v2/rates","data":[{"date":"2026-07-28","base":"USD","
2026-07-28T20:05:49.870Z OK #1095 /x402/gas-tracker {"timestamp":"2026-07-28T20:05:49.765Z","chains":[{"chain":"ethereum","gas_gwei"
2026-07-28T20:05:51.762Z OK #1096 /x402/web-fetch?url=https://example.com {"timestamp":"2026-07-28T20:05:51.673Z","url":"https://example.com","status":200
2026-07-28T20:05:54.420Z OK #1097 /x402/news-headlines {"timestamp":"2026-07-28T20:05:54.329Z","q":"crypto OR bitcoin OR AI agents","co
2026-07-28T20:05:56.919Z OK #1098 /x402/grants?keyword=ai {"source":"grants.gov/search2","total":138,"results":[{"id":"363121","number":"P
2026-07-28T20:05:59.059Z OK #1099 /x402/treasury-yields {"source":"home.treasury.gov/yield-curve","month":"202607","latest":{"date":"202
2026-07-28T20:06:01.457Z OK #1100 /x402/pha-lookup {"matches":[{"id":"nc-kinston-kha","name":"Kinston Housing Authority","hud_code"
2026-07-28T20:06:03.753Z OK #1101 /x402/hcv-fmr {"area":"Lenoir County, NC","year":2025,"bedrooms":4,"fmr_monthly":1497,"schedul
2026-07-28T20:06:05.899Z OK #1102 /x402/housing-windsor {"property":{"address":"1607 Windsor Rd","city":"Kinston","county":"Lenoir","sta
2026-07-28T20:06:08.261Z OK #1103 /x402/domain-enrich?domain=example.com {"timestamp":"2026-07-28T20:06:08.176Z","domain":"example.com","ips":["104.20.23
2026-07-28T20:06:10.717Z OK #1104 /x402/market?naics=541512 {"source":"usaspending.gov/api/v2","naics":"541512","window":{"start_date":"2023
2026-07-28T20:06:12.685Z OK #1105 /x402/sec-8k?ticker=AAPL {"source":"sec.gov/EDGAR","ticker":"AAPL","company":"Apple Inc.","cik":"320193",
2026-07-28T20:06:14.797Z OK #1106 /x402/fx-rate?base=USD&symbols=EUR {"source":"frankfurter.dev/v2/rates","data":[{"date":"2026-07-28","base":"USD","
2026-07-28T20:06:17.008Z OK #1107 /x402/fx-rate?base=USD&symbols=JPY {"source":"frankfurter.dev/v2/rates","data":[{"date":"2026-07-28","base":"USD","
2026-07-28T20:06:19.565Z OK #1108 /x402/gas-tracker {"timestamp":"2026-07-28T20:06:19.480Z","chains":[{"chain":"ethereum","gas_gwei"
2026-07-28T20:06:22.099Z OK #1109 /x402/web-fetch?url=https://example.com {"timestamp":"2026-07-28T20:06:22.014Z","url":"https://example.com","status":200
2026-07-28T20:06:25.180Z OK #1110 /x402/news-headlines {"timestamp":"2026-07-28T20:06:25.095Z","q":"crypto OR bitcoin OR AI agents","co
2026-07-28T20:06:27.946Z OK #1111 /x402/grants?keyword=ai {"source":"grants.gov/search2","total":138,"results":[{"id":"363121","number":"P
2026-07-28T20:06:30.331Z OK #1112 /x402/treasury-yields {"source":"home.treasury.gov/yield-curve","month":"202607","latest":{"date":"202
2026-07-28T20:06:32.500Z OK #1113 /x402/pha-lookup {"matches":[{"id":"nc-kinston-kha","name":"Kinston Housing Authority","hud_code"
2026-07-28T20:06:34.627Z OK #1114 /x402/hcv-fmr {"area":"Lenoir County, NC","year":2025,"bedrooms":4,"fmr_monthly":1497,"schedul
2026-07-28T20:06:36.776Z OK #1115 /x402/housing-windsor {"property":{"address":"1607 Windsor Rd","city":"Kinston","county":"Lenoir","sta
2026-07-28T20:06:39.349Z OK #1116 /x402/domain-enrich?domain=example.com {"timestamp":"2026-07-28T20:06:39.263Z","domain":"example.com","ips":["104.20.23
2026-07-28T20:06:41.712Z OK #1117 /x402/market?naics=541512 {"source":"usaspending.gov/api/v2","naics":"541512","window":{"start_date":"2023
2026-07-28T20:06:43.854Z OK #1118 /x402/sec-8k?ticker=AAPL {"source":"sec.gov/EDGAR","ticker":"AAPL","company":"Apple Inc.","cik":"320193",
2026-07-28T20:06:46.038Z OK #1119 /x402/fx-rate?base=USD&symbols=EUR {"source":"frankfurter.dev/v2/rates","data":[{"date":"2026-07-28","base":"USD","
2026-07-28T20:06:48.466Z OK #1120 /x402/fx-rate?base=USD&symbols=JPY {"source":"frankfurter.dev/v2/rates","data":[{"date":"2026-07-28","base":"USD","
2026-07-28T20:06:50.700Z OK #1121 /x402/gas-tracker {"timestamp":"2026-07-28T20:06:50.615Z","chains":[{"chain":"ethereum","gas_gwei"
2026-07-28T20:06:52.886Z OK #1122 /x402/web-fetch?url=https://example.com {"timestamp":"2026-07-28T20:06:52.801Z","url":"https://example.com","status":200
2026-07-28T20:06:55.522Z OK #1123 /x402/news-headlines {"timestamp":"2026-07-28T20:06:55.410Z","q":"crypto OR bitcoin OR AI agents","co
2026-07-28T20:06:57.723Z OK #1124 /x402/grants?keyword=ai {"source":"grants.gov/search2","total":138,"results":[{"id":"363121","number":"P
2026-07-28T20:06:59.631Z OK #1125 /x402/treasury-yields {"source":"home.treasury.gov/yield-curve","month":"202607","latest":{"date":"202
2026-07-28T20:07:01.775Z OK #1126 /x402/pha-lookup {"matches":[{"id":"nc-kinston-kha","name":"Kinston Housing Authority","hud_code"
2026-07-28T20:07:03.588Z OK #1127 /x402/hcv-fmr {"area":"Lenoir County, NC","year":2025,"bedrooms":4,"fmr_monthly":1497,"schedul
2026-07-28T20:07:05.976Z OK #1128 /x402/housing-windsor {"property":{"address":"1607 Windsor Rd","city":"Kinston","county":"Lenoir","sta
2026-07-28T20:07:08.134Z OK #1129 /x402/domain-enrich?domain=example.com {"timestamp":"2026-07-28T20:07:08.050Z","domain":"example.com","ips":["104.20.23
2026-07-28T20:07:10.505Z OK #1130 /x402/market?naics=541512 {"source":"usaspending.gov/api/v2","naics":"541512","window":{"start_date":"2023
2026-07-28T20:07:12.673Z OK #1131 /x402/sec-8k?ticker=AAPL {"source":"sec.gov/EDGAR","ticker":"AAPL","company":"Apple Inc.","cik":"320193",
2026-07-28T20:07:14.866Z OK #1132 /x402/fx-rate?base=USD&symbols=EUR {"source":"frankfurter.dev/v2/rates","data":[{"date":"2026-07-28","base":"USD","
2026-07-28T20:07:16.773Z OK #1133 /x402/fx-rate?base=USD&symbols=JPY {"source":"frankfurter.dev/v2/rates","data":[{"date":"2026-07-28","base":"USD","
2026-07-28T20:07:19.063Z OK #1134 /x402/gas-tracker {"timestamp":"2026-07-28T20:07:18.978Z","chains":[{"chain":"ethereum","gas_gwei"
2026-07-28T20:07:21.490Z OK #1135 /x402/web-fetch?url=https://example.com {"timestamp":"2026-07-28T20:07:21.405Z","url":"https://example.com","status":200
2026-07-28T20:07:23.486Z OK #1136 /x402/news-headlines {"timestamp":"2026-07-28T20:07:23.400Z","q":"crypto OR bitcoin OR AI agents","co
2026-07-28T20:07:25.879Z OK #1137 /x402/grants?keyword=ai {"source":"grants.gov/search2","total":138,"results":[{"id":"363121","number":"P
2026-07-28T20:07:27.783Z OK #1138 /x402/treasury-yields {"source":"home.treasury.gov/yield-curve","month":"202607","latest":{"date":"202
2026-07-28T20:07:30.017Z OK #1139 /x402/pha-lookup {"matches":[{"id":"nc-kinston-kha","name":"Kinston Housing Authority","hud_code"
2026-07-28T20:07:32.289Z OK #1140 /x402/hcv-fmr {"area":"Lenoir County, NC","year":2025,"bedrooms":4,"fmr_monthly":1497,"schedul
2026-07-28T20:07:34.509Z OK #1141 /x402/housing-windsor {"property":{"address":"1607 Windsor Rd","city":"Kinston","county":"Lenoir","sta
2026-07-28T20:07:36.862Z OK #1142 /x402/domain-enrich?domain=example.com {"timestamp":"2026-07-28T20:07:36.777Z","domain":"example.com","ips":["172.66.14
2026-07-28T20:07:39.207Z OK #1143 /x402/market?naics=541512 {"source":"usaspending.gov/api/v2","naics":"541512","window":{"start_date":"2023
2026-07-28T20:07:41.768Z OK #1144 /x402/sec-8k?ticker=AAPL {"source":"sec.gov/EDGAR","ticker":"AAPL","company":"Apple Inc.","cik":"320193",
2026-07-28T20:07:43.892Z OK #1145 /x402/fx-rate?base=USD&symbols=EUR {"source":"frankfurter.dev/v2/rates","data":[{"date":"2026-07-28","base":"USD","
2026-07-28T20:07:45.902Z OK #1146 /x402/fx-rate?base=USD&symbols=JPY {"source":"frankfurter.dev/v2/rates","data":[{"date":"2026-07-28","base":"USD","
2026-07-28T20:07:47.813Z OK #1147 /x402/gas-tracker {"timestamp":"2026-07-28T20:07:47.727Z","chains":[{"chain":"ethereum","gas_gwei"
2026-07-28T20:07:49.949Z OK #1148 /x402/web-fetch?url=https://example.com {"timestamp":"2026-07-28T20:07:49.864Z","url":"https://example.com","status":200
2026-07-28T20:07:52.500Z OK #1149 /x402/news-headlines {"timestamp":"2026-07-28T20:07:52.415Z","q":"crypto OR bitcoin OR AI agents","co
2026-07-28T20:07:54.841Z OK #1150 /x402/grants?keyword=ai {"source":"grants.gov/search2","total":138,"results":[{"id":"363121","number":"P
2026-07-28T20:07:56.791Z OK #1151 /x402/treasury-yields {"source":"home.treasury.gov/yield-curve","month":"202607","latest":{"date":"202
2026-07-28T20:07:58.580Z OK #1152 /x402/pha-lookup {"matches":[{"id":"nc-kinston-kha","name":"Kinston Housing Authority","hud_code"
2026-07-28T20:08:00.391Z OK #1153 /x402/hcv-fmr {"area":"Lenoir County, NC","year":2025,"bedrooms":4,"fmr_monthly":1497,"schedul
2026-07-28T20:08:02.661Z OK #1154 /x402/housing-windsor {"property":{"address":"1607 Windsor Rd","city":"Kinston","county":"Lenoir","sta
2026-07-28T20:08:05.002Z OK #1155 /x402/domain-enrich?domain=example.com {"timestamp":"2026-07-28T20:08:04.917Z","domain":"example.com","ips":["172.66.14
2026-07-28T20:08:07.731Z OK #1156 /x402/market?naics=541512 {"source":"usaspending.gov/api/v2","naics":"541512","window":{"start_date":"2023
2026-07-28T20:08:09.992Z OK #1157 /x402/sec-8k?ticker=AAPL {"source":"sec.gov/EDGAR","ticker":"AAPL","company":"Apple Inc.","cik":"320193",
2026-07-28T20:08:12.219Z OK #1158 /x402/fx-rate?base=USD&symbols=EUR {"source":"frankfurter.dev/v2/rates","data":[{"date":"2026-07-28","base":"USD","
2026-07-28T20:08:14.434Z OK #1159 /x402/fx-rate?base=USD&symbols=JPY {"source":"frankfurter.dev/v2/rates","data":[{"date":"2026-07-28","base":"USD","
2026-07-28T20:08:16.734Z OK #1160 /x402/gas-tracker {"timestamp":"2026-07-28T20:08:16.631Z","chains":[{"chain":"ethereum","gas_gwei"
2026-07-28T20:08:18.963Z OK #1161 /x402/web-fetch?url=https://example.com {"timestamp":"2026-07-28T20:08:18.879Z","url":"https://example.com","status":200
2026-07-28T20:08:21.902Z OK #1162 /x402/news-headlines {"timestamp":"2026-07-28T20:08:21.816Z","q":"crypto OR bitcoin OR AI agents","co
2026-07-28T20:08:24.543Z OK #1163 /x402/grants?keyword=ai {"source":"grants.gov/search2","total":138,"results":[{"id":"363121","number":"P
2026-07-28T20:08:26.508Z OK #1164 /x402/treasury-yields {"source":"home.treasury.gov/yield-curve","month":"202607","latest":{"date":"202
2026-07-28T20:08:28.647Z OK #1165 /x402/pha-lookup {"matches":[{"id":"nc-kinston-kha","name":"Kinston Housing Authority","hud_code"
2026-07-28T20:08:32.065Z OK #1166 /x402/hcv-fmr {"area":"Lenoir County, NC","year":2025,"bedrooms":4,"fmr_monthly":1497,"schedul
2026-07-28T20:08:34.418Z FAIL 402 /x402/housing-windsor {"x402Version":2,"error":"payment_unsettled","resource":{"url":"https://mcp-x402.onrender.com/x402/housing-windsor","description":"Kinston NC 4BR landlord bundle: PHA contacts, FY2
2026-07-28T20:08:37.922Z OK #1167 /x402/domain-enrich?domain=example.com {"timestamp":"2026-07-28T20:08:37.836Z","domain":"example.com","ips":["172.66.14
2026-07-28T20:08:40.295Z OK #1168 /x402/market?naics=541512 {"source":"usaspending.gov/api/v2","naics":"541512","window":{"start_date":"2023
2026-07-28T20:08:42.497Z OK #1169 /x402/sec-8k?ticker=AAPL {"source":"sec.gov/EDGAR","ticker":"AAPL","company":"Apple Inc.","cik":"320193",
2026-07-28T20:08:44.628Z OK #1170 /x402/fx-rate?base=USD&symbols=EUR {"source":"frankfurter.dev/v2/rates","data":[{"date":"2026-07-28","base":"USD","
2026-07-28T20:08:46.757Z OK #1171 /x402/fx-rate?base=USD&symbols=JPY {"source":"frankfurter.dev/v2/rates","data":[{"date":"2026-07-28","base":"USD","
2026-07-28T20:08:48.693Z OK #1172 /x402/gas-tracker {"timestamp":"2026-07-28T20:08:48.608Z","chains":[{"chain":"ethereum","gas_gwei"
2026-07-28T20:08:50.868Z OK #1173 /x402/web-fetch?url=https://example.com {"timestamp":"2026-07-28T20:08:50.783Z","url":"https://example.com","status":200
2026-07-28T20:08:53.256Z OK #1174 /x402/news-headlines {"timestamp":"2026-07-28T20:08:53.158Z","q":"crypto OR bitcoin OR AI agents","co
2026-07-28T20:08:55.845Z OK #1175 /x402/grants?keyword=ai {"source":"grants.gov/search2","total":138,"results":[{"id":"363121","number":"P
2026-07-28T20:08:57.767Z OK #1176 /x402/treasury-yields {"source":"home.treasury.gov/yield-curve","month":"202607","latest":{"date":"202
2026-07-28T20:08:59.938Z OK #1177 /x402/pha-lookup {"matches":[{"id":"nc-kinston-kha","name":"Kinston Housing Authority","hud_code"
2026-07-28T20:09:02.116Z OK #1178 /x402/hcv-fmr {"area":"Lenoir County, NC","year":2025,"bedrooms":4,"fmr_monthly":1497,"schedul
2026-07-28T20:09:04.290Z OK #1179 /x402/housing-windsor {"property":{"address":"1607 Windsor Rd","city":"Kinston","county":"Lenoir","sta
2026-07-28T20:09:06.833Z OK #1180 /x402/domain-enrich?domain=example.com {"timestamp":"2026-07-28T20:09:06.748Z","domain":"example.com","ips":["104.20.23
2026-07-28T20:09:09.000Z OK #1181 /x402/market?naics=541512 {"source":"usaspending.gov/api/v2","naics":"541512","window":{"start_date":"2023
2026-07-28T20:09:11.542Z OK #1182 /x402/sec-8k?ticker=AAPL {"source":"sec.gov/EDGAR","ticker":"AAPL","company":"Apple Inc.","cik":"320193",
2026-07-28T20:09:13.437Z OK #1183 /x402/fx-rate?base=USD&symbols=EUR {"source":"frankfurter.dev/v2/rates","data":[{"date":"2026-07-28","base":"USD","
2026-07-28T20:09:15.574Z OK #1184 /x402/fx-rate?base=USD&symbols=JPY {"source":"frankfurter.dev/v2/rates","data":[{"date":"2026-07-28","base":"USD","
2026-07-28T20:09:17.909Z OK #1185 /x402/gas-tracker {"timestamp":"2026-07-28T20:09:17.824Z","chains":[{"chain":"ethereum","gas_gwei"
2026-07-28T20:09:20.382Z OK #1186 /x402/web-fetch?url=https://example.com {"timestamp":"2026-07-28T20:09:20.297Z","url":"https://example.com","status":200
2026-07-28T20:09:22.669Z OK #1187 /x402/news-headlines {"timestamp":"2026-07-28T20:09:22.584Z","q":"crypto OR bitcoin OR AI agents","co
2026-07-28T20:09:25.130Z OK #1188 /x402/grants?keyword=ai {"source":"grants.gov/search2","total":138,"results":[{"id":"363121","number":"P
2026-07-28T20:09:27.641Z OK #1189 /x402/treasury-yields {"source":"home.treasury.gov/yield-curve","month":"202607","latest":{"date":"202
2026-07-28T20:09:29.561Z OK #1190 /x402/pha-lookup {"matches":[{"id":"nc-kinston-kha","name":"Kinston Housing Authority","hud_code"
2026-07-28T20:09:31.720Z OK #1191 /x402/hcv-fmr {"area":"Lenoir County, NC","year":2025,"bedrooms":4,"fmr_monthly":1497,"schedul
2026-07-28T20:09:33.784Z OK #1192 /x402/housing-windsor {"property":{"address":"1607 Windsor Rd","city":"Kinston","county":"Lenoir","sta
2026-07-28T20:09:36.085Z OK #1193 /x402/domain-enrich?domain=example.com {"timestamp":"2026-07-28T20:09:36.001Z","domain":"example.com","ips":["104.20.23
2026-07-28T20:09:38.088Z OK #1194 /x402/market?naics=541512 {"source":"usaspending.gov/api/v2","naics":"541512","window":{"start_date":"2023
2026-07-28T20:09:40.387Z OK #1195 /x402/sec-8k?ticker=AAPL {"source":"sec.gov/EDGAR","ticker":"AAPL","company":"Apple Inc.","cik":"320193",
2026-07-28T20:09:42.266Z OK #1196 /x402/fx-rate?base=USD&symbols=EUR {"source":"frankfurter.dev/v2/rates","data":[{"date":"2026-07-28","base":"USD","
2026-07-28T20:09:44.119Z OK #1197 /x402/fx-rate?base=USD&symbols=JPY {"source":"frankfurter.dev/v2/rates","data":[{"date":"2026-07-28","base":"USD","
2026-07-28T20:09:47.031Z OK #1198 /x402/gas-tracker {"timestamp":"2026-07-28T20:09:46.946Z","chains":[{"chain":"ethereum","gas_gwei"
2026-07-28T20:09:49.577Z OK #1199 /x402/web-fetch?url=https://example.com {"timestamp":"2026-07-28T20:09:49.493Z","url":"https://example.com","status":200
2026-07-28T20:09:51.474Z OK #1200 /x402/news-headlines {"timestamp":"2026-07-28T20:09:51.389Z","q":"crypto OR bitcoin OR AI agents","co
2026-07-28T20:09:54.079Z OK #1201 /x402/grants?keyword=ai {"source":"grants.gov/search2","total":138,"results":[{"id":"363121","number":"P
2026-07-28T20:09:56.224Z OK #1202 /x402/treasury-yields {"source":"home.treasury.gov/yield-curve","month":"202607","latest":{"date":"202
2026-07-28T20:09:58.364Z OK #1203 /x402/pha-lookup {"matches":[{"id":"nc-kinston-kha","name":"Kinston Housing Authority","hud_code"
2026-07-28T20:10:00.457Z OK #1204 /x402/hcv-fmr {"area":"Lenoir County, NC","year":2025,"bedrooms":4,"fmr_monthly":1497,"schedul
2026-07-28T20:10:02.672Z OK #1205 /x402/housing-windsor {"property":{"address":"1607 Windsor Rd","city":"Kinston","county":"Lenoir","sta
2026-07-28T20:10:05.025Z OK #1206 /x402/domain-enrich?domain=example.com {"timestamp":"2026-07-28T20:10:04.940Z","domain":"example.com","ips":["172.66.14
2026-07-28T20:10:07.636Z OK #1207 /x402/market?naics=541512 {"source":"usaspending.gov/api/v2","naics":"541512","window":{"start_date":"2023
2026-07-28T20:10:09.580Z OK #1208 /x402/sec-8k?ticker=AAPL {"source":"sec.gov/EDGAR","ticker":"AAPL","company":"Apple Inc.","cik":"320193",
2026-07-28T20:10:11.903Z OK #1209 /x402/fx-rate?base=USD&symbols=EUR {"source":"frankfurter.dev/v2/rates","data":[{"date":"2026-07-28","base":"USD","
2026-07-28T20:10:14.141Z OK #1210 /x402/fx-rate?base=USD&symbols=JPY {"source":"frankfurter.dev/v2/rates","data":[{"date":"2026-07-28","base":"USD","
2026-07-28T20:10:16.447Z OK #1211 /x402/gas-tracker {"timestamp":"2026-07-28T20:10:16.362Z","chains":[{"chain":"ethereum","gas_gwei"
2026-07-28T20:10:18.514Z OK #1212 /x402/web-fetch?url=https://example.com {"timestamp":"2026-07-28T20:10:18.429Z","url":"https://example.com","status":200
2026-07-28T20:10:21.025Z OK #1213 /x402/news-headlines {"timestamp":"2026-07-28T20:10:20.940Z","q":"crypto OR bitcoin OR AI agents","co
2026-07-28T20:10:23.737Z OK #1214 /x402/grants?keyword=ai {"source":"grants.gov/search2","total":138,"results":[{"id":"363121","number":"P
2026-07-28T20:10:25.998Z OK #1215 /x402/treasury-yields {"source":"home.treasury.gov/yield-curve","month":"202607","latest":{"date":"202
2026-07-28T20:10:28.120Z OK #1216 /x402/pha-lookup {"matches":[{"id":"nc-kinston-kha","name":"Kinston Housing Authority","hud_code"
2026-07-28T20:10:29.900Z OK #1217 /x402/hcv-fmr {"area":"Lenoir County, NC","year":2025,"bedrooms":4,"fmr_monthly":1497,"schedul
2026-07-28T20:10:31.709Z OK #1218 /x402/housing-windsor {"property":{"address":"1607 Windsor Rd","city":"Kinston","county":"Lenoir","sta
2026-07-28T20:10:34.031Z OK #1219 /x402/domain-enrich?domain=example.com {"timestamp":"2026-07-28T20:10:33.946Z","domain":"example.com","ips":["104.20.23
2026-07-28T20:10:36.082Z OK #1220 /x402/market?naics=541512 {"source":"usaspending.gov/api/v2","naics":"541512","window":{"start_date":"2023
2026-07-28T20:10:37.943Z OK #1221 /x402/sec-8k?ticker=AAPL {"source":"sec.gov/EDGAR","ticker":"AAPL","company":"Apple Inc.","cik":"320193",
2026-07-28T20:10:39.791Z OK #1222 /x402/fx-rate?base=USD&symbols=EUR {"source":"frankfurter.dev/v2/rates","data":[{"date":"2026-07-28","base":"USD","
2026-07-28T20:10:41.929Z OK #1223 /x402/fx-rate?base=USD&symbols=JPY {"source":"frankfurter.dev/v2/rates","data":[{"date":"2026-07-28","base":"USD","
2026-07-28T20:10:43.895Z OK #1224 /x402/gas-tracker {"timestamp":"2026-07-28T20:10:43.810Z","chains":[{"chain":"ethereum","gas_gwei"
2026-07-28T20:10:45.741Z OK #1225 /x402/web-fetch?url=https://example.com {"timestamp":"2026-07-28T20:10:45.656Z","url":"https://example.com","status":200
2026-07-28T20:10:47.695Z OK #1226 /x402/news-headlines {"timestamp":"2026-07-28T20:10:47.610Z","q":"crypto OR bitcoin OR AI agents","co
2026-07-28T20:10:50.118Z OK #1227 /x402/grants?keyword=ai {"source":"grants.gov/search2","total":138,"results":[{"id":"363121","number":"P
2026-07-28T20:10:52.370Z OK #1228 /x402/treasury-yields {"source":"home.treasury.gov/yield-curve","month":"202607","latest":{"date":"202
2026-07-28T20:10:54.613Z OK #1229 /x402/pha-lookup {"matches":[{"id":"nc-kinston-kha","name":"Kinston Housing Authority","hud_code"
2026-07-28T20:10:56.775Z OK #1230 /x402/hcv-fmr {"area":"Lenoir County, NC","year":2025,"bedrooms":4,"fmr_monthly":1497,"schedul
2026-07-28T20:10:58.564Z OK #1231 /x402/housing-windsor {"property":{"address":"1607 Windsor Rd","city":"Kinston","county":"Lenoir","sta
2026-07-28T20:11:00.940Z OK #1232 /x402/domain-enrich?domain=example.com {"timestamp":"2026-07-28T20:11:00.855Z","domain":"example.com","ips":["172.66.14
2026-07-28T20:11:03.611Z OK #1233 /x402/market?naics=541512 {"source":"usaspending.gov/api/v2","naics":"541512","window":{"start_date":"2023
2026-07-28T20:11:05.793Z OK #1234 /x402/sec-8k?ticker=AAPL {"source":"sec.gov/EDGAR","ticker":"AAPL","company":"Apple Inc.","cik":"320193",
2026-07-28T20:11:07.753Z OK #1235 /x402/fx-rate?base=USD&symbols=EUR {"source":"frankfurter.dev/v2/rates","data":[{"date":"2026-07-28","base":"USD","
2026-07-28T20:11:09.866Z OK #1236 /x402/fx-rate?base=USD&symbols=JPY {"source":"frankfurter.dev/v2/rates","data":[{"date":"2026-07-28","base":"USD","
2026-07-28T20:11:11.819Z OK #1237 /x402/gas-tracker {"timestamp":"2026-07-28T20:11:11.734Z","chains":[{"chain":"ethereum","gas_gwei"
2026-07-28T20:11:13.910Z OK #1238 /x402/web-fetch?url=https://example.com {"timestamp":"2026-07-28T20:11:13.826Z","url":"https://example.com","status":200
2026-07-28T20:11:16.665Z OK #1239 /x402/news-headlines {"timestamp":"2026-07-28T20:11:16.580Z","q":"crypto OR bitcoin OR AI agents","co
2026-07-28T20:11:19.143Z OK #1240 /x402/grants?keyword=ai {"source":"grants.gov/search2","total":138,"results":[{"id":"363121","number":"P
2026-07-28T20:11:21.690Z OK #1241 /x402/treasury-yields {"source":"home.treasury.gov/yield-curve","month":"202607","latest":{"date":"202
2026-07-28T20:11:23.815Z OK #1242 /x402/pha-lookup {"matches":[{"id":"nc-kinston-kha","name":"Kinston Housing Authority","hud_code"
2026-07-28T20:11:25.956Z OK #1243 /x402/hcv-fmr {"area":"Lenoir County, NC","year":2025,"bedrooms":4,"fmr_monthly":1497,"schedul
2026-07-28T20:11:28.243Z OK #1244 /x402/housing-windsor {"property":{"address":"1607 Windsor Rd","city":"Kinston","county":"Lenoir","sta
2026-07-28T20:11:30.322Z OK #1245 /x402/domain-enrich?domain=example.com {"timestamp":"2026-07-28T20:11:30.237Z","domain":"example.com","ips":["104.20.23
2026-07-28T20:11:32.647Z OK #1246 /x402/market?naics=541512 {"source":"usaspending.gov/api/v2","naics":"541512","window":{"start_date":"2023
2026-07-28T20:11:34.784Z OK #1247 /x402/sec-8k?ticker=AAPL {"source":"sec.gov/EDGAR","ticker":"AAPL","company":"Apple Inc.","cik":"320193",
2026-07-28T20:11:36.931Z OK #1248 /x402/fx-rate?base=USD&symbols=EUR {"source":"frankfurter.dev/v2/rates","data":[{"date":"2026-07-28","base":"USD","
2026-07-28T20:11:39.013Z OK #1249 /x402/fx-rate?base=USD&symbols=JPY {"source":"frankfurter.dev/v2/rates","data":[{"date":"2026-07-28","base":"USD","
2026-07-28T20:11:41.633Z OK #1250 /x402/gas-tracker {"timestamp":"2026-07-28T20:11:41.549Z","chains":[{"chain":"ethereum","gas_gwei"
2026-07-28T20:11:43.918Z OK #1251 /x402/web-fetch?url=https://example.com {"timestamp":"2026-07-28T20:11:43.831Z","url":"https://example.com","status":200
2026-07-28T20:11:46.198Z OK #1252 /x402/news-headlines {"timestamp":"2026-07-28T20:11:46.113Z","q":"crypto OR bitcoin OR AI agents","co
2026-07-28T20:11:48.587Z OK #1253 /x402/grants?keyword=ai {"source":"grants.gov/search2","total":138,"results":[{"id":"363121","number":"P
2026-07-28T20:11:50.639Z OK #1254 /x402/treasury-yields {"source":"home.treasury.gov/yield-curve","month":"202607","latest":{"date":"202
2026-07-28T20:11:52.390Z OK #1255 /x402/pha-lookup {"matches":[{"id":"nc-kinston-kha","name":"Kinston Housing Authority","hud_code"
2026-07-28T20:11:54.587Z OK #1256 /x402/hcv-fmr {"area":"Lenoir County, NC","year":2025,"bedrooms":4,"fmr_monthly":1497,"schedul
2026-07-28T20:11:56.632Z OK #1257 /x402/housing-windsor {"property":{"address":"1607 Windsor Rd","city":"Kinston","county":"Lenoir","sta
2026-07-28T20:11:59.264Z OK #1258 /x402/domain-enrich?domain=example.com {"timestamp":"2026-07-28T20:11:59.179Z","domain":"example.com","ips":["104.20.23
2026-07-28T20:12:01.644Z OK #1259 /x402/market?naics=541512 {"source":"usaspending.gov/api/v2","naics":"541512","window":{"start_date":"2023
2026-07-28T20:12:03.603Z OK #1260 /x402/sec-8k?ticker=AAPL {"source":"sec.gov/EDGAR","ticker":"AAPL","company":"Apple Inc.","cik":"320193",
2026-07-28T20:12:05.415Z OK #1261 /x402/fx-rate?base=USD&symbols=EUR {"source":"frankfurter.dev/v2/rates","data":[{"date":"2026-07-28","base":"USD","
2026-07-28T20:12:07.654Z OK #1262 /x402/fx-rate?base=USD&symbols=JPY {"source":"frankfurter.dev/v2/rates","data":[{"date":"2026-07-28","base":"USD","
2026-07-28T20:12:09.645Z OK #1263 /x402/gas-tracker {"timestamp":"2026-07-28T20:12:09.558Z","chains":[{"chain":"ethereum","gas_gwei"
2026-07-28T20:12:11.762Z OK #1264 /x402/web-fetch?url=https://example.com {"timestamp":"2026-07-28T20:12:11.678Z","url":"https://example.com","status":200
2026-07-28T20:12:13.964Z OK #1265 /x402/news-headlines {"timestamp":"2026-07-28T20:12:13.876Z","q":"crypto OR bitcoin OR AI agents","co
2026-07-28T20:12:16.418Z OK #1266 /x402/grants?keyword=ai {"source":"grants.gov/search2","total":138,"results":[{"id":"363121","number":"P
2026-07-28T20:12:18.700Z OK #1267 /x402/treasury-yields {"source":"home.treasury.gov/yield-curve","month":"202607","latest":{"date":"202
2026-07-28T20:12:20.867Z OK #1268 /x402/pha-lookup {"matches":[{"id":"nc-kinston-kha","name":"Kinston Housing Authority","hud_code"
2026-07-28T20:12:22.895Z OK #1269 /x402/hcv-fmr {"area":"Lenoir County, NC","year":2025,"bedrooms":4,"fmr_monthly":1497,"schedul
2026-07-28T20:12:25.028Z OK #1270 /x402/housing-windsor {"property":{"address":"1607 Windsor Rd","city":"Kinston","county":"Lenoir","sta
2026-07-28T20:12:27.788Z OK #1271 /x402/domain-enrich?domain=example.com {"timestamp":"2026-07-28T20:12:27.704Z","domain":"example.com","ips":["172.66.14
2026-07-28T20:12:29.797Z OK #1272 /x402/market?naics=541512 {"source":"usaspending.gov/api/v2","naics":"541512","window":{"start_date":"2023
2026-07-28T20:12:32.001Z OK #1273 /x402/sec-8k?ticker=AAPL {"source":"sec.gov/EDGAR","ticker":"AAPL","company":"Apple Inc.","cik":"320193",
2026-07-28T20:12:34.248Z OK #1274 /x402/fx-rate?base=USD&symbols=EUR {"source":"frankfurter.dev/v2/rates","data":[{"date":"2026-07-28","base":"USD","
2026-07-28T20:12:36.482Z OK #1275 /x402/fx-rate?base=USD&symbols=JPY {"source":"frankfurter.dev/v2/rates","data":[{"date":"2026-07-28","base":"USD","
2026-07-28T20:12:38.714Z OK #1276 /x402/gas-tracker {"timestamp":"2026-07-28T20:12:38.630Z","chains":[{"chain":"ethereum","gas_gwei"
2026-07-28T20:12:40.892Z OK #1277 /x402/web-fetch?url=https://example.com {"timestamp":"2026-07-28T20:12:40.807Z","url":"https://example.com","status":200
2026-07-28T20:12:43.627Z OK #1278 /x402/news-headlines {"timestamp":"2026-07-28T20:12:43.541Z","q":"crypto OR bitcoin OR AI agents","co
2026-07-28T20:12:46.008Z OK #1279 /x402/grants?keyword=ai {"source":"grants.gov/search2","total":138,"results":[{"id":"363121","number":"P
2026-07-28T20:12:48.187Z OK #1280 /x402/treasury-yields {"source":"home.treasury.gov/yield-curve","month":"202607","latest":{"date":"202
2026-07-28T20:12:50.596Z OK #1281 /x402/pha-lookup {"matches":[{"id":"nc-kinston-kha","name":"Kinston Housing Authority","hud_code"
2026-07-28T20:12:52.962Z OK #1282 /x402/hcv-fmr {"area":"Lenoir County, NC","year":2025,"bedrooms":4,"fmr_monthly":1497,"schedul
2026-07-28T20:12:55.338Z OK #1283 /x402/housing-windsor {"property":{"address":"1607 Windsor Rd","city":"Kinston","county":"Lenoir","sta
2026-07-28T20:12:57.729Z OK #1284 /x402/domain-enrich?domain=example.com {"timestamp":"2026-07-28T20:12:57.640Z","domain":"example.com","ips":["172.66.14
2026-07-28T20:13:00.002Z OK #1285 /x402/market?naics=541512 {"source":"usaspending.gov/api/v2","naics":"541512","window":{"start_date":"2023
2026-07-28T20:13:02.190Z OK #1286 /x402/sec-8k?ticker=AAPL {"source":"sec.gov/EDGAR","ticker":"AAPL","company":"Apple Inc.","cik":"320193",
2026-07-28T20:13:04.084Z OK #1287 /x402/fx-rate?base=USD&symbols=EUR {"source":"frankfurter.dev/v2/rates","data":[{"date":"2026-07-28","base":"USD","
2026-07-28T20:13:05.914Z OK #1288 /x402/fx-rate?base=USD&symbols=JPY {"source":"frankfurter.dev/v2/rates","data":[{"date":"2026-07-28","base":"USD","
2026-07-28T20:13:08.096Z OK #1289 /x402/gas-tracker {"timestamp":"2026-07-28T20:13:08.008Z","chains":[{"chain":"ethereum","gas_gwei"
2026-07-28T20:13:10.170Z OK #1290 /x402/web-fetch?url=https://example.com {"timestamp":"2026-07-28T20:13:10.085Z","url":"https://example.com","status":200
2026-07-28T20:13:12.429Z OK #1291 /x402/news-headlines {"timestamp":"2026-07-28T20:13:12.343Z","q":"crypto OR bitcoin OR AI agents","co
2026-07-28T20:13:14.883Z OK #1292 /x402/grants?keyword=ai {"source":"grants.gov/search2","total":138,"results":[{"id":"363121","number":"P
2026-07-28T20:13:17.544Z OK #1293 /x402/treasury-yields {"source":"home.treasury.gov/yield-curve","month":"202607","latest":{"date":"202
2026-07-28T20:13:19.663Z OK #1294 /x402/pha-lookup {"matches":[{"id":"nc-kinston-kha","name":"Kinston Housing Authority","hud_code"
2026-07-28T20:13:21.782Z OK #1295 /x402/hcv-fmr {"area":"Lenoir County, NC","year":2025,"bedrooms":4,"fmr_monthly":1497,"schedul
2026-07-28T20:13:23.557Z OK #1296 /x402/housing-windsor {"property":{"address":"1607 Windsor Rd","city":"Kinston","county":"Lenoir","sta
2026-07-28T20:13:25.848Z OK #1297 /x402/domain-enrich?domain=example.com {"timestamp":"2026-07-28T20:13:25.763Z","domain":"example.com","ips":["104.20.23
2026-07-28T20:13:28.165Z OK #1298 /x402/market?naics=541512 {"source":"usaspending.gov/api/v2","naics":"541512","window":{"start_date":"2023
2026-07-28T20:13:30.664Z OK #1299 /x402/sec-8k?ticker=AAPL {"source":"sec.gov/EDGAR","ticker":"AAPL","company":"Apple Inc.","cik":"320193",
2026-07-28T20:13:32.872Z OK #1300 /x402/fx-rate?base=USD&symbols=EUR {"source":"frankfurter.dev/v2/rates","data":[{"date":"2026-07-28","base":"USD","
2026-07-28T20:13:34.738Z OK #1301 /x402/fx-rate?base=USD&symbols=JPY {"source":"frankfurter.dev/v2/rates","data":[{"date":"2026-07-28","base":"USD","
2026-07-28T20:13:36.919Z OK #1302 /x402/gas-tracker {"timestamp":"2026-07-28T20:13:36.832Z","chains":[{"chain":"ethereum","gas_gwei"
2026-07-28T20:13:39.066Z OK #1303 /x402/web-fetch?url=https://example.com {"timestamp":"2026-07-28T20:13:38.981Z","url":"https://example.com","status":200
2026-07-28T20:13:41.997Z OK #1304 /x402/news-headlines {"timestamp":"2026-07-28T20:13:41.911Z","q":"crypto OR bitcoin OR AI agents","co
2026-07-28T20:13:44.549Z OK #1305 /x402/grants?keyword=ai {"source":"grants.gov/search2","total":138,"results":[{"id":"363121","number":"P
2026-07-28T20:13:46.739Z OK #1306 /x402/treasury-yields {"source":"home.treasury.gov/yield-curve","month":"202607","latest":{"date":"202
2026-07-28T20:13:48.835Z OK #1307 /x402/pha-lookup {"matches":[{"id":"nc-kinston-kha","name":"Kinston Housing Authority","hud_code"
2026-07-28T20:13:50.966Z OK #1308 /x402/hcv-fmr {"area":"Lenoir County, NC","year":2025,"bedrooms":4,"fmr_monthly":1497,"schedul
2026-07-28T20:13:53.863Z OK #1309 /x402/housing-windsor {"property":{"address":"1607 Windsor Rd","city":"Kinston","county":"Lenoir","sta
2026-07-28T20:13:56.217Z OK #1310 /x402/domain-enrich?domain=example.com {"timestamp":"2026-07-28T20:13:56.130Z","domain":"example.com","ips":["172.66.14
2026-07-28T20:13:58.508Z OK #1311 /x402/market?naics=541512 {"source":"usaspending.gov/api/v2","naics":"541512","window":{"start_date":"2023
2026-07-28T20:14:00.663Z OK #1312 /x402/sec-8k?ticker=AAPL {"source":"sec.gov/EDGAR","ticker":"AAPL","company":"Apple Inc.","cik":"320193",
2026-07-28T20:14:03.452Z OK #1313 /x402/fx-rate?base=USD&symbols=EUR {"source":"frankfurter.dev/v2/rates","data":[{"date":"2026-07-28","base":"USD","
2026-07-28T20:14:05.615Z OK #1314 /x402/fx-rate?base=USD&symbols=JPY {"source":"frankfurter.dev/v2/rates","data":[{"date":"2026-07-28","base":"USD","
2026-07-28T20:14:07.500Z OK #1315 /x402/gas-tracker {"timestamp":"2026-07-28T20:14:07.416Z","chains":[{"chain":"ethereum","gas_gwei"
2026-07-28T20:14:09.582Z OK #1316 /x402/web-fetch?url=https://example.com {"timestamp":"2026-07-28T20:14:09.498Z","url":"https://example.com","status":200
2026-07-28T20:14:12.129Z OK #1317 /x402/news-headlines {"timestamp":"2026-07-28T20:14:12.044Z","q":"crypto OR bitcoin OR AI agents","co
2026-07-28T20:14:14.174Z OK #1318 /x402/grants?keyword=ai {"source":"grants.gov/search2","total":138,"results":[{"id":"363121","number":"P
2026-07-28T20:14:16.335Z OK #1319 /x402/treasury-yields {"source":"home.treasury.gov/yield-curve","month":"202607","latest":{"date":"202
2026-07-28T20:14:18.486Z OK #1320 /x402/pha-lookup {"matches":[{"id":"nc-kinston-kha","name":"Kinston Housing Authority","hud_code"
2026-07-28T20:14:20.560Z OK #1321 /x402/hcv-fmr {"area":"Lenoir County, NC","year":2025,"bedrooms":4,"fmr_monthly":1497,"schedul
2026-07-28T20:14:22.423Z OK #1322 /x402/housing-windsor {"property":{"address":"1607 Windsor Rd","city":"Kinston","county":"Lenoir","sta
2026-07-28T20:14:24.423Z OK #1323 /x402/domain-enrich?domain=example.com {"timestamp":"2026-07-28T20:14:24.338Z","domain":"example.com","ips":["104.20.23
2026-07-28T20:14:26.657Z OK #1324 /x402/market?naics=541512 {"source":"usaspending.gov/api/v2","naics":"541512","window":{"start_date":"2023
2026-07-28T20:14:28.794Z OK #1325 /x402/sec-8k?ticker=AAPL {"source":"sec.gov/EDGAR","ticker":"AAPL","company":"Apple Inc.","cik":"320193",
2026-07-28T20:14:31.012Z OK #1326 /x402/fx-rate?base=USD&symbols=EUR {"source":"frankfurter.dev/v2/rates","data":[{"date":"2026-07-28","base":"USD","
2026-07-28T20:14:33.464Z OK #1327 /x402/fx-rate?base=USD&symbols=JPY {"source":"frankfurter.dev/v2/rates","data":[{"date":"2026-07-28","base":"USD","
2026-07-28T20:14:36.435Z OK #1328 /x402/gas-tracker {"timestamp":"2026-07-28T20:14:36.351Z","chains":[{"chain":"ethereum","gas_gwei"
2026-07-28T20:14:38.963Z OK #1329 /x402/web-fetch?url=https://example.com {"timestamp":"2026-07-28T20:14:38.878Z","url":"https://example.com","status":200
2026-07-28T20:14:41.730Z OK #1330 /x402/news-headlines {"timestamp":"2026-07-28T20:14:41.645Z","q":"crypto OR bitcoin OR AI agents","co
2026-07-28T20:14:44.090Z OK #1331 /x402/grants?keyword=ai {"source":"grants.gov/search2","total":138,"results":[{"id":"363121","number":"P
2026-07-28T20:14:46.343Z OK #1332 /x402/treasury-yields {"source":"home.treasury.gov/yield-curve","month":"202607","latest":{"date":"202
2026-07-28T20:14:48.454Z OK #1333 /x402/pha-lookup {"matches":[{"id":"nc-kinston-kha","name":"Kinston Housing Authority","hud_code"
2026-07-28T20:14:50.481Z OK #1334 /x402/hcv-fmr {"area":"Lenoir County, NC","year":2025,"bedrooms":4,"fmr_monthly":1497,"schedul
2026-07-28T20:14:52.982Z OK #1335 /x402/housing-windsor {"property":{"address":"1607 Windsor Rd","city":"Kinston","county":"Lenoir","sta
2026-07-28T20:14:55.549Z OK #1336 /x402/domain-enrich?domain=example.com {"timestamp":"2026-07-28T20:14:55.464Z","domain":"example.com","ips":["104.20.23
2026-07-28T20:14:57.880Z OK #1337 /x402/market?naics=541512 {"source":"usaspending.gov/api/v2","naics":"541512","window":{"start_date":"2023
2026-07-28T20:15:00.105Z OK #1338 /x402/sec-8k?ticker=AAPL {"source":"sec.gov/EDGAR","ticker":"AAPL","company":"Apple Inc.","cik":"320193",
2026-07-28T20:15:02.243Z OK #1339 /x402/fx-rate?base=USD&symbols=EUR {"source":"frankfurter.dev/v2/rates","data":[{"date":"2026-07-28","base":"USD","
2026-07-28T20:15:04.436Z OK #1340 /x402/fx-rate?base=USD&symbols=JPY {"source":"frankfurter.dev/v2/rates","data":[{"date":"2026-07-28","base":"USD","
2026-07-28T20:15:06.756Z OK #1341 /x402/gas-tracker {"timestamp":"2026-07-28T20:15:06.671Z","chains":[{"chain":"ethereum","gas_gwei"
2026-07-28T20:15:08.589Z OK #1342 /x402/web-fetch?url=https://example.com {"timestamp":"2026-07-28T20:15:08.505Z","url":"https://example.com","status":200
2026-07-28T20:15:10.908Z OK #1343 /x402/news-headlines {"timestamp":"2026-07-28T20:15:10.648Z","q":"crypto OR bitcoin OR AI agents","co
2026-07-28T20:15:13.407Z OK #1344 /x402/grants?keyword=ai {"source":"grants.gov/search2","total":138,"results":[{"id":"363121","number":"P
2026-07-28T20:15:15.671Z OK #1345 /x402/treasury-yields {"source":"home.treasury.gov/yield-curve","month":"202607","latest":{"date":"202
2026-07-28T20:15:17.723Z OK #1346 /x402/pha-lookup {"matches":[{"id":"nc-kinston-kha","name":"Kinston Housing Authority","hud_code"
2026-07-28T20:15:19.841Z OK #1347 /x402/hcv-fmr {"area":"Lenoir County, NC","year":2025,"bedrooms":4,"fmr_monthly":1497,"schedul
2026-07-28T20:15:21.884Z OK #1348 /x402/housing-windsor {"property":{"address":"1607 Windsor Rd","city":"Kinston","county":"Lenoir","sta
2026-07-28T20:15:24.168Z OK #1349 /x402/domain-enrich?domain=example.com {"timestamp":"2026-07-28T20:15:24.084Z","domain":"example.com","ips":["104.20.23
2026-07-28T20:15:26.464Z OK #1350 /x402/market?naics=541512 {"source":"usaspending.gov/api/v2","naics":"541512","window":{"start_date":"2023
2026-07-28T20:15:28.608Z OK #1351 /x402/sec-8k?ticker=AAPL {"source":"sec.gov/EDGAR","ticker":"AAPL","company":"Apple Inc.","cik":"320193",
2026-07-28T20:15:30.689Z OK #1352 /x402/fx-rate?base=USD&symbols=EUR {"source":"frankfurter.dev/v2/rates","data":[{"date":"2026-07-28","base":"USD","
2026-07-28T20:15:32.580Z OK #1353 /x402/fx-rate?base=USD&symbols=JPY {"source":"frankfurter.dev/v2/rates","data":[{"date":"2026-07-28","base":"USD","
2026-07-28T20:15:34.501Z OK #1354 /x402/gas-tracker {"timestamp":"2026-07-28T20:15:34.416Z","chains":[{"chain":"ethereum","gas_gwei"
2026-07-28T20:15:36.761Z OK #1355 /x402/web-fetch?url=https://example.com {"timestamp":"2026-07-28T20:15:36.676Z","url":"https://example.com","status":200
2026-07-28T20:15:38.947Z OK #1356 /x402/news-headlines {"timestamp":"2026-07-28T20:15:38.859Z","q":"crypto OR bitcoin OR AI agents","co
2026-07-28T20:15:42.014Z OK #1357 /x402/grants?keyword=ai {"source":"grants.gov/search2","total":138,"results":[{"id":"363121","number":"P
2026-07-28T20:15:44.169Z OK #1358 /x402/treasury-yields {"source":"home.treasury.gov/yield-curve","month":"202607","latest":{"date":"202
2026-07-28T20:15:46.297Z OK #1359 /x402/pha-lookup {"matches":[{"id":"nc-kinston-kha","name":"Kinston Housing Authority","hud_code"
2026-07-28T20:15:48.390Z OK #1360 /x402/hcv-fmr {"area":"Lenoir County, NC","year":2025,"bedrooms":4,"fmr_monthly":1497,"schedul
2026-07-28T20:15:50.449Z OK #1361 /x402/housing-windsor {"property":{"address":"1607 Windsor Rd","city":"Kinston","county":"Lenoir","sta
2026-07-28T20:15:52.855Z OK #1362 /x402/domain-enrich?domain=example.com {"timestamp":"2026-07-28T20:15:52.770Z","domain":"example.com","ips":["172.66.14
2026-07-28T20:15:55.105Z OK #1363 /x402/market?naics=541512 {"source":"usaspending.gov/api/v2","naics":"541512","window":{"start_date":"2023
2026-07-28T20:15:57.572Z OK #1364 /x402/sec-8k?ticker=AAPL {"source":"sec.gov/EDGAR","ticker":"AAPL","company":"Apple Inc.","cik":"320193",
2026-07-28T20:15:59.712Z OK #1365 /x402/fx-rate?base=USD&symbols=EUR {"source":"frankfurter.dev/v2/rates","data":[{"date":"2026-07-28","base":"USD","
2026-07-28T20:16:01.822Z OK #1366 /x402/fx-rate?base=USD&symbols=JPY {"source":"frankfurter.dev/v2/rates","data":[{"date":"2026-07-28","base":"USD","
2026-07-28T20:16:04.051Z OK #1367 /x402/gas-tracker {"timestamp":"2026-07-28T20:16:03.967Z","chains":[{"chain":"ethereum","gas_gwei"
2026-07-28T20:16:06.200Z OK #1368 /x402/web-fetch?url=https://example.com {"timestamp":"2026-07-28T20:16:06.115Z","url":"https://example.com","status":200
2026-07-28T20:16:08.730Z OK #1369 /x402/news-headlines {"timestamp":"2026-07-28T20:16:08.645Z","q":"crypto OR bitcoin OR AI agents","co
2026-07-28T20:16:11.094Z OK #1370 /x402/grants?keyword=ai {"source":"grants.gov/search2","total":138,"results":[{"id":"363121","number":"P
2026-07-28T20:16:13.546Z OK #1371 /x402/treasury-yields {"source":"home.treasury.gov/yield-curve","month":"202607","latest":{"date":"202
2026-07-28T20:16:15.639Z OK #1372 /x402/pha-lookup {"matches":[{"id":"nc-kinston-kha","name":"Kinston Housing Authority","hud_code"
2026-07-28T20:16:17.709Z OK #1373 /x402/hcv-fmr {"area":"Lenoir County, NC","year":2025,"bedrooms":4,"fmr_monthly":1497,"schedul
2026-07-28T20:16:19.743Z OK #1374 /x402/housing-windsor {"property":{"address":"1607 Windsor Rd","city":"Kinston","county":"Lenoir","sta
2026-07-28T20:16:21.748Z OK #1375 /x402/domain-enrich?domain=example.com {"timestamp":"2026-07-28T20:16:21.663Z","domain":"example.com","ips":["104.20.23
2026-07-28T20:16:23.770Z OK #1376 /x402/market?naics=541512 {"source":"usaspending.gov/api/v2","naics":"541512","window":{"start_date":"2023
2026-07-28T20:16:26.269Z OK #1377 /x402/sec-8k?ticker=AAPL {"source":"sec.gov/EDGAR","ticker":"AAPL","company":"Apple Inc.","cik":"320193",
2026-07-28T20:16:28.424Z OK #1378 /x402/fx-rate?base=USD&symbols=EUR {"source":"frankfurter.dev/v2/rates","data":[{"date":"2026-07-28","base":"USD","
2026-07-28T20:16:30.223Z OK #1379 /x402/fx-rate?base=USD&symbols=JPY {"source":"frankfurter.dev/v2/rates","data":[{"date":"2026-07-28","base":"USD","
2026-07-28T20:16:32.428Z OK #1380 /x402/gas-tracker {"timestamp":"2026-07-28T20:16:32.344Z","chains":[{"chain":"ethereum","gas_gwei"
2026-07-28T20:16:34.527Z OK #1381 /x402/web-fetch?url=https://example.com {"timestamp":"2026-07-28T20:16:34.442Z","url":"https://example.com","status":200
2026-07-28T20:16:36.740Z OK #1382 /x402/news-headlines {"timestamp":"2026-07-28T20:16:36.655Z","q":"crypto OR bitcoin OR AI agents","co
2026-07-28T20:16:39.114Z OK #1383 /x402/grants?keyword=ai {"source":"grants.gov/search2","total":138,"results":[{"id":"363121","number":"P
2026-07-28T20:16:41.584Z OK #1384 /x402/treasury-yields {"source":"home.treasury.gov/yield-curve","month":"202607","latest":{"date":"202
2026-07-28T20:16:43.611Z OK #1385 /x402/pha-lookup {"matches":[{"id":"nc-kinston-kha","name":"Kinston Housing Authority","hud_code"
2026-07-28T20:16:45.727Z OK #1386 /x402/hcv-fmr {"area":"Lenoir County, NC","year":2025,"bedrooms":4,"fmr_monthly":1497,"schedul
2026-07-28T20:16:47.993Z OK #1387 /x402/housing-windsor {"property":{"address":"1607 Windsor Rd","city":"Kinston","county":"Lenoir","sta
2026-07-28T20:16:50.333Z OK #1388 /x402/domain-enrich?domain=example.com {"timestamp":"2026-07-28T20:16:50.247Z","domain":"example.com","ips":["172.66.14
2026-07-28T20:16:52.868Z OK #1389 /x402/market?naics=541512 {"source":"usaspending.gov/api/v2","naics":"541512","window":{"start_date":"2023
2026-07-28T20:16:55.043Z OK #1390 /x402/sec-8k?ticker=AAPL {"source":"sec.gov/EDGAR","ticker":"AAPL","company":"Apple Inc.","cik":"320193",
2026-07-28T20:16:57.579Z OK #1391 /x402/fx-rate?base=USD&symbols=EUR {"source":"frankfurter.dev/v2/rates","data":[{"date":"2026-07-28","base":"USD","
2026-07-28T20:16:59.409Z OK #1392 /x402/fx-rate?base=USD&symbols=JPY {"source":"frankfurter.dev/v2/rates","data":[{"date":"2026-07-28","base":"USD","
2026-07-28T20:17:01.622Z OK #1393 /x402/gas-tracker {"timestamp":"2026-07-28T20:17:01.538Z","chains":[{"chain":"ethereum","gas_gwei"
2026-07-28T20:17:03.823Z OK #1394 /x402/web-fetch?url=https://example.com {"timestamp":"2026-07-28T20:17:03.738Z","url":"https://example.com","status":200
2026-07-28T20:17:06.420Z OK #1395 /x402/news-headlines {"timestamp":"2026-07-28T20:17:06.304Z","q":"crypto OR bitcoin OR AI agents","co
2026-07-28T20:17:08.537Z OK #1396 /x402/grants?keyword=ai {"source":"grants.gov/search2","total":138,"results":[{"id":"363121","number":"P
2026-07-28T20:17:10.638Z OK #1397 /x402/treasury-yields {"source":"home.treasury.gov/yield-curve","month":"202607","latest":{"date":"202
2026-07-28T20:17:12.780Z OK #1398 /x402/pha-lookup {"matches":[{"id":"nc-kinston-kha","name":"Kinston Housing Authority","hud_code"
2026-07-28T20:17:14.905Z OK #1399 /x402/hcv-fmr {"area":"Lenoir County, NC","year":2025,"bedrooms":4,"fmr_monthly":1497,"schedul
2026-07-28T20:17:17.034Z OK #1400 /x402/housing-windsor {"property":{"address":"1607 Windsor Rd","city":"Kinston","county":"Lenoir","sta
2026-07-28T20:17:19.687Z OK #1401 /x402/domain-enrich?domain=example.com {"timestamp":"2026-07-28T20:17:19.603Z","domain":"example.com","ips":["104.20.23
2026-07-28T20:17:21.963Z OK #1402 /x402/market?naics=541512 {"source":"usaspending.gov/api/v2","naics":"541512","window":{"start_date":"2023
2026-07-28T20:17:24.190Z OK #1403 /x402/sec-8k?ticker=AAPL {"source":"sec.gov/EDGAR","ticker":"AAPL","company":"Apple Inc.","cik":"320193",
2026-07-28T20:17:26.354Z OK #1404 /x402/fx-rate?base=USD&symbols=EUR {"source":"frankfurter.dev/v2/rates","data":[{"date":"2026-07-28","base":"USD","
2026-07-28T20:17:28.458Z OK #1405 /x402/fx-rate?base=USD&symbols=JPY {"source":"frankfurter.dev/v2/rates","data":[{"date":"2026-07-28","base":"USD","
2026-07-28T20:17:30.734Z OK #1406 /x402/gas-tracker {"timestamp":"2026-07-28T20:17:30.650Z","chains":[{"chain":"ethereum","gas_gwei"
2026-07-28T20:17:32.846Z OK #1407 /x402/web-fetch?url=https://example.com {"timestamp":"2026-07-28T20:17:32.761Z","url":"https://example.com","status":200
2026-07-28T20:17:35.055Z OK #1408 /x402/news-headlines {"timestamp":"2026-07-28T20:17:34.969Z","q":"crypto OR bitcoin OR AI agents","co
2026-07-28T20:17:37.800Z OK #1409 /x402/grants?keyword=ai {"source":"grants.gov/search2","total":138,"results":[{"id":"363121","number":"P
2026-07-28T20:17:39.619Z OK #1410 /x402/treasury-yields {"source":"home.treasury.gov/yield-curve","month":"202607","latest":{"date":"202
2026-07-28T20:17:42.005Z OK #1411 /x402/pha-lookup {"matches":[{"id":"nc-kinston-kha","name":"Kinston Housing Authority","hud_code"
2026-07-28T20:17:44.122Z OK #1412 /x402/hcv-fmr {"area":"Lenoir County, NC","year":2025,"bedrooms":4,"fmr_monthly":1497,"schedul
2026-07-28T20:17:46.159Z OK #1413 /x402/housing-windsor {"property":{"address":"1607 Windsor Rd","city":"Kinston","county":"Lenoir","sta
2026-07-28T20:17:48.677Z OK #1414 /x402/domain-enrich?domain=example.com {"timestamp":"2026-07-28T20:17:48.593Z","domain":"example.com","ips":["172.66.14
2026-07-28T20:17:51.030Z OK #1415 /x402/market?naics=541512 {"source":"usaspending.gov/api/v2","naics":"541512","window":{"start_date":"2023
2026-07-28T20:17:53.483Z OK #1416 /x402/sec-8k?ticker=AAPL {"source":"sec.gov/EDGAR","ticker":"AAPL","company":"Apple Inc.","cik":"320193",
2026-07-28T20:17:55.642Z OK #1417 /x402/fx-rate?base=USD&symbols=EUR {"source":"frankfurter.dev/v2/rates","data":[{"date":"2026-07-28","base":"USD","
2026-07-28T20:17:57.727Z OK #1418 /x402/fx-rate?base=USD&symbols=JPY {"source":"frankfurter.dev/v2/rates","data":[{"date":"2026-07-28","base":"USD","
2026-07-28T20:17:59.969Z OK #1419 /x402/gas-tracker {"timestamp":"2026-07-28T20:17:59.885Z","chains":[{"chain":"ethereum","gas_gwei"
2026-07-28T20:18:03.381Z OK #1420 /x402/web-fetch?url=https://example.com {"timestamp":"2026-07-28T20:18:03.296Z","url":"https://example.com","status":200
2026-07-28T20:18:05.635Z OK #1421 /x402/news-headlines {"timestamp":"2026-07-28T20:18:05.551Z","q":"crypto OR bitcoin OR AI agents","co
2026-07-28T20:18:07.900Z OK #1422 /x402/grants?keyword=ai {"source":"grants.gov/search2","total":138,"results":[{"id":"363121","number":"P
2026-07-28T20:18:10.072Z OK #1423 /x402/treasury-yields {"source":"home.treasury.gov/yield-curve","month":"202607","latest":{"date":"202
2026-07-28T20:18:12.133Z OK #1424 /x402/pha-lookup {"matches":[{"id":"nc-kinston-kha","name":"Kinston Housing Authority","hud_code"
2026-07-28T20:18:14.275Z OK #1425 /x402/hcv-fmr {"area":"Lenoir County, NC","year":2025,"bedrooms":4,"fmr_monthly":1497,"schedul
2026-07-28T20:18:16.349Z OK #1426 /x402/housing-windsor {"property":{"address":"1607 Windsor Rd","city":"Kinston","county":"Lenoir","sta
2026-07-28T20:18:18.629Z OK #1427 /x402/domain-enrich?domain=example.com {"timestamp":"2026-07-28T20:18:18.544Z","domain":"example.com","ips":["172.66.14
2026-07-28T20:18:20.898Z OK #1428 /x402/market?naics=541512 {"source":"usaspending.gov/api/v2","naics":"541512","window":{"start_date":"2023
2026-07-28T20:18:22.804Z OK #1429 /x402/sec-8k?ticker=AAPL {"source":"sec.gov/EDGAR","ticker":"AAPL","company":"Apple Inc.","cik":"320193",
2026-07-28T20:18:24.618Z OK #1430 /x402/fx-rate?base=USD&symbols=EUR {"source":"frankfurter.dev/v2/rates","data":[{"date":"2026-07-28","base":"USD","
2026-07-28T20:18:26.767Z OK #1431 /x402/fx-rate?base=USD&symbols=JPY {"source":"frankfurter.dev/v2/rates","data":[{"date":"2026-07-28","base":"USD","
2026-07-28T20:18:28.680Z OK #1432 /x402/gas-tracker {"timestamp":"2026-07-28T20:18:28.595Z","chains":[{"chain":"ethereum","gas_gwei"
2026-07-28T20:18:30.437Z OK #1433 /x402/web-fetch?url=https://example.com {"timestamp":"2026-07-28T20:18:30.353Z","url":"https://example.com","status":200
2026-07-28T20:18:32.343Z OK #1434 /x402/news-headlines {"timestamp":"2026-07-28T20:18:32.258Z","q":"crypto OR bitcoin OR AI agents","co
2026-07-28T20:18:34.590Z OK #1435 /x402/grants?keyword=ai {"source":"grants.gov/search2","total":138,"results":[{"id":"363121","number":"P
2026-07-28T20:18:36.447Z OK #1436 /x402/treasury-yields {"source":"home.treasury.gov/yield-curve","month":"202607","latest":{"date":"202
2026-07-28T20:18:38.528Z OK #1437 /x402/pha-lookup {"matches":[{"id":"nc-kinston-kha","name":"Kinston Housing Authority","hud_code"
2026-07-28T20:18:40.566Z OK #1438 /x402/hcv-fmr {"area":"Lenoir County, NC","year":2025,"bedrooms":4,"fmr_monthly":1497,"schedul
2026-07-28T20:18:42.410Z OK #1439 /x402/housing-windsor {"property":{"address":"1607 Windsor Rd","city":"Kinston","county":"Lenoir","sta
2026-07-28T20:18:44.375Z OK #1440 /x402/domain-enrich?domain=example.com {"timestamp":"2026-07-28T20:18:44.290Z","domain":"example.com","ips":["104.20.23
2026-07-28T20:18:46.436Z OK #1441 /x402/market?naics=541512 {"source":"usaspending.gov/api/v2","naics":"541512","window":{"start_date":"2023
2026-07-28T20:18:48.337Z OK #1442 /x402/sec-8k?ticker=AAPL {"source":"sec.gov/EDGAR","ticker":"AAPL","company":"Apple Inc.","cik":"320193",
2026-07-28T20:18:50.448Z OK #1443 /x402/fx-rate?base=USD&symbols=EUR {"source":"frankfurter.dev/v2/rates","data":[{"date":"2026-07-28","base":"USD","
2026-07-28T20:18:50.928Z STOP low bal 0.020085
2026-07-28T20:18:51.086Z DONE {"ok":1443,"attempts":1444,"eoa":"0x523512A2Ab8aD92d16e6A6eB939811eC9914fA16","rails":"0x4e14B249D9A4c9c9352D780eCEB508A8eB7a7700","usdc_eoa_before":1.462085,"usdc_eoa_after":0.020085,"rails_before":7.294,"rails_after":8.736,"moved_to_rails":1.442000000000001,"note":"Facilitator self-settle EOA→rails. Closed-loop SML treasury."}
2026-07-28T20:18:51.269Z STATS settledByFacilitator={"cdp":1038,"self":503} recentSettled=50
2026-08-02T00:47:58.853Z START payer_eoa=0x523512A2Ab8aD92d16e6A6eB939811eC9914fA16 USDC=2.015085 rails=0x4e14B249D9A4c9c9352D780eCEB508A8eB7a7700 USDC=9.251 max=120 leave=0.05
2026-08-02T00:47:58.952Z payer is EOA ✓
2026-08-02T00:48:01.417Z FAIL 502 /x402/llm-chat?prompt=ping {"error":"llm_upstream","status":400,"body":{"type":"error","error":{"type":"invalid_request_error","message":"Your credit balance is too low to access the Anthropic API. Please go
2026-08-02T00:48:04.526Z OK #1 /x402/web-search?q=bitcoin {"timestamp":"2026-08-02T00:48:04.444Z","q":"bitcoin","count":8,"results":[{"tit
2026-08-02T00:48:06.282Z OK #2 /x402/web-fetch?url=https://example.com {"timestamp":"2026-08-02T00:48:06.195Z","url":"https://example.com","status":200
2026-08-02T00:48:08.539Z OK #3 /x402/social-search?q=AI+agents {"timestamp":"2026-08-02T00:48:08.457Z","q":"AI agents","count":1,"results":[{"t
2026-08-02T00:48:10.675Z OK #4 /x402/news-headlines?q=crypto {"timestamp":"2026-08-02T00:48:10.586Z","q":"crypto","count":15,"headlines":[{"t
2026-08-02T00:48:12.292Z OK #5 /x402/eth-rpc?method=eth_blockNumber {"timestamp":"2026-08-02T00:48:12.209Z","chain":"ethereum","rpc":"https://ethere
2026-08-02T00:48:13.966Z OK #6 /x402/base-rpc?method=eth_blockNumber {"timestamp":"2026-08-02T00:48:13.878Z","chain":"base","rpc":"https://mainnet.ba
2026-08-02T00:48:16.058Z OK #7 /x402/domain-enrich?domain=example.com {"timestamp":"2026-08-02T00:48:15.975Z","domain":"example.com","ips":["104.20.23
2026-08-02T00:48:17.805Z OK #8 /x402/crypto-price?ids=bitcoin,ethereum {"source":"sml-fallback","data":{"bitcoinethereum":{"usd":null,"lookup":"https:/
2026-08-02T00:48:19.509Z OK #9 /x402/gas-tracker {"timestamp":"2026-08-02T00:48:19.422Z","chains":[{"chain":"ethereum","gas_gwei"
2026-08-02T00:48:21.325Z OK #10 /x402/fx-rate?base=USD&symbols=EUR {"source":"frankfurter.dev/v2/rates","data":[{"date":"2026-08-01","base":"USD","
2026-08-02T00:48:23.348Z FAIL 502 /x402/llm-chat?prompt=ping {"error":"llm_upstream","status":400,"body":{"type":"error","error":{"type":"invalid_request_error","message":"Your credit balance is too low to access the Anthropic API. Please go
2026-08-02T00:48:26.465Z OK #11 /x402/web-search?q=bitcoin {"timestamp":"2026-08-02T00:48:26.384Z","q":"bitcoin","count":8,"results":[{"tit
2026-08-02T00:48:28.048Z OK #12 /x402/web-fetch?url=https://example.com {"timestamp":"2026-08-02T00:48:27.966Z","url":"https://example.com","status":200
2026-08-02T00:48:29.896Z OK #13 /x402/social-search?q=AI+agents {"timestamp":"2026-08-02T00:48:29.810Z","q":"AI agents","count":1,"results":[{"t
2026-08-02T00:48:31.478Z OK #14 /x402/news-headlines?q=crypto {"timestamp":"2026-08-02T00:48:31.394Z","q":"crypto","count":15,"headlines":[{"t
2026-08-02T00:48:33.136Z OK #15 /x402/eth-rpc?method=eth_blockNumber {"timestamp":"2026-08-02T00:48:33.054Z","chain":"ethereum","rpc":"https://ethere
2026-08-02T00:48:34.770Z OK #16 /x402/base-rpc?method=eth_blockNumber {"timestamp":"2026-08-02T00:48:34.682Z","chain":"base","rpc":"https://mainnet.ba
2026-08-02T00:48:36.447Z OK #17 /x402/domain-enrich?domain=example.com {"timestamp":"2026-08-02T00:48:36.365Z","domain":"example.com","ips":["104.20.23
2026-08-02T00:48:38.241Z FAIL 502 /x402/crypto-price?ids=bitcoin,ethereum <!DOCTYPE html> <html lang="en">   <head>     <meta charset="utf-8">     <meta name="viewport" content="width=device-width, initial-scale=1">     <title>502</title>     <style>@fon
2026-08-02T00:48:41.536Z FAIL 502 /x402/gas-tracker <!DOCTYPE html> <html lang="en">   <head>     <meta charset="utf-8">     <meta name="viewport" content="width=device-width, initial-scale=1">     <title>502</title>     <style>@fon
2026-08-02T00:48:44.822Z FAIL 502 /x402/fx-rate?base=USD&symbols=EUR <!DOCTYPE html> <html lang="en">   <head>     <meta charset="utf-8">     <meta name="viewport" content="width=device-width, initial-scale=1">     <title>502</title>     <style>@fon
2026-08-02T00:48:47.678Z FAIL 502 /x402/llm-chat?prompt=ping <!DOCTYPE html> <html lang="en">   <head>     <meta charset="utf-8">     <meta name="viewport" content="width=device-width, initial-scale=1">     <title>502</title>     <style>@fon
2026-08-02T00:48:50.530Z FAIL 502 /x402/web-search?q=bitcoin <!DOCTYPE html> <html lang="en">   <head>     <meta charset="utf-8">     <meta name="viewport" content="width=device-width, initial-scale=1">     <title>502</title>     <style>@fon
2026-08-02T00:48:50.530Z STOP consecutive fails
2026-08-02T00:48:50.760Z DONE {"ok":17,"attempts":24,"eoa":"0x523512A2Ab8aD92d16e6A6eB939811eC9914fA16","rails":"0x4e14B249D9A4c9c9352D780eCEB508A8eB7a7700","usdc_eoa_before":2.015085,"usdc_eoa_after":1.996085,"rails_before":9.251,"rails_after":9.27,"moved_to_rails":0.019000000000000128,"note":"Facilitator self-settle EOA→rails. Closed-loop SML treasury."}
2026-08-02T00:51:07.341Z START payer_eoa=0x523512A2Ab8aD92d16e6A6eB939811eC9914fA16 USDC=3.918186 rails=0x4e14B249D9A4c9c9352D780eCEB508A8eB7a7700 USDC=9.27 max=800 leave=0.05
2026-08-02T00:51:07.341Z START payer_eoa=0x523512A2Ab8aD92d16e6A6eB939811eC9914fA16 USDC=3.918186 rails=0x4e14B249D9A4c9c9352D780eCEB508A8eB7a7700 USDC=9.27 max=800 leave=0.05
2026-08-02T00:51:07.440Z payer is EOA ✓
2026-08-02T00:51:07.440Z payer is EOA ✓
2026-08-02T00:51:08.689Z OK #1 /x402/web-search?q=bitcoin {"timestamp":"2026-08-02T00:51:08.600Z","q":"bitcoin","count":8,"results":[{"tit
2026-08-02T00:51:08.689Z OK #1 /x402/web-search?q=bitcoin {"timestamp":"2026-08-02T00:51:08.600Z","q":"bitcoin","count":8,"results":[{"tit
2026-08-02T00:51:10.494Z OK #2 /x402/web-search?q=ethereum {"timestamp":"2026-08-02T00:51:10.404Z","q":"ethereum","count":8,"results":[{"ti
2026-08-02T00:51:10.494Z OK #2 /x402/web-search?q=ethereum {"timestamp":"2026-08-02T00:51:10.404Z","q":"ethereum","count":8,"results":[{"ti
2026-08-02T00:51:12.013Z OK #3 /x402/web-fetch?url=https://example.com {"timestamp":"2026-08-02T00:51:11.924Z","url":"https://example.com","status":200
2026-08-02T00:51:12.013Z OK #3 /x402/web-fetch?url=https://example.com {"timestamp":"2026-08-02T00:51:11.924Z","url":"https://example.com","status":200
2026-08-02T00:51:13.929Z OK #4 /x402/social-search?q=AI+agents {"timestamp":"2026-08-02T00:51:13.842Z","q":"AI agents","count":1,"results":[{"t
2026-08-02T00:51:13.929Z OK #4 /x402/social-search?q=AI+agents {"timestamp":"2026-08-02T00:51:13.842Z","q":"AI agents","count":1,"results":[{"t
2026-08-02T00:51:16.576Z OK #5 /x402/news-headlines?q=crypto {"timestamp":"2026-08-02T00:51:16.484Z","q":"crypto","count":15,"headlines":[{"t
2026-08-02T00:51:16.576Z OK #5 /x402/news-headlines?q=crypto {"timestamp":"2026-08-02T00:51:16.484Z","q":"crypto","count":15,"headlines":[{"t
2026-08-02T00:51:18.255Z OK #6 /x402/eth-rpc?method=eth_blockNumber {"timestamp":"2026-08-02T00:51:18.166Z","chain":"ethereum","rpc":"https://ethere
2026-08-02T00:51:18.255Z OK #6 /x402/eth-rpc?method=eth_blockNumber {"timestamp":"2026-08-02T00:51:18.166Z","chain":"ethereum","rpc":"https://ethere
2026-08-02T00:51:20.033Z OK #7 /x402/base-rpc?method=eth_blockNumber {"timestamp":"2026-08-02T00:51:19.943Z","chain":"base","rpc":"https://mainnet.ba
2026-08-02T00:51:20.033Z OK #7 /x402/base-rpc?method=eth_blockNumber {"timestamp":"2026-08-02T00:51:19.943Z","chain":"base","rpc":"https://mainnet.ba
2026-08-02T00:51:21.863Z OK #8 /x402/domain-enrich?domain=example.com {"timestamp":"2026-08-02T00:51:21.775Z","domain":"example.com","ips":["104.20.23
2026-08-02T00:51:21.863Z OK #8 /x402/domain-enrich?domain=example.com {"timestamp":"2026-08-02T00:51:21.775Z","domain":"example.com","ips":["104.20.23
2026-08-02T00:51:23.468Z OK #9 /x402/gas-tracker {"timestamp":"2026-08-02T00:51:23.378Z","chains":[{"chain":"ethereum","gas_gwei"
2026-08-02T00:51:23.468Z OK #9 /x402/gas-tracker {"timestamp":"2026-08-02T00:51:23.378Z","chains":[{"chain":"ethereum","gas_gwei"
2026-08-02T00:51:25.311Z OK #10 /x402/fx-rate?base=USD&symbols=EUR {"source":"frankfurter.dev/v2/rates","data":[{"date":"2026-08-01","base":"USD","
2026-08-02T00:51:25.311Z OK #10 /x402/fx-rate?base=USD&symbols=EUR {"source":"frankfurter.dev/v2/rates","data":[{"date":"2026-08-01","base":"USD","
2026-08-02T00:51:26.809Z OK #11 /x402/fx-rate?base=USD&symbols=JPY {"source":"frankfurter.dev/v2/rates","data":[{"date":"2026-08-01","base":"USD","
2026-08-02T00:51:26.809Z OK #11 /x402/fx-rate?base=USD&symbols=JPY {"source":"frankfurter.dev/v2/rates","data":[{"date":"2026-08-01","base":"USD","
2026-08-02T00:51:36.703Z FAIL 502 /x402/crypto-price?ids=bitcoin <!DOCTYPE html> <html lang="en">   <head>     <meta charset="utf-8">     <meta name="viewport" content="width=device-width, initial-scale=1">     <title>502</title>     <style>@fon
2026-08-02T00:51:36.703Z FAIL 502 /x402/crypto-price?ids=bitcoin <!DOCTYPE html> <html lang="en">   <head>     <meta charset="utf-8">     <meta name="viewport" content="width=device-width, initial-scale=1">     <title>502</title>     <style>@fon
2026-08-02T00:51:47.151Z FAIL 502 /x402/web-search?q=bitcoin <!DOCTYPE html> <html lang="en">   <head>     <meta charset="utf-8">     <meta name="viewport" content="width=device-width, initial-scale=1">     <title>502</title>     <style>@fon
2026-08-02T00:51:47.151Z FAIL 502 /x402/web-search?q=bitcoin <!DOCTYPE html> <html lang="en">   <head>     <meta charset="utf-8">     <meta name="viewport" content="width=device-width, initial-scale=1">     <title>502</title>     <style>@fon
2026-08-02T00:51:49.715Z FAIL 502 /x402/web-search?q=ethereum <!DOCTYPE html> <html lang="en">   <head>     <meta charset="utf-8">     <meta name="viewport" content="width=device-width, initial-scale=1">     <title>502</title>     <style>@fon
2026-08-02T00:51:49.715Z FAIL 502 /x402/web-search?q=ethereum <!DOCTYPE html> <html lang="en">   <head>     <meta charset="utf-8">     <meta name="viewport" content="width=device-width, initial-scale=1">     <title>502</title>     <style>@fon
2026-08-02T00:51:52.109Z FAIL 502 /x402/web-fetch?url=https://example.com <!DOCTYPE html> <html lang="en">   <head>     <meta charset="utf-8">     <meta name="viewport" content="width=device-width, initial-scale=1">     <title>502</title>     <style>@fon
2026-08-02T00:51:52.109Z FAIL 502 /x402/web-fetch?url=https://example.com <!DOCTYPE html> <html lang="en">   <head>     <meta charset="utf-8">     <meta name="viewport" content="width=device-width, initial-scale=1">     <title>502</title>     <style>@fon
2026-08-02T00:52:02.847Z FAIL 502 /x402/social-search?q=AI+agents <!DOCTYPE html> <html lang="en">   <head>     <meta charset="utf-8">     <meta name="viewport" content="width=device-width, initial-scale=1">     <title>502</title>     <style>@fon
2026-08-02T00:52:02.847Z FAIL 502 /x402/social-search?q=AI+agents <!DOCTYPE html> <html lang="en">   <head>     <meta charset="utf-8">     <meta name="viewport" content="width=device-width, initial-scale=1">     <title>502</title>     <style>@fon
2026-08-02T00:52:02.847Z STOP consecutive fails
2026-08-02T00:52:02.847Z STOP consecutive fails
2026-08-02T00:52:03.040Z DONE {"ok":11,"attempts":16,"eoa":"0x523512A2Ab8aD92d16e6A6eB939811eC9914fA16","rails":"0x4e14B249D9A4c9c9352D780eCEB508A8eB7a7700","usdc_eoa_before":3.918186,"usdc_eoa_after":3.907186,"rails_before":9.27,"rails_after":9.281,"moved_to_rails":0.011000000000001009,"note":"Facilitator self-settle EOA→rails. Closed-loop SML treasury."}
2026-08-02T00:52:03.040Z DONE {"ok":11,"attempts":16,"eoa":"0x523512A2Ab8aD92d16e6A6eB939811eC9914fA16","rails":"0x4e14B249D9A4c9c9352D780eCEB508A8eB7a7700","usdc_eoa_before":3.918186,"usdc_eoa_after":3.907186,"rails_before":9.27,"rails_after":9.281,"moved_to_rails":0.011000000000001009,"note":"Facilitator self-settle EOA→rails. Closed-loop SML treasury."}
2026-08-02T00:55:24.241Z START payer_eoa=0x523512A2Ab8aD92d16e6A6eB939811eC9914fA16 USDC=3.907186 rails=0x4e14B249D9A4c9c9352D780eCEB508A8eB7a7700 USDC=9.282 max=1500 leave=0.08
2026-08-02T00:55:24.338Z payer is EOA ✓
2026-08-02T00:55:25.702Z OK #1 /x402/web-search?q=bitcoin {"timestamp":"2026-08-02T00:55:25.613Z","q":"bitcoin","count":8,"results":[{"tit
2026-08-02T00:55:27.812Z OK #2 /x402/web-search?q=ethereum {"timestamp":"2026-08-02T00:55:27.726Z","q":"ethereum","count":8,"results":[{"ti
2026-08-02T00:55:30.047Z OK #3 /x402/web-fetch?url=https://example.com {"timestamp":"2026-08-02T00:55:29.958Z","url":"https://example.com","status":200
2026-08-02T00:55:32.550Z OK #4 /x402/social-search?q=AI+agents {"timestamp":"2026-08-02T00:55:32.461Z","q":"AI agents","count":1,"results":[{"t
2026-08-02T00:55:34.930Z OK #5 /x402/news-headlines?q=crypto {"timestamp":"2026-08-02T00:55:34.842Z","q":"crypto","count":15,"headlines":[{"t
2026-08-02T00:55:36.974Z OK #6 /x402/eth-rpc?method=eth_blockNumber {"timestamp":"2026-08-02T00:55:36.887Z","chain":"ethereum","rpc":"https://ethere
2026-08-02T00:55:39.048Z OK #7 /x402/base-rpc?method=eth_blockNumber {"timestamp":"2026-08-02T00:55:38.959Z","chain":"base","rpc":"https://mainnet.ba
2026-08-02T00:55:41.097Z OK #8 /x402/domain-enrich?domain=example.com {"timestamp":"2026-08-02T00:55:41.014Z","domain":"example.com","ips":["172.66.14
2026-08-02T00:55:43.153Z OK #9 /x402/gas-tracker {"timestamp":"2026-08-02T00:55:43.065Z","chains":[{"chain":"ethereum","gas_gwei"
2026-08-02T00:55:44.325Z FAIL 502 /x402/fx-rate?base=USD&symbols=EUR <!DOCTYPE html> <html lang="en">   <head>     <meta charset="utf-8">     <meta name="viewport" content="width=device-width, initial-scale=1">     <title>502</title>     <style>@fon
2026-08-02T00:55:54.809Z FAIL 502 /x402/fx-rate?base=USD&symbols=JPY <!DOCTYPE html> <html lang="en">   <head>     <meta charset="utf-8">     <meta name="viewport" content="width=device-width, initial-scale=1">     <title>502</title>     <style>@fon
2026-08-02T00:56:04.741Z FAIL 502 /x402/crypto-price?ids=bitcoin <!DOCTYPE html> <html lang="en">   <head>     <meta charset="utf-8">     <meta name="viewport" content="width=device-width, initial-scale=1">     <title>502</title>     <style>@fon
2026-08-02T00:56:13.813Z FAIL 502 /x402/web-search?q=bitcoin <!DOCTYPE html> <html lang="en">   <head>     <meta charset="utf-8">     <meta name="viewport" content="width=device-width, initial-scale=1">     <title>502</title>     <style>@fon
2026-08-02T00:56:24.153Z OK #10 /x402/web-search?q=ethereum {"timestamp":"2026-08-02T00:56:24.057Z","q":"ethereum","count":8,"results":[{"ti
2026-08-02T00:56:26.159Z OK #11 /x402/web-fetch?url=https://example.com {"timestamp":"2026-08-02T00:56:26.064Z","url":"https://example.com","status":200
2026-08-02T00:56:38.522Z OK #12 /x402/social-search?q=AI+agents {"timestamp":"2026-08-02T00:56:38.427Z","q":"AI agents","count":1,"results":[{"t
2026-08-02T00:56:40.491Z OK #13 /x402/news-headlines?q=crypto {"timestamp":"2026-08-02T00:56:40.403Z","q":"crypto","count":15,"headlines":[{"t
2026-08-02T00:56:42.666Z OK #14 /x402/eth-rpc?method=eth_blockNumber {"timestamp":"2026-08-02T00:56:42.571Z","chain":"ethereum","rpc":"https://ethere
2026-08-02T00:56:44.593Z OK #15 /x402/base-rpc?method=eth_blockNumber {"timestamp":"2026-08-02T00:56:44.506Z","chain":"base","rpc":"https://mainnet.ba
2026-08-02T00:56:46.845Z OK #16 /x402/domain-enrich?domain=example.com {"timestamp":"2026-08-02T00:56:46.749Z","domain":"example.com","ips":["172.66.14
2026-08-02T00:56:48.904Z OK #17 /x402/gas-tracker {"timestamp":"2026-08-02T00:56:48.817Z","chains":[{"chain":"ethereum","gas_gwei"
2026-08-02T00:56:51.091Z OK #18 /x402/fx-rate?base=USD&symbols=EUR {"source":"frankfurter.dev/v2/rates","data":[{"date":"2026-08-01","base":"USD","
2026-08-02T00:56:53.074Z OK #19 /x402/fx-rate?base=USD&symbols=JPY {"source":"frankfurter.dev/v2/rates","data":[{"date":"2026-08-01","base":"USD","
2026-08-02T00:56:55.094Z OK #20 /x402/crypto-price?ids=bitcoin {"source":"sml-fallback","data":{"bitcoin":{"usd":null,"lookup":"https://www.coi
2026-08-02T00:56:57.561Z OK #21 /x402/web-search?q=bitcoin {"timestamp":"2026-08-02T00:56:57.466Z","q":"bitcoin","count":8,"results":[{"tit
2026-08-02T00:56:59.552Z OK #22 /x402/web-search?q=ethereum {"timestamp":"2026-08-02T00:56:59.457Z","q":"ethereum","count":8,"results":[{"ti
2026-08-02T00:57:01.556Z OK #23 /x402/web-fetch?url=https://example.com {"timestamp":"2026-08-02T00:57:01.461Z","url":"https://example.com","status":200
2026-08-02T00:57:13.622Z OK #24 /x402/social-search?q=AI+agents {"timestamp":"2026-08-02T00:57:13.526Z","q":"AI agents","count":1,"results":[{"t
2026-08-02T00:57:15.986Z OK #25 /x402/news-headlines?q=crypto {"timestamp":"2026-08-02T00:57:15.899Z","q":"crypto","count":15,"headlines":[{"t
2026-08-02T00:57:17.992Z OK #26 /x402/eth-rpc?method=eth_blockNumber {"timestamp":"2026-08-02T00:57:17.897Z","chain":"ethereum","rpc":"https://ethere
2026-08-02T00:57:19.928Z OK #27 /x402/base-rpc?method=eth_blockNumber {"timestamp":"2026-08-02T00:57:19.833Z","chain":"base","rpc":"https://mainnet.ba
2026-08-02T00:57:22.480Z OK #28 /x402/domain-enrich?domain=example.com {"timestamp":"2026-08-02T00:57:21.791Z","domain":"example.com","ips":["104.20.23
2026-08-02T00:57:24.757Z OK #29 /x402/gas-tracker {"timestamp":"2026-08-02T00:57:24.662Z","chains":[{"chain":"ethereum","gas_gwei"
2026-08-02T00:57:26.727Z OK #30 /x402/fx-rate?base=USD&symbols=EUR {"source":"frankfurter.dev/v2/rates","data":[{"date":"2026-08-01","base":"USD","
2026-08-02T00:57:28.582Z OK #31 /x402/fx-rate?base=USD&symbols=JPY {"source":"frankfurter.dev/v2/rates","data":[{"date":"2026-08-01","base":"USD","
2026-08-02T00:57:30.508Z OK #32 /x402/crypto-price?ids=bitcoin {"source":"sml-fallback","data":{"bitcoin":{"usd":null,"lookup":"https://www.coi
2026-08-02T00:57:32.474Z OK #33 /x402/web-search?q=bitcoin {"timestamp":"2026-08-02T00:57:32.378Z","q":"bitcoin","count":8,"results":[{"tit
2026-08-02T00:57:34.467Z OK #34 /x402/web-search?q=ethereum {"timestamp":"2026-08-02T00:57:34.372Z","q":"ethereum","count":8,"results":[{"ti
2026-08-02T00:57:36.473Z OK #35 /x402/web-fetch?url=https://example.com {"timestamp":"2026-08-02T00:57:36.377Z","url":"https://example.com","status":200
2026-08-02T00:57:48.918Z OK #36 /x402/social-search?q=AI+agents {"timestamp":"2026-08-02T00:57:48.821Z","q":"AI agents","count":1,"results":[{"t
2026-08-02T00:57:51.034Z OK #37 /x402/news-headlines?q=crypto {"timestamp":"2026-08-02T00:57:50.941Z","q":"crypto","count":15,"headlines":[{"t
2026-08-02T00:57:53.089Z OK #38 /x402/eth-rpc?method=eth_blockNumber {"timestamp":"2026-08-02T00:57:52.994Z","chain":"ethereum","rpc":"https://ethere
2026-08-02T00:57:55.153Z OK #39 /x402/base-rpc?method=eth_blockNumber {"timestamp":"2026-08-02T00:57:55.067Z","chain":"base","rpc":"https://mainnet.ba
2026-08-02T00:57:57.614Z OK #40 /x402/domain-enrich?domain=example.com {"timestamp":"2026-08-02T00:57:57.519Z","domain":"example.com","ips":["172.66.14
2026-08-02T00:57:59.516Z OK #41 /x402/gas-tracker {"timestamp":"2026-08-02T00:57:59.420Z","chains":[{"chain":"ethereum","gas_gwei"
2026-08-02T00:58:01.415Z OK #42 /x402/fx-rate?base=USD&symbols=EUR {"source":"frankfurter.dev/v2/rates","data":[{"date":"2026-08-01","base":"USD","
2026-08-02T00:58:03.511Z OK #43 /x402/fx-rate?base=USD&symbols=JPY {"source":"frankfurter.dev/v2/rates","data":[{"date":"2026-08-01","base":"USD","
2026-08-02T00:58:05.543Z OK #44 /x402/crypto-price?ids=bitcoin {"source":"sml-fallback","data":{"bitcoin":{"usd":null,"lookup":"https://www.coi
2026-08-02T00:58:07.555Z OK #45 /x402/web-search?q=bitcoin {"timestamp":"2026-08-02T00:58:07.460Z","q":"bitcoin","count":8,"results":[{"tit
2026-08-02T00:58:09.772Z OK #46 /x402/web-search?q=ethereum {"timestamp":"2026-08-02T00:58:09.644Z","q":"ethereum","count":8,"results":[{"ti
2026-08-02T00:58:11.695Z OK #47 /x402/web-fetch?url=https://example.com {"timestamp":"2026-08-02T00:58:11.601Z","url":"https://example.com","status":200
2026-08-02T00:58:23.847Z OK #48 /x402/social-search?q=AI+agents {"timestamp":"2026-08-02T00:58:23.752Z","q":"AI agents","count":1,"results":[{"t
2026-08-02T00:58:25.829Z OK #49 /x402/news-headlines?q=crypto {"timestamp":"2026-08-02T00:58:25.733Z","q":"crypto","count":15,"headlines":[{"t
2026-08-02T00:58:27.987Z OK #50 /x402/eth-rpc?method=eth_blockNumber {"timestamp":"2026-08-02T00:58:27.893Z","chain":"ethereum","rpc":"https://ethere
2026-08-02T00:58:29.903Z OK #51 /x402/base-rpc?method=eth_blockNumber {"timestamp":"2026-08-02T00:58:29.808Z","chain":"base","rpc":"https://mainnet.ba
2026-08-02T00:58:32.097Z OK #52 /x402/domain-enrich?domain=example.com {"timestamp":"2026-08-02T00:58:32.011Z","domain":"example.com","ips":["172.66.14
2026-08-02T00:58:34.158Z OK #53 /x402/gas-tracker {"timestamp":"2026-08-02T00:58:34.071Z","chains":[{"chain":"ethereum","gas_gwei"
2026-08-02T00:58:36.168Z OK #54 /x402/fx-rate?base=USD&symbols=EUR {"source":"frankfurter.dev/v2/rates","data":[{"date":"2026-08-01","base":"USD","
2026-08-02T00:58:38.144Z OK #55 /x402/fx-rate?base=USD&symbols=JPY {"source":"frankfurter.dev/v2/rates","data":[{"date":"2026-08-01","base":"USD","
2026-08-02T00:58:40.089Z OK #56 /x402/crypto-price?ids=bitcoin {"source":"sml-fallback","data":{"bitcoin":{"usd":null,"lookup":"https://www.coi
2026-08-02T00:58:42.277Z OK #57 /x402/web-search?q=bitcoin {"timestamp":"2026-08-02T00:58:42.190Z","q":"bitcoin","count":8,"results":[{"tit
2026-08-02T00:58:44.816Z OK #58 /x402/web-search?q=ethereum {"timestamp":"2026-08-02T00:58:44.175Z","q":"ethereum","count":8,"results":[{"ti
2026-08-02T00:58:46.840Z OK #59 /x402/web-fetch?url=https://example.com {"timestamp":"2026-08-02T00:58:46.754Z","url":"https://example.com","status":200
2026-08-02T00:58:59.584Z OK #60 /x402/social-search?q=AI+agents {"timestamp":"2026-08-02T00:58:58.941Z","q":"AI agents","count":1,"results":[{"t
2026-08-02T00:59:02.171Z OK #61 /x402/news-headlines?q=crypto {"timestamp":"2026-08-02T00:59:01.859Z","q":"crypto","count":15,"headlines":[{"t
2026-08-02T00:59:04.512Z OK #62 /x402/eth-rpc?method=eth_blockNumber {"timestamp":"2026-08-02T00:59:04.199Z","chain":"ethereum","rpc":"https://ethere
2026-08-02T00:59:06.478Z OK #63 /x402/base-rpc?method=eth_blockNumber {"timestamp":"2026-08-02T00:59:06.392Z","chain":"base","rpc":"https://mainnet.ba
2026-08-02T00:59:08.371Z OK #64 /x402/domain-enrich?domain=example.com {"timestamp":"2026-08-02T00:59:08.276Z","domain":"example.com","ips":["104.20.23
2026-08-02T00:59:10.444Z OK #65 /x402/gas-tracker {"timestamp":"2026-08-02T00:59:10.350Z","chains":[{"chain":"ethereum","gas_gwei"
2026-08-02T00:59:12.399Z OK #66 /x402/fx-rate?base=USD&symbols=EUR {"source":"frankfurter.dev/v2/rates","data":[{"date":"2026-08-01","base":"USD","
2026-08-02T00:59:14.296Z OK #67 /x402/fx-rate?base=USD&symbols=JPY {"source":"frankfurter.dev/v2/rates","data":[{"date":"2026-08-01","base":"USD","
2026-08-02T00:59:16.486Z OK #68 /x402/crypto-price?ids=bitcoin {"source":"sml-fallback","data":{"bitcoin":{"usd":null,"lookup":"https://www.coi
2026-08-02T00:59:18.343Z OK #69 /x402/web-search?q=bitcoin {"timestamp":"2026-08-02T00:59:18.248Z","q":"bitcoin","count":8,"results":[{"tit
2026-08-02T00:59:20.290Z OK #70 /x402/web-search?q=ethereum {"timestamp":"2026-08-02T00:59:20.195Z","q":"ethereum","count":8,"results":[{"ti
2026-08-02T00:59:22.234Z OK #71 /x402/web-fetch?url=https://example.com {"timestamp":"2026-08-02T00:59:22.139Z","url":"https://example.com","status":200
2026-08-02T00:59:34.204Z OK #72 /x402/social-search?q=AI+agents {"timestamp":"2026-08-02T00:59:34.109Z","q":"AI agents","count":1,"results":[{"t
2026-08-02T00:59:37.516Z OK #73 /x402/news-headlines?q=crypto {"timestamp":"2026-08-02T00:59:37.246Z","q":"crypto","count":15,"headlines":[{"t
2026-08-02T00:59:39.571Z OK #74 /x402/eth-rpc?method=eth_blockNumber {"timestamp":"2026-08-02T00:59:39.477Z","chain":"ethereum","rpc":"https://ethere
2026-08-02T00:59:41.474Z OK #75 /x402/base-rpc?method=eth_blockNumber {"timestamp":"2026-08-02T00:59:41.379Z","chain":"base","rpc":"https://mainnet.ba
2026-08-02T00:59:43.447Z OK #76 /x402/domain-enrich?domain=example.com {"timestamp":"2026-08-02T00:59:43.359Z","domain":"example.com","ips":["172.66.14
2026-08-02T00:59:45.500Z OK #77 /x402/gas-tracker {"timestamp":"2026-08-02T00:59:45.405Z","chains":[{"chain":"ethereum","gas_gwei"
2026-08-02T00:59:47.458Z OK #78 /x402/fx-rate?base=USD&symbols=EUR {"source":"frankfurter.dev/v2/rates","data":[{"date":"2026-08-01","base":"USD","
2026-08-02T00:59:49.442Z OK #79 /x402/fx-rate?base=USD&symbols=JPY {"source":"frankfurter.dev/v2/rates","data":[{"date":"2026-08-01","base":"USD","
2026-08-02T00:59:51.518Z OK #80 /x402/crypto-price?ids=bitcoin {"source":"sml-fallback","data":{"bitcoin":{"usd":null,"lookup":"https://www.coi
2026-08-02T00:59:53.615Z OK #81 /x402/web-search?q=bitcoin {"timestamp":"2026-08-02T00:59:53.529Z","q":"bitcoin","count":8,"results":[{"tit
2026-08-02T00:59:55.585Z OK #82 /x402/web-search?q=ethereum {"timestamp":"2026-08-02T00:59:55.499Z","q":"ethereum","count":8,"results":[{"ti
2026-08-02T00:59:57.447Z OK #83 /x402/web-fetch?url=https://example.com {"timestamp":"2026-08-02T00:59:57.360Z","url":"https://example.com","status":200
2026-08-02T01:00:09.631Z OK #84 /x402/social-search?q=AI+agents {"timestamp":"2026-08-02T01:00:09.535Z","q":"AI agents","count":1,"results":[{"t
2026-08-02T01:00:11.787Z OK #85 /x402/news-headlines?q=crypto {"timestamp":"2026-08-02T01:00:11.520Z","q":"crypto","count":15,"headlines":[{"t
2026-08-02T01:00:13.902Z OK #86 /x402/eth-rpc?method=eth_blockNumber {"timestamp":"2026-08-02T01:00:13.808Z","chain":"ethereum","rpc":"https://ethere
2026-08-02T01:00:15.905Z OK #87 /x402/base-rpc?method=eth_blockNumber {"timestamp":"2026-08-02T01:00:15.810Z","chain":"base","rpc":"https://mainnet.ba
2026-08-02T01:00:17.959Z OK #88 /x402/domain-enrich?domain=example.com {"timestamp":"2026-08-02T01:00:17.865Z","domain":"example.com","ips":["172.66.14
2026-08-02T01:00:20.043Z OK #89 /x402/gas-tracker {"timestamp":"2026-08-02T01:00:19.948Z","chains":[{"chain":"ethereum","gas_gwei"
2026-08-02T01:00:22.291Z OK #90 /x402/fx-rate?base=USD&symbols=EUR {"source":"frankfurter.dev/v2/rates","data":[{"date":"2026-08-01","base":"USD","
2026-08-02T01:00:24.329Z OK #91 /x402/fx-rate?base=USD&symbols=JPY {"source":"frankfurter.dev/v2/rates","data":[{"date":"2026-08-01","base":"USD","
2026-08-02T01:00:26.366Z OK #92 /x402/crypto-price?ids=bitcoin {"source":"sml-fallback","data":{"bitcoin":{"usd":null,"lookup":"https://www.coi
2026-08-02T01:00:28.487Z OK #93 /x402/web-search?q=bitcoin {"timestamp":"2026-08-02T01:00:28.392Z","q":"bitcoin","count":8,"results":[{"tit
2026-08-02T01:00:30.562Z OK #94 /x402/web-search?q=ethereum {"timestamp":"2026-08-02T01:00:30.473Z","q":"ethereum","count":8,"results":[{"ti
2026-08-02T01:00:32.424Z OK #95 /x402/web-fetch?url=https://example.com {"timestamp":"2026-08-02T01:00:32.324Z","url":"https://example.com","status":200
2026-08-02T01:00:44.522Z OK #96 /x402/social-search?q=AI+agents {"timestamp":"2026-08-02T01:00:44.435Z","q":"AI agents","count":1,"results":[{"t
2026-08-02T01:00:46.658Z OK #97 /x402/news-headlines?q=crypto {"timestamp":"2026-08-02T01:00:46.569Z","q":"crypto","count":15,"headlines":[{"t
2026-08-02T01:00:48.565Z OK #98 /x402/eth-rpc?method=eth_blockNumber {"timestamp":"2026-08-02T01:00:48.469Z","chain":"ethereum","rpc":"https://ethere
2026-08-02T01:00:50.494Z OK #99 /x402/base-rpc?method=eth_blockNumber {"timestamp":"2026-08-02T01:00:50.398Z","chain":"base","rpc":"https://mainnet.ba
2026-08-02T01:00:52.631Z OK #100 /x402/domain-enrich?domain=example.com {"timestamp":"2026-08-02T01:00:52.536Z","domain":"example.com","ips":["104.20.23
2026-08-02T01:00:54.652Z OK #101 /x402/gas-tracker {"timestamp":"2026-08-02T01:00:54.557Z","chains":[{"chain":"ethereum","gas_gwei"
2026-08-02T01:00:56.752Z OK #102 /x402/fx-rate?base=USD&symbols=EUR {"source":"frankfurter.dev/v2/rates","data":[{"date":"2026-08-01","base":"USD","
2026-08-02T01:00:58.746Z OK #103 /x402/fx-rate?base=USD&symbols=JPY {"source":"frankfurter.dev/v2/rates","data":[{"date":"2026-08-01","base":"USD","
2026-08-02T01:01:00.845Z OK #104 /x402/crypto-price?ids=bitcoin {"source":"coingecko.com/api/v3/simple/price","data":{"bitcoin":{"usd":62777}},"
2026-08-02T01:01:03.019Z OK #105 /x402/web-search?q=bitcoin {"timestamp":"2026-08-02T01:01:02.924Z","q":"bitcoin","count":8,"results":[{"tit
2026-08-02T01:01:05.139Z OK #106 /x402/web-search?q=ethereum {"timestamp":"2026-08-02T01:01:04.826Z","q":"ethereum","count":8,"results":[{"ti
2026-08-02T01:01:07.027Z OK #107 /x402/web-fetch?url=https://example.com {"timestamp":"2026-08-02T01:01:06.933Z","url":"https://example.com","status":200
2026-08-02T01:01:19.045Z OK #108 /x402/social-search?q=AI+agents {"timestamp":"2026-08-02T01:01:18.949Z","q":"AI agents","count":1,"results":[{"t
2026-08-02T01:01:21.702Z OK #109 /x402/news-headlines?q=crypto {"timestamp":"2026-08-02T01:01:21.434Z","q":"crypto","count":15,"headlines":[{"t
2026-08-02T01:01:23.664Z OK #110 /x402/eth-rpc?method=eth_blockNumber {"timestamp":"2026-08-02T01:01:23.569Z","chain":"ethereum","rpc":"https://ethere
2026-08-02T01:01:25.908Z OK #111 /x402/base-rpc?method=eth_blockNumber {"timestamp":"2026-08-02T01:01:25.813Z","chain":"base","rpc":"https://mainnet.ba
2026-08-02T01:01:28.009Z OK #112 /x402/domain-enrich?domain=example.com {"timestamp":"2026-08-02T01:01:27.914Z","domain":"example.com","ips":["172.66.14
2026-08-02T01:01:30.163Z OK #113 /x402/gas-tracker {"timestamp":"2026-08-02T01:01:30.068Z","chains":[{"chain":"ethereum","gas_gwei"
2026-08-02T01:01:32.271Z OK #114 /x402/fx-rate?base=USD&symbols=EUR {"source":"frankfurter.dev/v2/rates","data":[{"date":"2026-08-01","base":"USD","
2026-08-02T01:01:34.581Z OK #115 /x402/fx-rate?base=USD&symbols=JPY {"source":"frankfurter.dev/v2/rates","data":[{"date":"2026-08-01","base":"USD","
2026-08-02T01:01:36.564Z OK #116 /x402/crypto-price?ids=bitcoin {"source":"sml-fallback","data":{"bitcoin":{"usd":null,"lookup":"https://www.coi
2026-08-02T01:01:38.544Z OK #117 /x402/web-search?q=bitcoin {"timestamp":"2026-08-02T01:01:38.457Z","q":"bitcoin","count":8,"results":[{"tit
2026-08-02T01:01:40.464Z OK #118 /x402/web-search?q=ethereum {"timestamp":"2026-08-02T01:01:40.369Z","q":"ethereum","count":8,"results":[{"ti
2026-08-02T01:01:42.344Z OK #119 /x402/web-fetch?url=https://example.com {"timestamp":"2026-08-02T01:01:42.250Z","url":"https://example.com","status":200
2026-08-02T01:01:54.507Z OK #120 /x402/social-search?q=AI+agents {"timestamp":"2026-08-02T01:01:54.413Z","q":"AI agents","count":1,"results":[{"t
2026-08-02T01:01:56.781Z OK #121 /x402/news-headlines?q=crypto {"timestamp":"2026-08-02T01:01:56.692Z","q":"crypto","count":15,"headlines":[{"t
2026-08-02T01:01:58.878Z OK #122 /x402/eth-rpc?method=eth_blockNumber {"timestamp":"2026-08-02T01:01:58.788Z","chain":"ethereum","rpc":"https://ethere
2026-08-02T01:02:01.056Z OK #123 /x402/base-rpc?method=eth_blockNumber {"timestamp":"2026-08-02T01:02:00.969Z","chain":"base","rpc":"https://mainnet.ba
2026-08-02T01:02:02.984Z OK #124 /x402/domain-enrich?domain=example.com {"timestamp":"2026-08-02T01:02:02.899Z","domain":"example.com","ips":["172.66.14
2026-08-02T01:02:05.034Z OK #125 /x402/gas-tracker {"timestamp":"2026-08-02T01:02:04.939Z","chains":[{"chain":"ethereum","gas_gwei"
2026-08-02T01:02:06.996Z OK #126 /x402/fx-rate?base=USD&symbols=EUR {"source":"frankfurter.dev/v2/rates","data":[{"date":"2026-08-01","base":"USD","
2026-08-02T01:02:08.874Z OK #127 /x402/fx-rate?base=USD&symbols=JPY {"source":"frankfurter.dev/v2/rates","data":[{"date":"2026-08-01","base":"USD","
2026-08-02T01:02:10.793Z OK #128 /x402/crypto-price?ids=bitcoin {"source":"sml-fallback","data":{"bitcoin":{"usd":null,"lookup":"https://www.coi
2026-08-02T01:02:12.634Z OK #129 /x402/web-search?q=bitcoin {"timestamp":"2026-08-02T01:02:12.539Z","q":"bitcoin","count":8,"results":[{"tit
2026-08-02T01:02:14.650Z OK #130 /x402/web-search?q=ethereum {"timestamp":"2026-08-02T01:02:14.562Z","q":"ethereum","count":8,"results":[{"ti
2026-08-02T01:02:16.546Z OK #131 /x402/web-fetch?url=https://example.com {"timestamp":"2026-08-02T01:02:16.451Z","url":"https://example.com","status":200
2026-08-02T01:02:28.692Z OK #132 /x402/social-search?q=AI+agents {"timestamp":"2026-08-02T01:02:28.606Z","q":"AI agents","count":1,"results":[{"t
2026-08-02T01:02:30.725Z OK #133 /x402/news-headlines?q=crypto {"timestamp":"2026-08-02T01:02:30.637Z","q":"crypto","count":15,"headlines":[{"t
2026-08-02T01:02:32.946Z OK #134 /x402/eth-rpc?method=eth_blockNumber {"timestamp":"2026-08-02T01:02:32.857Z","chain":"ethereum","rpc":"https://ethere
2026-08-02T01:02:34.895Z OK #135 /x402/base-rpc?method=eth_blockNumber {"timestamp":"2026-08-02T01:02:34.799Z","chain":"base","rpc":"https://mainnet.ba
2026-08-02T01:02:37.211Z OK #136 /x402/domain-enrich?domain=example.com {"timestamp":"2026-08-02T01:02:37.116Z","domain":"example.com","ips":["104.20.23
2026-08-02T01:02:39.554Z OK #137 /x402/gas-tracker {"timestamp":"2026-08-02T01:02:39.458Z","chains":[{"chain":"ethereum","gas_gwei"
2026-08-02T01:02:41.529Z OK #138 /x402/fx-rate?base=USD&symbols=EUR {"source":"frankfurter.dev/v2/rates","data":[{"date":"2026-08-01","base":"USD","
2026-08-02T01:02:43.364Z OK #139 /x402/fx-rate?base=USD&symbols=JPY {"source":"frankfurter.dev/v2/rates","data":[{"date":"2026-08-01","base":"USD","
2026-08-02T01:02:45.663Z OK #140 /x402/crypto-price?ids=bitcoin {"source":"sml-fallback","data":{"bitcoin":{"usd":null,"lookup":"https://www.coi
2026-08-02T01:02:47.547Z OK #141 /x402/web-search?q=bitcoin {"timestamp":"2026-08-02T01:02:47.458Z","q":"bitcoin","count":8,"results":[{"tit
2026-08-02T01:02:49.345Z OK #142 /x402/web-search?q=ethereum {"timestamp":"2026-08-02T01:02:49.258Z","q":"ethereum","count":8,"results":[{"ti
2026-08-02T01:02:51.531Z OK #143 /x402/web-fetch?url=https://example.com {"timestamp":"2026-08-02T01:02:51.446Z","url":"https://example.com","status":200
2026-08-02T01:03:04.097Z OK #144 /x402/social-search?q=AI+agents {"timestamp":"2026-08-02T01:03:04.011Z","q":"AI agents","count":1,"results":[{"t
2026-08-02T01:03:06.236Z OK #145 /x402/news-headlines?q=crypto {"timestamp":"2026-08-02T01:03:06.147Z","q":"crypto","count":15,"headlines":[{"t
2026-08-02T01:03:08.359Z OK #146 /x402/eth-rpc?method=eth_blockNumber {"timestamp":"2026-08-02T01:03:08.264Z","chain":"ethereum","rpc":"https://ethere
2026-08-02T01:03:10.401Z OK #147 /x402/base-rpc?method=eth_blockNumber {"timestamp":"2026-08-02T01:03:10.314Z","chain":"base","rpc":"https://mainnet.ba
2026-08-02T01:03:12.698Z OK #148 /x402/domain-enrich?domain=example.com {"timestamp":"2026-08-02T01:03:12.612Z","domain":"example.com","ips":["172.66.14
2026-08-02T01:03:14.719Z OK #149 /x402/gas-tracker {"timestamp":"2026-08-02T01:03:14.624Z","chains":[{"chain":"ethereum","gas_gwei"
2026-08-02T01:03:16.657Z OK #150 /x402/fx-rate?base=USD&symbols=EUR {"source":"frankfurter.dev/v2/rates","data":[{"date":"2026-08-01","base":"USD","
2026-08-02T01:03:19.191Z OK #151 /x402/fx-rate?base=USD&symbols=JPY {"source":"frankfurter.dev/v2/rates","data":[{"date":"2026-08-01","base":"USD","
2026-08-02T01:03:21.459Z OK #152 /x402/crypto-price?ids=bitcoin {"source":"sml-fallback","data":{"bitcoin":{"usd":null,"lookup":"https://www.coi
2026-08-02T01:03:23.581Z OK #153 /x402/web-search?q=bitcoin {"timestamp":"2026-08-02T01:03:23.492Z","q":"bitcoin","count":8,"results":[{"tit
2026-08-02T01:03:25.392Z OK #154 /x402/web-search?q=ethereum {"timestamp":"2026-08-02T01:03:25.305Z","q":"ethereum","count":8,"results":[{"ti
2026-08-02T01:03:27.522Z OK #155 /x402/web-fetch?url=https://example.com {"timestamp":"2026-08-02T01:03:27.436Z","url":"https://example.com","status":200
2026-08-02T01:03:39.762Z OK #156 /x402/social-search?q=AI+agents {"timestamp":"2026-08-02T01:03:39.675Z","q":"AI agents","count":1,"results":[{"t
2026-08-02T01:03:42.455Z OK #157 /x402/news-headlines?q=crypto {"timestamp":"2026-08-02T01:03:42.188Z","q":"crypto","count":15,"headlines":[{"t
2026-08-02T01:03:44.729Z OK #158 /x402/eth-rpc?method=eth_blockNumber {"timestamp":"2026-08-02T01:03:44.634Z","chain":"ethereum","rpc":"https://ethere
2026-08-02T01:03:46.583Z OK #159 /x402/base-rpc?method=eth_blockNumber {"timestamp":"2026-08-02T01:03:46.497Z","chain":"base","rpc":"https://mainnet.ba
2026-08-02T01:03:48.728Z OK #160 /x402/domain-enrich?domain=example.com {"timestamp":"2026-08-02T01:03:48.633Z","domain":"example.com","ips":["104.20.23
2026-08-02T01:03:50.752Z OK #161 /x402/gas-tracker {"timestamp":"2026-08-02T01:03:50.664Z","chains":[{"chain":"ethereum","gas_gwei"
2026-08-02T01:03:52.734Z OK #162 /x402/fx-rate?base=USD&symbols=EUR {"source":"frankfurter.dev/v2/rates","data":[{"date":"2026-08-01","base":"USD","
2026-08-02T01:03:54.787Z OK #163 /x402/fx-rate?base=USD&symbols=JPY {"source":"frankfurter.dev/v2/rates","data":[{"date":"2026-08-01","base":"USD","
2026-08-02T01:03:56.673Z OK #164 /x402/crypto-price?ids=bitcoin {"source":"sml-fallback","data":{"bitcoin":{"usd":null,"lookup":"https://www.coi
2026-08-02T01:03:58.651Z OK #165 /x402/web-search?q=bitcoin {"timestamp":"2026-08-02T01:03:58.565Z","q":"bitcoin","count":8,"results":[{"tit
2026-08-02T01:04:00.534Z OK #166 /x402/web-search?q=ethereum {"timestamp":"2026-08-02T01:04:00.447Z","q":"ethereum","count":8,"results":[{"ti
2026-08-02T01:04:02.540Z OK #167 /x402/web-fetch?url=https://example.com {"timestamp":"2026-08-02T01:04:02.446Z","url":"https://example.com","status":200
2026-08-02T01:04:14.838Z OK #168 /x402/social-search?q=AI+agents {"timestamp":"2026-08-02T01:04:14.751Z","q":"AI agents","count":1,"results":[{"t
2026-08-02T01:04:16.864Z OK #169 /x402/news-headlines?q=crypto {"timestamp":"2026-08-02T01:04:16.775Z","q":"crypto","count":15,"headlines":[{"t
2026-08-02T01:04:18.804Z OK #170 /x402/eth-rpc?method=eth_blockNumber {"timestamp":"2026-08-02T01:04:18.710Z","chain":"ethereum","rpc":"https://ethere
2026-08-02T01:04:20.954Z OK #171 /x402/base-rpc?method=eth_blockNumber {"timestamp":"2026-08-02T01:04:20.867Z","chain":"base","rpc":"https://mainnet.ba
2026-08-02T01:04:22.896Z OK #172 /x402/domain-enrich?domain=example.com {"timestamp":"2026-08-02T01:04:22.801Z","domain":"example.com","ips":["104.20.23
2026-08-02T01:04:24.812Z OK #173 /x402/gas-tracker {"timestamp":"2026-08-02T01:04:24.717Z","chains":[{"chain":"ethereum","gas_gwei"
2026-08-02T01:04:26.686Z OK #174 /x402/fx-rate?base=USD&symbols=EUR {"source":"frankfurter.dev/v2/rates","data":[{"date":"2026-08-01","base":"USD","
2026-08-02T01:04:28.600Z OK #175 /x402/fx-rate?base=USD&symbols=JPY {"source":"frankfurter.dev/v2/rates","data":[{"date":"2026-08-01","base":"USD","
2026-08-02T01:04:30.483Z OK #176 /x402/crypto-price?ids=bitcoin {"source":"coingecko.com/api/v3/simple/price","data":{"bitcoin":{"usd":62797}},"
2026-08-02T01:04:32.378Z OK #177 /x402/web-search?q=bitcoin {"timestamp":"2026-08-02T01:04:32.292Z","q":"bitcoin","count":8,"results":[{"tit
2026-08-02T01:04:34.242Z OK #178 /x402/web-search?q=ethereum {"timestamp":"2026-08-02T01:04:34.146Z","q":"ethereum","count":8,"results":[{"ti
2026-08-02T01:04:36.116Z OK #179 /x402/web-fetch?url=https://example.com {"timestamp":"2026-08-02T01:04:36.021Z","url":"https://example.com","status":200
2026-08-02T01:04:48.269Z OK #180 /x402/social-search?q=AI+agents {"timestamp":"2026-08-02T01:04:48.181Z","q":"AI agents","count":1,"results":[{"t
2026-08-02T01:04:50.468Z OK #181 /x402/news-headlines?q=crypto {"timestamp":"2026-08-02T01:04:50.202Z","q":"crypto","count":15,"headlines":[{"t
2026-08-02T01:04:52.499Z OK #182 /x402/eth-rpc?method=eth_blockNumber {"timestamp":"2026-08-02T01:04:52.404Z","chain":"ethereum","rpc":"https://ethere
2026-08-02T01:04:54.494Z OK #183 /x402/base-rpc?method=eth_blockNumber {"timestamp":"2026-08-02T01:04:54.406Z","chain":"base","rpc":"https://mainnet.ba
2026-08-02T01:04:57.615Z OK #184 /x402/domain-enrich?domain=example.com {"timestamp":"2026-08-02T01:04:56.973Z","domain":"example.com","ips":["104.20.23
2026-08-02T01:04:59.494Z OK #185 /x402/gas-tracker {"timestamp":"2026-08-02T01:04:59.407Z","chains":[{"chain":"ethereum","gas_gwei"
2026-08-02T01:05:01.449Z OK #186 /x402/fx-rate?base=USD&symbols=EUR {"source":"frankfurter.dev/v2/rates","data":[{"date":"2026-08-01","base":"USD","
2026-08-02T01:05:03.589Z OK #187 /x402/fx-rate?base=USD&symbols=JPY {"source":"frankfurter.dev/v2/rates","data":[{"date":"2026-08-01","base":"USD","
2026-08-02T01:05:05.696Z OK #188 /x402/crypto-price?ids=bitcoin {"source":"sml-fallback","data":{"bitcoin":{"usd":null,"lookup":"https://www.coi
2026-08-02T01:05:07.642Z OK #189 /x402/web-search?q=bitcoin {"timestamp":"2026-08-02T01:05:07.547Z","q":"bitcoin","count":8,"results":[{"tit
2026-08-02T01:05:09.479Z OK #190 /x402/web-search?q=ethereum {"timestamp":"2026-08-02T01:05:09.393Z","q":"ethereum","count":8,"results":[{"ti
2026-08-02T01:05:11.338Z OK #191 /x402/web-fetch?url=https://example.com {"timestamp":"2026-08-02T01:05:11.251Z","url":"https://example.com","status":200
2026-08-02T01:05:24.376Z OK #192 /x402/social-search?q=AI+agents {"timestamp":"2026-08-02T01:05:23.729Z","q":"AI agents","count":1,"results":[{"t
2026-08-02T01:05:26.580Z OK #193 /x402/news-headlines?q=crypto {"timestamp":"2026-08-02T01:05:26.493Z","q":"crypto","count":15,"headlines":[{"t
2026-08-02T01:05:28.674Z OK #194 /x402/eth-rpc?method=eth_blockNumber {"timestamp":"2026-08-02T01:05:28.589Z","chain":"ethereum","rpc":"https://ethere
2026-08-02T01:05:30.616Z OK #195 /x402/base-rpc?method=eth_blockNumber {"timestamp":"2026-08-02T01:05:30.521Z","chain":"base","rpc":"https://mainnet.ba
2026-08-02T01:05:33.072Z OK #196 /x402/domain-enrich?domain=example.com {"timestamp":"2026-08-02T01:05:32.432Z","domain":"example.com","ips":["104.20.23
2026-08-02T01:05:35.900Z OK #197 /x402/gas-tracker {"timestamp":"2026-08-02T01:05:35.805Z","chains":[{"chain":"ethereum","gas_gwei"
2026-08-02T01:05:37.948Z OK #198 /x402/fx-rate?base=USD&symbols=EUR {"source":"frankfurter.dev/v2/rates","data":[{"date":"2026-08-01","base":"USD","
2026-08-02T01:05:39.869Z OK #199 /x402/fx-rate?base=USD&symbols=JPY {"source":"frankfurter.dev/v2/rates","data":[{"date":"2026-08-01","base":"USD","
2026-08-02T01:05:41.935Z OK #200 /x402/crypto-price?ids=bitcoin {"source":"coingecko.com/api/v3/simple/price","data":{"bitcoin":{"usd":62805}},"
2026-08-02T01:05:43.950Z OK #201 /x402/web-search?q=bitcoin {"timestamp":"2026-08-02T01:05:43.864Z","q":"bitcoin","count":8,"results":[{"tit
2026-08-02T01:05:46.001Z OK #202 /x402/web-search?q=ethereum {"timestamp":"2026-08-02T01:05:45.905Z","q":"ethereum","count":8,"results":[{"ti
2026-08-02T01:05:47.892Z OK #203 /x402/web-fetch?url=https://example.com {"timestamp":"2026-08-02T01:05:47.805Z","url":"https://example.com","status":200
2026-08-02T01:06:00.217Z OK #204 /x402/social-search?q=AI+agents {"timestamp":"2026-08-02T01:06:00.131Z","q":"AI agents","count":1,"results":[{"t
2026-08-02T01:06:02.395Z OK #205 /x402/news-headlines?q=crypto {"timestamp":"2026-08-02T01:06:02.308Z","q":"crypto","count":15,"headlines":[{"t
2026-08-02T01:06:04.425Z OK #206 /x402/eth-rpc?method=eth_blockNumber {"timestamp":"2026-08-02T01:06:04.338Z","chain":"ethereum","rpc":"https://ethere
2026-08-02T01:06:06.573Z OK #207 /x402/base-rpc?method=eth_blockNumber {"timestamp":"2026-08-02T01:06:06.486Z","chain":"base","rpc":"https://mainnet.ba
2026-08-02T01:06:08.548Z OK #208 /x402/domain-enrich?domain=example.com {"timestamp":"2026-08-02T01:06:08.460Z","domain":"example.com","ips":["172.66.14
2026-08-02T01:06:10.470Z OK #209 /x402/gas-tracker {"timestamp":"2026-08-02T01:06:10.375Z","chains":[{"chain":"ethereum","gas_gwei"
2026-08-02T01:06:12.420Z OK #210 /x402/fx-rate?base=USD&symbols=EUR {"source":"frankfurter.dev/v2/rates","data":[{"date":"2026-08-01","base":"USD","
2026-08-02T01:06:14.452Z OK #211 /x402/fx-rate?base=USD&symbols=JPY {"source":"frankfurter.dev/v2/rates","data":[{"date":"2026-08-01","base":"USD","
2026-08-02T01:06:16.357Z OK #212 /x402/crypto-price?ids=bitcoin {"source":"sml-fallback","data":{"bitcoin":{"usd":null,"lookup":"https://www.coi
2026-08-02T01:06:19.107Z OK #213 /x402/web-search?q=bitcoin {"timestamp":"2026-08-02T01:06:19.008Z","q":"bitcoin","count":8,"results":[{"tit
2026-08-02T01:06:21.100Z OK #214 /x402/web-search?q=ethereum {"timestamp":"2026-08-02T01:06:21.014Z","q":"ethereum","count":8,"results":[{"ti
2026-08-02T01:06:23.044Z OK #215 /x402/web-fetch?url=https://example.com {"timestamp":"2026-08-02T01:06:22.958Z","url":"https://example.com","status":200
2026-08-02T01:06:36.110Z OK #216 /x402/social-search?q=AI+agents {"timestamp":"2026-08-02T01:06:36.015Z","q":"AI agents","count":1,"results":[{"t
2026-08-02T01:06:38.401Z OK #217 /x402/news-headlines?q=crypto {"timestamp":"2026-08-02T01:06:38.089Z","q":"crypto","count":15,"headlines":[{"t
2026-08-02T01:06:40.903Z OK #218 /x402/eth-rpc?method=eth_blockNumber {"timestamp":"2026-08-02T01:06:40.261Z","chain":"ethereum","rpc":"https://ethere
2026-08-02T01:06:43.083Z OK #219 /x402/base-rpc?method=eth_blockNumber {"timestamp":"2026-08-02T01:06:42.996Z","chain":"base","rpc":"https://mainnet.ba
2026-08-02T01:06:45.167Z OK #220 /x402/domain-enrich?domain=example.com {"timestamp":"2026-08-02T01:06:45.081Z","domain":"example.com","ips":["104.20.23
2026-08-02T01:06:47.212Z OK #221 /x402/gas-tracker {"timestamp":"2026-08-02T01:06:47.126Z","chains":[{"chain":"ethereum","gas_gwei"
2026-08-02T01:06:49.359Z OK #222 /x402/fx-rate?base=USD&symbols=EUR {"source":"frankfurter.dev/v2/rates","data":[{"date":"2026-08-01","base":"USD","
2026-08-02T01:06:51.753Z OK #223 /x402/fx-rate?base=USD&symbols=JPY {"source":"frankfurter.dev/v2/rates","data":[{"date":"2026-08-01","base":"USD","
2026-08-02T01:06:53.865Z OK #224 /x402/crypto-price?ids=bitcoin {"source":"sml-fallback","data":{"bitcoin":{"usd":null,"lookup":"https://www.coi
2026-08-02T01:06:55.891Z OK #225 /x402/web-search?q=bitcoin {"timestamp":"2026-08-02T01:06:55.796Z","q":"bitcoin","count":8,"results":[{"tit
2026-08-02T01:06:57.765Z OK #226 /x402/web-search?q=ethereum {"timestamp":"2026-08-02T01:06:57.680Z","q":"ethereum","count":8,"results":[{"ti
2026-08-02T01:06:59.581Z OK #227 /x402/web-fetch?url=https://example.com {"timestamp":"2026-08-02T01:06:59.486Z","url":"https://example.com","status":200
2026-08-02T01:07:11.680Z OK #228 /x402/social-search?q=AI+agents {"timestamp":"2026-08-02T01:07:11.593Z","q":"AI agents","count":1,"results":[{"t
2026-08-02T01:07:14.436Z OK #229 /x402/news-headlines?q=crypto {"timestamp":"2026-08-02T01:07:14.169Z","q":"crypto","count":15,"headlines":[{"t
2026-08-02T01:07:16.700Z OK #230 /x402/eth-rpc?method=eth_blockNumber {"timestamp":"2026-08-02T01:07:16.386Z","chain":"ethereum","rpc":"https://ethere
2026-08-02T01:07:18.711Z OK #231 /x402/base-rpc?method=eth_blockNumber {"timestamp":"2026-08-02T01:07:18.625Z","chain":"base","rpc":"https://mainnet.ba
2026-08-02T01:07:21.074Z OK #232 /x402/domain-enrich?domain=example.com {"timestamp":"2026-08-02T01:07:20.988Z","domain":"example.com","ips":["104.20.23
2026-08-02T01:07:23.081Z OK #233 /x402/gas-tracker {"timestamp":"2026-08-02T01:07:22.986Z","chains":[{"chain":"ethereum","gas_gwei"
2026-08-02T01:07:25.620Z OK #234 /x402/fx-rate?base=USD&symbols=EUR {"source":"frankfurter.dev/v2/rates","data":[{"date":"2026-08-01","base":"USD","
2026-08-02T01:07:27.449Z OK #235 /x402/fx-rate?base=USD&symbols=JPY {"source":"frankfurter.dev/v2/rates","data":[{"date":"2026-08-01","base":"USD","
2026-08-02T01:07:29.524Z OK #236 /x402/crypto-price?ids=bitcoin {"source":"sml-fallback","data":{"bitcoin":{"usd":null,"lookup":"https://www.coi
2026-08-02T01:07:31.572Z OK #237 /x402/web-search?q=bitcoin {"timestamp":"2026-08-02T01:07:31.486Z","q":"bitcoin","count":8,"results":[{"tit
2026-08-02T01:07:33.618Z OK #238 /x402/web-search?q=ethereum {"timestamp":"2026-08-02T01:07:33.532Z","q":"ethereum","count":8,"results":[{"ti
2026-08-02T01:07:35.690Z OK #239 /x402/web-fetch?url=https://example.com {"timestamp":"2026-08-02T01:07:35.603Z","url":"https://example.com","status":200
2026-08-02T01:07:47.898Z OK #240 /x402/social-search?q=AI+agents {"timestamp":"2026-08-02T01:07:47.803Z","q":"AI agents","count":1,"results":[{"t
2026-08-02T01:07:50.136Z OK #241 /x402/news-headlines?q=crypto {"timestamp":"2026-08-02T01:07:50.048Z","q":"crypto","count":15,"headlines":[{"t
2026-08-02T01:07:52.249Z OK #242 /x402/eth-rpc?method=eth_blockNumber {"timestamp":"2026-08-02T01:07:52.153Z","chain":"ethereum","rpc":"https://ethere
2026-08-02T01:07:54.450Z OK #243 /x402/base-rpc?method=eth_blockNumber {"timestamp":"2026-08-02T01:07:54.363Z","chain":"base","rpc":"https://mainnet.ba
2026-08-02T01:07:56.426Z OK #244 /x402/domain-enrich?domain=example.com {"timestamp":"2026-08-02T01:07:56.340Z","domain":"example.com","ips":["172.66.14
2026-08-02T01:07:58.696Z OK #245 /x402/gas-tracker {"timestamp":"2026-08-02T01:07:58.609Z","chains":[{"chain":"ethereum","gas_gwei"
2026-08-02T01:08:01.100Z OK #246 /x402/fx-rate?base=USD&symbols=EUR {"source":"frankfurter.dev/v2/rates","data":[{"date":"2026-08-01","base":"USD","
2026-08-02T01:08:03.477Z OK #247 /x402/fx-rate?base=USD&symbols=JPY {"source":"frankfurter.dev/v2/rates","data":[{"date":"2026-08-01","base":"USD","
2026-08-02T01:08:05.576Z OK #248 /x402/crypto-price?ids=bitcoin {"source":"sml-fallback","data":{"bitcoin":{"usd":null,"lookup":"https://www.coi
2026-08-02T01:08:07.639Z OK #249 /x402/web-search?q=bitcoin {"timestamp":"2026-08-02T01:08:07.551Z","q":"bitcoin","count":8,"results":[{"tit
2026-08-02T01:08:09.601Z OK #250 /x402/web-search?q=ethereum {"timestamp":"2026-08-02T01:08:09.514Z","q":"ethereum","count":8,"results":[{"ti
2026-08-02T01:08:11.546Z OK #251 /x402/web-fetch?url=https://example.com {"timestamp":"2026-08-02T01:08:11.451Z","url":"https://example.com","status":200
2026-08-02T01:08:23.982Z OK #252 /x402/social-search?q=AI+agents {"timestamp":"2026-08-02T01:08:23.888Z","q":"AI agents","count":1,"results":[{"t
2026-08-02T01:08:26.111Z OK #253 /x402/news-headlines?q=crypto {"timestamp":"2026-08-02T01:08:25.844Z","q":"crypto","count":15,"headlines":[{"t
2026-08-02T01:08:28.119Z OK #254 /x402/eth-rpc?method=eth_blockNumber {"timestamp":"2026-08-02T01:08:28.032Z","chain":"ethereum","rpc":"https://ethere
2026-08-02T01:08:30.077Z OK #255 /x402/base-rpc?method=eth_blockNumber {"timestamp":"2026-08-02T01:08:29.991Z","chain":"base","rpc":"https://mainnet.ba
2026-08-02T01:08:32.251Z OK #256 /x402/domain-enrich?domain=example.com {"timestamp":"2026-08-02T01:08:32.165Z","domain":"example.com","ips":["104.20.23
2026-08-02T01:08:34.192Z OK #257 /x402/gas-tracker {"timestamp":"2026-08-02T01:08:34.105Z","chains":[{"chain":"ethereum","gas_gwei"
2026-08-02T01:08:36.197Z OK #258 /x402/fx-rate?base=USD&symbols=EUR {"source":"frankfurter.dev/v2/rates","data":[{"date":"2026-08-01","base":"USD","
2026-08-02T01:08:38.154Z OK #259 /x402/fx-rate?base=USD&symbols=JPY {"source":"frankfurter.dev/v2/rates","data":[{"date":"2026-08-01","base":"USD","
2026-08-02T01:08:40.212Z OK #260 /x402/crypto-price?ids=bitcoin {"source":"sml-fallback","data":{"bitcoin":{"usd":null,"lookup":"https://www.coi
2026-08-02T01:08:42.151Z OK #261 /x402/web-search?q=bitcoin {"timestamp":"2026-08-02T01:08:42.065Z","q":"bitcoin","count":8,"results":[{"tit
2026-08-02T01:08:44.121Z OK #262 /x402/web-search?q=ethereum {"timestamp":"2026-08-02T01:08:44.035Z","q":"ethereum","count":8,"results":[{"ti
2026-08-02T01:08:46.026Z OK #263 /x402/web-fetch?url=https://example.com {"timestamp":"2026-08-02T01:08:45.940Z","url":"https://example.com","status":200
2026-08-02T01:08:58.208Z OK #264 /x402/social-search?q=AI+agents {"timestamp":"2026-08-02T01:08:58.122Z","q":"AI agents","count":1,"results":[{"t
2026-08-02T01:09:00.535Z OK #265 /x402/news-headlines?q=crypto {"timestamp":"2026-08-02T01:09:00.449Z","q":"crypto","count":15,"headlines":[{"t
2026-08-02T01:09:02.631Z OK #266 /x402/eth-rpc?method=eth_blockNumber {"timestamp":"2026-08-02T01:09:02.545Z","chain":"ethereum","rpc":"https://ethere
2026-08-02T01:09:04.823Z OK #267 /x402/base-rpc?method=eth_blockNumber {"timestamp":"2026-08-02T01:09:04.736Z","chain":"base","rpc":"https://mainnet.ba
2026-08-02T01:09:06.858Z OK #268 /x402/domain-enrich?domain=example.com {"timestamp":"2026-08-02T01:09:06.762Z","domain":"example.com","ips":["172.66.14
2026-08-02T01:09:08.892Z OK #269 /x402/gas-tracker {"timestamp":"2026-08-02T01:09:08.797Z","chains":[{"chain":"ethereum","gas_gwei"
2026-08-02T01:09:10.832Z OK #270 /x402/fx-rate?base=USD&symbols=EUR {"source":"frankfurter.dev/v2/rates","data":[{"date":"2026-08-01","base":"USD","
2026-08-02T01:09:12.711Z OK #271 /x402/fx-rate?base=USD&symbols=JPY {"source":"frankfurter.dev/v2/rates","data":[{"date":"2026-08-01","base":"USD","
2026-08-02T01:09:14.584Z OK #272 /x402/crypto-price?ids=bitcoin {"source":"coingecko.com/api/v3/simple/price","data":{"bitcoin":{"usd":62863}},"
2026-08-02T01:09:16.537Z OK #273 /x402/web-search?q=bitcoin {"timestamp":"2026-08-02T01:09:16.451Z","q":"bitcoin","count":8,"results":[{"tit
2026-08-02T01:09:18.399Z OK #274 /x402/web-search?q=ethereum {"timestamp":"2026-08-02T01:09:18.303Z","q":"ethereum","count":8,"results":[{"ti
2026-08-02T01:09:20.678Z OK #275 /x402/web-fetch?url=https://example.com {"timestamp":"2026-08-02T01:09:20.583Z","url":"https://example.com","status":200
2026-08-02T01:09:33.166Z OK #276 /x402/social-search?q=AI+agents {"timestamp":"2026-08-02T01:09:33.079Z","q":"AI agents","count":1,"results":[{"t
2026-08-02T01:09:36.160Z OK #277 /x402/news-headlines?q=crypto {"timestamp":"2026-08-02T01:09:35.894Z","q":"crypto","count":15,"headlines":[{"t
2026-08-02T01:09:38.234Z OK #278 /x402/eth-rpc?method=eth_blockNumber {"timestamp":"2026-08-02T01:09:38.147Z","chain":"ethereum","rpc":"https://ethere
2026-08-02T01:09:40.284Z OK #279 /x402/base-rpc?method=eth_blockNumber {"timestamp":"2026-08-02T01:09:40.189Z","chain":"base","rpc":"https://mainnet.ba
2026-08-02T01:09:42.236Z OK #280 /x402/domain-enrich?domain=example.com {"timestamp":"2026-08-02T01:09:42.149Z","domain":"example.com","ips":["172.66.14
2026-08-02T01:09:44.508Z OK #281 /x402/gas-tracker {"timestamp":"2026-08-02T01:09:44.421Z","chains":[{"chain":"ethereum","gas_gwei"
2026-08-02T01:09:46.453Z OK #282 /x402/fx-rate?base=USD&symbols=EUR {"source":"frankfurter.dev/v2/rates","data":[{"date":"2026-08-01","base":"USD","
2026-08-02T01:09:48.296Z OK #283 /x402/fx-rate?base=USD&symbols=JPY {"source":"frankfurter.dev/v2/rates","data":[{"date":"2026-08-01","base":"USD","
2026-08-02T01:09:50.781Z OK #284 /x402/crypto-price?ids=bitcoin {"source":"sml-fallback","data":{"bitcoin":{"usd":null,"lookup":"https://www.coi
2026-08-02T01:09:52.695Z OK #285 /x402/web-search?q=bitcoin {"timestamp":"2026-08-02T01:09:52.600Z","q":"bitcoin","count":8,"results":[{"tit
2026-08-02T01:09:54.616Z OK #286 /x402/web-search?q=ethereum {"timestamp":"2026-08-02T01:09:54.521Z","q":"ethereum","count":8,"results":[{"ti
2026-08-02T01:09:56.506Z OK #287 /x402/web-fetch?url=https://example.com {"timestamp":"2026-08-02T01:09:56.411Z","url":"https://example.com","status":200
2026-08-02T01:10:08.631Z OK #288 /x402/social-search?q=AI+agents {"timestamp":"2026-08-02T01:10:08.535Z","q":"AI agents","count":1,"results":[{"t
2026-08-02T01:10:10.591Z OK #289 /x402/news-headlines?q=crypto {"timestamp":"2026-08-02T01:10:10.503Z","q":"crypto","count":15,"headlines":[{"t
2026-08-02T01:10:12.713Z OK #290 /x402/eth-rpc?method=eth_blockNumber {"timestamp":"2026-08-02T01:10:12.626Z","chain":"ethereum","rpc":"https://ethere
2026-08-02T01:10:14.770Z OK #291 /x402/base-rpc?method=eth_blockNumber {"timestamp":"2026-08-02T01:10:14.684Z","chain":"base","rpc":"https://mainnet.ba
2026-08-02T01:10:16.677Z OK #292 /x402/domain-enrich?domain=example.com {"timestamp":"2026-08-02T01:10:16.591Z","domain":"example.com","ips":["104.20.23
2026-08-02T01:10:18.644Z OK #293 /x402/gas-tracker {"timestamp":"2026-08-02T01:10:18.549Z","chains":[{"chain":"ethereum","gas_gwei"
2026-08-02T01:10:20.527Z OK #294 /x402/fx-rate?base=USD&symbols=EUR {"source":"frankfurter.dev/v2/rates","data":[{"date":"2026-08-01","base":"USD","
2026-08-02T01:10:22.509Z OK #295 /x402/fx-rate?base=USD&symbols=JPY {"source":"frankfurter.dev/v2/rates","data":[{"date":"2026-08-01","base":"USD","
2026-08-02T01:10:24.805Z OK #296 /x402/crypto-price?ids=bitcoin {"source":"sml-fallback","data":{"bitcoin":{"usd":null,"lookup":"https://www.coi
2026-08-02T01:10:26.830Z OK #297 /x402/web-search?q=bitcoin {"timestamp":"2026-08-02T01:10:26.736Z","q":"bitcoin","count":8,"results":[{"tit
2026-08-02T01:10:28.734Z OK #298 /x402/web-search?q=ethereum {"timestamp":"2026-08-02T01:10:28.639Z","q":"ethereum","count":8,"results":[{"ti
2026-08-02T01:10:30.645Z OK #299 /x402/web-fetch?url=https://example.com {"timestamp":"2026-08-02T01:10:30.551Z","url":"https://example.com","status":200
2026-08-02T01:10:42.853Z OK #300 /x402/social-search?q=AI+agents {"timestamp":"2026-08-02T01:10:42.766Z","q":"AI agents","count":1,"results":[{"t
2026-08-02T01:10:45.693Z OK #301 /x402/news-headlines?q=crypto {"timestamp":"2026-08-02T01:10:45.426Z","q":"crypto","count":15,"headlines":[{"t
2026-08-02T01:10:47.778Z OK #302 /x402/eth-rpc?method=eth_blockNumber {"timestamp":"2026-08-02T01:10:47.684Z","chain":"ethereum","rpc":"https://ethere
2026-08-02T01:10:49.839Z OK #303 /x402/base-rpc?method=eth_blockNumber {"timestamp":"2026-08-02T01:10:49.753Z","chain":"base","rpc":"https://mainnet.ba
2026-08-02T01:10:51.884Z OK #304 /x402/domain-enrich?domain=example.com {"timestamp":"2026-08-02T01:10:51.797Z","domain":"example.com","ips":["104.20.23
2026-08-02T01:10:53.885Z OK #305 /x402/gas-tracker {"timestamp":"2026-08-02T01:10:53.799Z","chains":[{"chain":"ethereum","gas_gwei"
2026-08-02T01:10:55.891Z OK #306 /x402/fx-rate?base=USD&symbols=EUR {"source":"frankfurter.dev/v2/rates","data":[{"date":"2026-08-01","base":"USD","
2026-08-02T01:10:58.206Z OK #307 /x402/fx-rate?base=USD&symbols=JPY {"source":"frankfurter.dev/v2/rates","data":[{"date":"2026-08-01","base":"USD","
2026-08-02T01:11:00.137Z OK #308 /x402/crypto-price?ids=bitcoin {"source":"sml-fallback","data":{"bitcoin":{"usd":null,"lookup":"https://www.coi
2026-08-02T01:11:02.341Z OK #309 /x402/web-search?q=bitcoin {"timestamp":"2026-08-02T01:11:02.254Z","q":"bitcoin","count":8,"results":[{"tit
2026-08-02T01:11:04.247Z OK #310 /x402/web-search?q=ethereum {"timestamp":"2026-08-02T01:11:04.160Z","q":"ethereum","count":8,"results":[{"ti
2026-08-02T01:11:06.214Z OK #311 /x402/web-fetch?url=https://example.com {"timestamp":"2026-08-02T01:11:06.128Z","url":"https://example.com","status":200
2026-08-02T01:11:18.214Z OK #312 /x402/social-search?q=AI+agents {"timestamp":"2026-08-02T01:11:18.119Z","q":"AI agents","count":1,"results":[{"t
2026-08-02T01:11:20.379Z OK #313 /x402/news-headlines?q=crypto {"timestamp":"2026-08-02T01:11:20.291Z","q":"crypto","count":15,"headlines":[{"t
2026-08-02T01:11:22.556Z OK #314 /x402/eth-rpc?method=eth_blockNumber {"timestamp":"2026-08-02T01:11:22.470Z","chain":"ethereum","rpc":"https://ethere
2026-08-02T01:11:24.648Z OK #315 /x402/base-rpc?method=eth_blockNumber {"timestamp":"2026-08-02T01:11:24.550Z","chain":"base","rpc":"https://mainnet.ba
2026-08-02T01:11:26.804Z OK #316 /x402/domain-enrich?domain=example.com {"timestamp":"2026-08-02T01:11:26.717Z","domain":"example.com","ips":["172.66.14
2026-08-02T01:11:28.764Z OK #317 /x402/gas-tracker {"timestamp":"2026-08-02T01:11:28.670Z","chains":[{"chain":"ethereum","gas_gwei"
2026-08-02T01:11:30.861Z OK #318 /x402/fx-rate?base=USD&symbols=EUR {"source":"frankfurter.dev/v2/rates","data":[{"date":"2026-08-01","base":"USD","
2026-08-02T01:11:32.906Z OK #319 /x402/fx-rate?base=USD&symbols=JPY {"source":"frankfurter.dev/v2/rates","data":[{"date":"2026-08-01","base":"USD","
2026-08-02T01:11:34.736Z OK #320 /x402/crypto-price?ids=bitcoin {"source":"sml-fallback","data":{"bitcoin":{"usd":null,"lookup":"https://www.coi
2026-08-02T01:11:36.556Z OK #321 /x402/web-search?q=bitcoin {"timestamp":"2026-08-02T01:11:36.470Z","q":"bitcoin","count":8,"results":[{"tit
2026-08-02T01:11:38.590Z OK #322 /x402/web-search?q=ethereum {"timestamp":"2026-08-02T01:11:38.503Z","q":"ethereum","count":8,"results":[{"ti
2026-08-02T01:11:40.436Z OK #323 /x402/web-fetch?url=https://example.com {"timestamp":"2026-08-02T01:11:40.350Z","url":"https://example.com","status":200
2026-08-02T01:11:52.516Z OK #324 /x402/social-search?q=AI+agents {"timestamp":"2026-08-02T01:11:52.430Z","q":"AI agents","count":1,"results":[{"t
2026-08-02T01:11:54.627Z OK #325 /x402/news-headlines?q=crypto {"timestamp":"2026-08-02T01:11:54.361Z","q":"crypto","count":15,"headlines":[{"t
2026-08-02T01:11:56.673Z OK #326 /x402/eth-rpc?method=eth_blockNumber {"timestamp":"2026-08-02T01:11:56.587Z","chain":"ethereum","rpc":"https://ethere
2026-08-02T01:11:58.718Z OK #327 /x402/base-rpc?method=eth_blockNumber {"timestamp":"2026-08-02T01:11:58.631Z","chain":"base","rpc":"https://mainnet.ba
2026-08-02T01:12:00.648Z OK #328 /x402/domain-enrich?domain=example.com {"timestamp":"2026-08-02T01:12:00.562Z","domain":"example.com","ips":["172.66.14
2026-08-02T01:12:02.791Z OK #329 /x402/gas-tracker {"timestamp":"2026-08-02T01:12:02.704Z","chains":[{"chain":"ethereum","gas_gwei"
2026-08-02T01:12:04.704Z OK #330 /x402/fx-rate?base=USD&symbols=EUR {"source":"frankfurter.dev/v2/rates","data":[{"date":"2026-08-01","base":"USD","
2026-08-02T01:12:06.678Z OK #331 /x402/fx-rate?base=USD&symbols=JPY {"source":"frankfurter.dev/v2/rates","data":[{"date":"2026-08-01","base":"USD","
2026-08-02T01:12:08.847Z OK #332 /x402/crypto-price?ids=bitcoin {"source":"coingecko.com/api/v3/simple/price","data":{"bitcoin":{"usd":62878}},"
2026-08-02T01:12:11.416Z OK #333 /x402/web-search?q=bitcoin {"timestamp":"2026-08-02T01:12:11.322Z","q":"bitcoin","count":8,"results":[{"tit
2026-08-02T01:12:13.437Z OK #334 /x402/web-search?q=ethereum {"timestamp":"2026-08-02T01:12:13.351Z","q":"ethereum","count":8,"results":[{"ti
2026-08-02T01:12:15.381Z OK #335 /x402/web-fetch?url=https://example.com {"timestamp":"2026-08-02T01:12:15.285Z","url":"https://example.com","status":200
2026-08-02T01:12:27.594Z OK #336 /x402/social-search?q=AI+agents {"timestamp":"2026-08-02T01:12:27.508Z","q":"AI agents","count":1,"results":[{"t
2026-08-02T01:12:30.264Z OK #337 /x402/news-headlines?q=crypto {"timestamp":"2026-08-02T01:12:29.998Z","q":"crypto","count":15,"headlines":[{"t
2026-08-02T01:12:32.197Z OK #338 /x402/eth-rpc?method=eth_blockNumber {"timestamp":"2026-08-02T01:12:32.111Z","chain":"ethereum","rpc":"https://ethere
2026-08-02T01:12:34.286Z OK #339 /x402/base-rpc?method=eth_blockNumber {"timestamp":"2026-08-02T01:12:34.191Z","chain":"base","rpc":"https://mainnet.ba
2026-08-02T01:12:36.508Z OK #340 /x402/domain-enrich?domain=example.com {"timestamp":"2026-08-02T01:12:36.421Z","domain":"example.com","ips":["172.66.14
2026-08-02T01:12:38.666Z OK #341 /x402/gas-tracker {"timestamp":"2026-08-02T01:12:38.578Z","chains":[{"chain":"ethereum","gas_gwei"
2026-08-02T01:12:40.483Z OK #342 /x402/fx-rate?base=USD&symbols=EUR {"source":"frankfurter.dev/v2/rates","data":[{"date":"2026-08-01","base":"USD","
2026-08-02T01:12:42.611Z OK #343 /x402/fx-rate?base=USD&symbols=JPY {"source":"frankfurter.dev/v2/rates","data":[{"date":"2026-08-01","base":"USD","
2026-08-02T01:12:44.942Z OK #344 /x402/crypto-price?ids=bitcoin {"source":"sml-fallback","data":{"bitcoin":{"usd":null,"lookup":"https://www.coi
2026-08-02T01:12:46.987Z OK #345 /x402/web-search?q=bitcoin {"timestamp":"2026-08-02T01:12:46.892Z","q":"bitcoin","count":8,"results":[{"tit
2026-08-02T01:12:48.907Z OK #346 /x402/web-search?q=ethereum {"timestamp":"2026-08-02T01:12:48.821Z","q":"ethereum","count":8,"results":[{"ti
2026-08-02T01:12:51.327Z OK #347 /x402/web-fetch?url=https://example.com {"timestamp":"2026-08-02T01:12:50.684Z","url":"https://example.com","status":200
2026-08-02T01:13:03.844Z OK #348 /x402/social-search?q=AI+agents {"timestamp":"2026-08-02T01:13:03.750Z","q":"AI agents","count":1,"results":[{"t
2026-08-02T01:13:06.250Z OK #349 /x402/news-headlines?q=crypto {"timestamp":"2026-08-02T01:13:06.162Z","q":"crypto","count":15,"headlines":[{"t
2026-08-02T01:13:08.516Z OK #350 /x402/eth-rpc?method=eth_blockNumber {"timestamp":"2026-08-02T01:13:08.422Z","chain":"ethereum","rpc":"https://ethere
2026-08-02T01:13:10.628Z OK #351 /x402/base-rpc?method=eth_blockNumber {"timestamp":"2026-08-02T01:13:10.543Z","chain":"base","rpc":"https://mainnet.ba
2026-08-02T01:13:12.746Z OK #352 /x402/domain-enrich?domain=example.com {"timestamp":"2026-08-02T01:13:12.652Z","domain":"example.com","ips":["104.20.23
2026-08-02T01:13:14.717Z OK #353 /x402/gas-tracker {"timestamp":"2026-08-02T01:13:14.630Z","chains":[{"chain":"ethereum","gas_gwei"
2026-08-02T01:13:16.729Z OK #354 /x402/fx-rate?base=USD&symbols=EUR {"source":"frankfurter.dev/v2/rates","data":[{"date":"2026-08-01","base":"USD","
2026-08-02T01:13:18.757Z OK #355 /x402/fx-rate?base=USD&symbols=JPY {"source":"frankfurter.dev/v2/rates","data":[{"date":"2026-08-01","base":"USD","
2026-08-02T01:13:20.637Z OK #356 /x402/crypto-price?ids=bitcoin {"source":"sml-fallback","data":{"bitcoin":{"usd":null,"lookup":"https://www.coi
2026-08-02T01:13:22.726Z OK #357 /x402/web-search?q=bitcoin {"timestamp":"2026-08-02T01:13:22.640Z","q":"bitcoin","count":8,"results":[{"tit
2026-08-02T01:13:24.598Z OK #358 /x402/web-search?q=ethereum {"timestamp":"2026-08-02T01:13:24.504Z","q":"ethereum","count":8,"results":[{"ti
2026-08-02T01:13:26.529Z OK #359 /x402/web-fetch?url=https://example.com {"timestamp":"2026-08-02T01:13:26.435Z","url":"https://example.com","status":200
2026-08-02T01:13:38.603Z OK #360 /x402/social-search?q=AI+agents {"timestamp":"2026-08-02T01:13:38.509Z","q":"AI agents","count":1,"results":[{"t
2026-08-02T01:13:40.739Z OK #361 /x402/news-headlines?q=crypto {"timestamp":"2026-08-02T01:13:40.471Z","q":"crypto","count":15,"headlines":[{"t
2026-08-02T01:13:42.913Z OK #362 /x402/eth-rpc?method=eth_blockNumber {"timestamp":"2026-08-02T01:13:42.818Z","chain":"ethereum","rpc":"https://ethere
2026-08-02T01:13:44.951Z OK #363 /x402/base-rpc?method=eth_blockNumber {"timestamp":"2026-08-02T01:13:44.864Z","chain":"base","rpc":"https://mainnet.ba
2026-08-02T01:13:47.045Z OK #364 /x402/domain-enrich?domain=example.com {"timestamp":"2026-08-02T01:13:46.959Z","domain":"example.com","ips":["104.20.23
2026-08-02T01:13:49.021Z OK #365 /x402/gas-tracker {"timestamp":"2026-08-02T01:13:48.936Z","chains":[{"chain":"ethereum","gas_gwei"
2026-08-02T01:13:51.115Z OK #366 /x402/fx-rate?base=USD&symbols=EUR {"source":"frankfurter.dev/v2/rates","data":[{"date":"2026-08-01","base":"USD","
2026-08-02T01:13:52.971Z OK #367 /x402/fx-rate?base=USD&symbols=JPY {"source":"frankfurter.dev/v2/rates","data":[{"date":"2026-08-01","base":"USD","
2026-08-02T01:13:54.958Z OK #368 /x402/crypto-price?ids=bitcoin {"source":"sml-fallback","data":{"bitcoin":{"usd":null,"lookup":"https://www.coi
2026-08-02T01:13:57.305Z OK #369 /x402/web-search?q=bitcoin {"timestamp":"2026-08-02T01:13:57.218Z","q":"bitcoin","count":8,"results":[{"tit
2026-08-02T01:13:59.592Z OK #370 /x402/web-search?q=ethereum {"timestamp":"2026-08-02T01:13:59.506Z","q":"ethereum","count":8,"results":[{"ti
2026-08-02T01:14:01.681Z OK #371 /x402/web-fetch?url=https://example.com {"timestamp":"2026-08-02T01:14:01.594Z","url":"https://example.com","status":200
2026-08-02T01:14:13.968Z OK #372 /x402/social-search?q=AI+agents {"timestamp":"2026-08-02T01:14:13.882Z","q":"AI agents","count":1,"results":[{"t
2026-08-02T01:14:16.191Z OK #373 /x402/news-headlines?q=crypto {"timestamp":"2026-08-02T01:14:15.925Z","q":"crypto","count":15,"headlines":[{"t
2026-08-02T01:14:18.056Z OK #374 /x402/eth-rpc?method=eth_blockNumber {"timestamp":"2026-08-02T01:14:17.962Z","chain":"ethereum","rpc":"https://ethere
2026-08-02T01:14:20.324Z OK #375 /x402/base-rpc?method=eth_blockNumber {"timestamp":"2026-08-02T01:14:20.230Z","chain":"base","rpc":"https://mainnet.ba
2026-08-02T01:14:22.471Z OK #376 /x402/domain-enrich?domain=example.com {"timestamp":"2026-08-02T01:14:22.385Z","domain":"example.com","ips":["172.66.14
2026-08-02T01:14:24.484Z OK #377 /x402/gas-tracker {"timestamp":"2026-08-02T01:14:24.390Z","chains":[{"chain":"ethereum","gas_gwei"
2026-08-02T01:14:26.461Z OK #378 /x402/fx-rate?base=USD&symbols=EUR {"source":"frankfurter.dev/v2/rates","data":[{"date":"2026-08-01","base":"USD","
2026-08-02T01:14:28.686Z OK #379 /x402/fx-rate?base=USD&symbols=JPY {"source":"frankfurter.dev/v2/rates","data":[{"date":"2026-08-01","base":"USD","
2026-08-02T01:14:31.223Z OK #380 /x402/crypto-price?ids=bitcoin {"source":"sml-fallback","data":{"bitcoin":{"usd":null,"lookup":"https://www.coi
2026-08-02T01:14:33.360Z OK #381 /x402/web-search?q=bitcoin {"timestamp":"2026-08-02T01:14:33.272Z","q":"bitcoin","count":8,"results":[{"tit
2026-08-02T01:14:35.499Z OK #382 /x402/web-search?q=ethereum {"timestamp":"2026-08-02T01:14:35.404Z","q":"ethereum","count":8,"results":[{"ti
2026-08-02T01:14:37.608Z OK #383 /x402/web-fetch?url=https://example.com {"timestamp":"2026-08-02T01:14:37.522Z","url":"https://example.com","status":200
2026-08-02T01:14:49.823Z OK #384 /x402/social-search?q=AI+agents {"timestamp":"2026-08-02T01:14:49.738Z","q":"AI agents","count":1,"results":[{"t
2026-08-02T01:14:52.615Z OK #385 /x402/news-headlines?q=crypto {"timestamp":"2026-08-02T01:14:52.346Z","q":"crypto","count":15,"headlines":[{"t
2026-08-02T01:14:54.563Z OK #386 /x402/eth-rpc?method=eth_blockNumber {"timestamp":"2026-08-02T01:14:54.468Z","chain":"ethereum","rpc":"https://ethere
2026-08-02T01:14:56.679Z OK #387 /x402/base-rpc?method=eth_blockNumber {"timestamp":"2026-08-02T01:14:56.590Z","chain":"base","rpc":"https://mainnet.ba
2026-08-02T01:14:58.746Z OK #388 /x402/domain-enrich?domain=example.com {"timestamp":"2026-08-02T01:14:58.651Z","domain":"example.com","ips":["104.20.23
2026-08-02T01:15:00.922Z OK #389 /x402/gas-tracker {"timestamp":"2026-08-02T01:15:00.834Z","chains":[{"chain":"ethereum","gas_gwei"
2026-08-02T01:15:03.568Z OK #390 /x402/fx-rate?base=USD&symbols=EUR {"source":"frankfurter.dev/v2/rates","data":[{"date":"2026-08-01","base":"USD","
2026-08-02T01:15:05.415Z OK #391 /x402/fx-rate?base=USD&symbols=JPY {"source":"frankfurter.dev/v2/rates","data":[{"date":"2026-08-01","base":"USD","
2026-08-02T01:15:07.765Z OK #392 /x402/crypto-price?ids=bitcoin {"source":"sml-fallback","data":{"bitcoin":{"usd":null,"lookup":"https://www.coi
2026-08-02T01:15:09.725Z OK #393 /x402/web-search?q=bitcoin {"timestamp":"2026-08-02T01:15:09.637Z","q":"bitcoin","count":8,"results":[{"tit
2026-08-02T01:15:11.917Z OK #394 /x402/web-search?q=ethereum {"timestamp":"2026-08-02T01:15:11.821Z","q":"ethereum","count":8,"results":[{"ti
2026-08-02T01:15:13.953Z OK #395 /x402/web-fetch?url=https://example.com {"timestamp":"2026-08-02T01:15:13.858Z","url":"https://example.com","status":200
2026-08-02T01:15:26.101Z OK #396 /x402/social-search?q=AI+agents {"timestamp":"2026-08-02T01:15:26.007Z","q":"AI agents","count":1,"results":[{"t
2026-08-02T01:15:28.510Z OK #397 /x402/news-headlines?q=crypto {"timestamp":"2026-08-02T01:15:28.421Z","q":"crypto","count":15,"headlines":[{"t
2026-08-02T01:15:30.547Z OK #398 /x402/eth-rpc?method=eth_blockNumber {"timestamp":"2026-08-02T01:15:30.453Z","chain":"ethereum","rpc":"https://ethere
2026-08-02T01:15:32.567Z OK #399 /x402/base-rpc?method=eth_blockNumber {"timestamp":"2026-08-02T01:15:32.469Z","chain":"base","rpc":"https://mainnet.ba
2026-08-02T01:15:34.678Z OK #400 /x402/domain-enrich?domain=example.com {"timestamp":"2026-08-02T01:15:34.591Z","domain":"example.com","ips":["104.20.23
2026-08-02T01:15:36.633Z OK #401 /x402/gas-tracker {"timestamp":"2026-08-02T01:15:36.539Z","chains":[{"chain":"ethereum","gas_gwei"
2026-08-02T01:15:38.645Z OK #402 /x402/fx-rate?base=USD&symbols=EUR {"source":"frankfurter.dev/v2/rates","data":[{"date":"2026-08-01","base":"USD","
2026-08-02T01:15:40.420Z OK #403 /x402/fx-rate?base=USD&symbols=JPY {"source":"frankfurter.dev/v2/rates","data":[{"date":"2026-08-01","base":"USD","
2026-08-02T01:15:42.326Z OK #404 /x402/crypto-price?ids=bitcoin {"source":"sml-fallback","data":{"bitcoin":{"usd":null,"lookup":"https://www.coi
2026-08-02T01:15:44.593Z OK #405 /x402/web-search?q=bitcoin {"timestamp":"2026-08-02T01:15:44.498Z","q":"bitcoin","count":8,"results":[{"tit
2026-08-02T01:15:46.549Z OK #406 /x402/web-search?q=ethereum {"timestamp":"2026-08-02T01:15:46.463Z","q":"ethereum","count":8,"results":[{"ti
2026-08-02T01:15:48.441Z OK #407 /x402/web-fetch?url=https://example.com {"timestamp":"2026-08-02T01:15:48.346Z","url":"https://example.com","status":200
2026-08-02T01:16:00.714Z OK #408 /x402/social-search?q=AI+agents {"timestamp":"2026-08-02T01:16:00.628Z","q":"AI agents","count":1,"results":[{"t
2026-08-02T01:16:02.931Z OK #409 /x402/news-headlines?q=crypto {"timestamp":"2026-08-02T01:16:02.844Z","q":"crypto","count":15,"headlines":[{"t
2026-08-02T01:16:05.611Z OK #410 /x402/eth-rpc?method=eth_blockNumber {"timestamp":"2026-08-02T01:16:05.517Z","chain":"ethereum","rpc":"https://ethere
2026-08-02T01:16:07.680Z OK #411 /x402/base-rpc?method=eth_blockNumber {"timestamp":"2026-08-02T01:16:07.586Z","chain":"base","rpc":"https://mainnet.ba
2026-08-02T01:16:09.989Z OK #412 /x402/domain-enrich?domain=example.com {"timestamp":"2026-08-02T01:16:09.902Z","domain":"example.com","ips":["172.66.14
2026-08-02T01:16:11.968Z OK #413 /x402/gas-tracker {"timestamp":"2026-08-02T01:16:11.882Z","chains":[{"chain":"ethereum","gas_gwei"
2026-08-02T01:16:14.009Z OK #414 /x402/fx-rate?base=USD&symbols=EUR {"source":"frankfurter.dev/v2/rates","data":[{"date":"2026-08-01","base":"USD","
2026-08-02T01:16:15.847Z OK #415 /x402/fx-rate?base=USD&symbols=JPY {"source":"frankfurter.dev/v2/rates","data":[{"date":"2026-08-01","base":"USD","
2026-08-02T01:16:17.812Z OK #416 /x402/crypto-price?ids=bitcoin {"source":"sml-fallback","data":{"bitcoin":{"usd":null,"lookup":"https://www.coi
2026-08-02T01:16:19.746Z OK #417 /x402/web-search?q=bitcoin {"timestamp":"2026-08-02T01:16:19.660Z","q":"bitcoin","count":8,"results":[{"tit
2026-08-02T01:16:21.680Z OK #418 /x402/web-search?q=ethereum {"timestamp":"2026-08-02T01:16:21.585Z","q":"ethereum","count":8,"results":[{"ti
2026-08-02T01:16:23.618Z OK #419 /x402/web-fetch?url=https://example.com {"timestamp":"2026-08-02T01:16:23.523Z","url":"https://example.com","status":200
2026-08-02T01:16:36.115Z OK #420 /x402/social-search?q=AI+agents {"timestamp":"2026-08-02T01:16:36.027Z","q":"AI agents","count":1,"results":[{"t
2026-08-02T01:16:38.250Z OK #421 /x402/news-headlines?q=crypto {"timestamp":"2026-08-02T01:16:37.984Z","q":"crypto","count":15,"headlines":[{"t
2026-08-02T01:16:40.504Z OK #422 /x402/eth-rpc?method=eth_blockNumber {"timestamp":"2026-08-02T01:16:40.419Z","chain":"ethereum","rpc":"https://ethere
2026-08-02T01:16:42.502Z OK #423 /x402/base-rpc?method=eth_blockNumber {"timestamp":"2026-08-02T01:16:42.407Z","chain":"base","rpc":"https://mainnet.ba
2026-08-02T01:16:44.626Z OK #424 /x402/domain-enrich?domain=example.com {"timestamp":"2026-08-02T01:16:44.539Z","domain":"example.com","ips":["172.66.14
2026-08-02T01:16:46.598Z OK #425 /x402/gas-tracker {"timestamp":"2026-08-02T01:16:46.504Z","chains":[{"chain":"ethereum","gas_gwei"
2026-08-02T01:16:48.533Z OK #426 /x402/fx-rate?base=USD&symbols=EUR {"source":"frankfurter.dev/v2/rates","data":[{"date":"2026-08-01","base":"USD","
2026-08-02T01:16:50.483Z OK #427 /x402/fx-rate?base=USD&symbols=JPY {"source":"frankfurter.dev/v2/rates","data":[{"date":"2026-08-01","base":"USD","
2026-08-02T01:16:52.459Z OK #428 /x402/crypto-price?ids=bitcoin {"source":"coingecko.com/api/v3/simple/price","data":{"bitcoin":{"usd":62987}},"
2026-08-02T01:16:54.457Z OK #429 /x402/web-search?q=bitcoin {"timestamp":"2026-08-02T01:16:54.363Z","q":"bitcoin","count":8,"results":[{"tit
2026-08-02T01:16:56.443Z OK #430 /x402/web-search?q=ethereum {"timestamp":"2026-08-02T01:16:56.348Z","q":"ethereum","count":8,"results":[{"ti
2026-08-02T01:16:58.302Z OK #431 /x402/web-fetch?url=https://example.com {"timestamp":"2026-08-02T01:16:58.217Z","url":"https://example.com","status":200
2026-08-02T01:17:10.369Z OK #432 /x402/social-search?q=AI+agents {"timestamp":"2026-08-02T01:17:10.274Z","q":"AI agents","count":1,"results":[{"t
2026-08-02T01:17:13.559Z OK #433 /x402/news-headlines?q=crypto {"timestamp":"2026-08-02T01:17:12.744Z","q":"crypto","count":15,"headlines":[{"t
2026-08-02T01:17:15.547Z OK #434 /x402/eth-rpc?method=eth_blockNumber {"timestamp":"2026-08-02T01:17:15.452Z","chain":"ethereum","rpc":"https://ethere
2026-08-02T01:17:17.730Z OK #435 /x402/base-rpc?method=eth_blockNumber {"timestamp":"2026-08-02T01:17:17.644Z","chain":"base","rpc":"https://mainnet.ba
2026-08-02T01:17:19.830Z OK #436 /x402/domain-enrich?domain=example.com {"timestamp":"2026-08-02T01:17:19.736Z","domain":"example.com","ips":["172.66.14
2026-08-02T01:17:21.942Z OK #437 /x402/gas-tracker {"timestamp":"2026-08-02T01:17:21.848Z","chains":[{"chain":"ethereum","gas_gwei"
2026-08-02T01:17:23.915Z OK #438 /x402/fx-rate?base=USD&symbols=EUR {"source":"frankfurter.dev/v2/rates","data":[{"date":"2026-08-01","base":"USD","
2026-08-02T01:17:26.161Z OK #439 /x402/fx-rate?base=USD&symbols=JPY {"source":"frankfurter.dev/v2/rates","data":[{"date":"2026-08-01","base":"USD","
2026-08-02T01:17:28.080Z OK #440 /x402/crypto-price?ids=bitcoin {"source":"sml-fallback","data":{"bitcoin":{"usd":null,"lookup":"https://www.coi
2026-08-02T01:17:30.034Z OK #441 /x402/web-search?q=bitcoin {"timestamp":"2026-08-02T01:17:29.948Z","q":"bitcoin","count":8,"results":[{"tit
2026-08-02T01:17:32.020Z OK #442 /x402/web-search?q=ethereum {"timestamp":"2026-08-02T01:17:31.926Z","q":"ethereum","count":8,"results":[{"ti
2026-08-02T01:17:33.979Z OK #443 /x402/web-fetch?url=https://example.com {"timestamp":"2026-08-02T01:17:33.895Z","url":"https://example.com","status":200
2026-08-02T01:17:46.016Z OK #444 /x402/social-search?q=AI+agents {"timestamp":"2026-08-02T01:17:45.921Z","q":"AI agents","count":1,"results":[{"t
2026-08-02T01:17:48.085Z OK #445 /x402/news-headlines?q=crypto {"timestamp":"2026-08-02T01:17:47.993Z","q":"crypto","count":15,"headlines":[{"t
2026-08-02T01:17:50.180Z OK #446 /x402/eth-rpc?method=eth_blockNumber {"timestamp":"2026-08-02T01:17:50.094Z","chain":"ethereum","rpc":"https://ethere
2026-08-02T01:17:52.108Z OK #447 /x402/base-rpc?method=eth_blockNumber {"timestamp":"2026-08-02T01:17:52.022Z","chain":"base","rpc":"https://mainnet.ba
2026-08-02T01:17:54.133Z OK #448 /x402/domain-enrich?domain=example.com {"timestamp":"2026-08-02T01:17:54.038Z","domain":"example.com","ips":["172.66.14
2026-08-02T01:17:56.266Z OK #449 /x402/gas-tracker {"timestamp":"2026-08-02T01:17:56.171Z","chains":[{"chain":"ethereum","gas_gwei"
2026-08-02T01:17:58.119Z OK #450 /x402/fx-rate?base=USD&symbols=EUR {"source":"frankfurter.dev/v2/rates","data":[{"date":"2026-08-01","base":"USD","
2026-08-02T01:17:59.937Z OK #451 /x402/fx-rate?base=USD&symbols=JPY {"source":"frankfurter.dev/v2/rates","data":[{"date":"2026-08-01","base":"USD","
2026-08-02T01:18:02.013Z OK #452 /x402/crypto-price?ids=bitcoin {"source":"sml-fallback","data":{"bitcoin":{"usd":null,"lookup":"https://www.coi
2026-08-02T01:18:03.938Z OK #453 /x402/web-search?q=bitcoin {"timestamp":"2026-08-02T01:18:03.852Z","q":"bitcoin","count":8,"results":[{"tit
2026-08-02T01:18:05.793Z OK #454 /x402/web-search?q=ethereum {"timestamp":"2026-08-02T01:18:05.699Z","q":"ethereum","count":8,"results":[{"ti
2026-08-02T01:18:07.751Z OK #455 /x402/web-fetch?url=https://example.com {"timestamp":"2026-08-02T01:18:07.657Z","url":"https://example.com","status":200
2026-08-02T01:18:19.930Z OK #456 /x402/social-search?q=AI+agents {"timestamp":"2026-08-02T01:18:19.844Z","q":"AI agents","count":1,"results":[{"t
2026-08-02T01:18:21.833Z OK #457 /x402/news-headlines?q=crypto {"timestamp":"2026-08-02T01:18:21.746Z","q":"crypto","count":15,"headlines":[{"t
2026-08-02T01:18:23.850Z OK #458 /x402/eth-rpc?method=eth_blockNumber {"timestamp":"2026-08-02T01:18:23.764Z","chain":"ethereum","rpc":"https://ethere
2026-08-02T01:18:25.969Z OK #459 /x402/base-rpc?method=eth_blockNumber {"timestamp":"2026-08-02T01:18:25.882Z","chain":"base","rpc":"https://mainnet.ba
2026-08-02T01:18:27.969Z OK #460 /x402/domain-enrich?domain=example.com {"timestamp":"2026-08-02T01:18:27.883Z","domain":"example.com","ips":["172.66.14
2026-08-02T01:18:30.093Z OK #461 /x402/gas-tracker {"timestamp":"2026-08-02T01:18:29.999Z","chains":[{"chain":"ethereum","gas_gwei"
2026-08-02T01:18:31.895Z OK #462 /x402/fx-rate?base=USD&symbols=EUR {"source":"frankfurter.dev/v2/rates","data":[{"date":"2026-08-01","base":"USD","
2026-08-02T01:18:33.806Z OK #463 /x402/fx-rate?base=USD&symbols=JPY {"source":"frankfurter.dev/v2/rates","data":[{"date":"2026-08-01","base":"USD","
2026-08-02T01:18:35.994Z OK #464 /x402/crypto-price?ids=bitcoin {"source":"sml-fallback","data":{"bitcoin":{"usd":null,"lookup":"https://www.coi
2026-08-02T01:18:38.140Z OK #465 /x402/web-search?q=bitcoin {"timestamp":"2026-08-02T01:18:38.046Z","q":"bitcoin","count":8,"results":[{"tit
2026-08-02T01:18:39.959Z OK #466 /x402/web-search?q=ethereum {"timestamp":"2026-08-02T01:18:39.865Z","q":"ethereum","count":8,"results":[{"ti
2026-08-02T01:18:41.898Z OK #467 /x402/web-fetch?url=https://example.com {"timestamp":"2026-08-02T01:18:41.811Z","url":"https://example.com","status":200
2026-08-02T01:18:54.028Z OK #468 /x402/social-search?q=AI+agents {"timestamp":"2026-08-02T01:18:53.941Z","q":"AI agents","count":1,"results":[{"t
2026-08-02T01:18:56.302Z OK #469 /x402/news-headlines?q=crypto {"timestamp":"2026-08-02T01:18:56.035Z","q":"crypto","count":15,"headlines":[{"t
2026-08-02T01:18:58.632Z OK #470 /x402/eth-rpc?method=eth_blockNumber {"timestamp":"2026-08-02T01:18:58.546Z","chain":"ethereum","rpc":"https://ethere
2026-08-02T01:19:00.665Z OK #471 /x402/base-rpc?method=eth_blockNumber {"timestamp":"2026-08-02T01:19:00.579Z","chain":"base","rpc":"https://mainnet.ba
2026-08-02T01:19:02.790Z OK #472 /x402/domain-enrich?domain=example.com {"timestamp":"2026-08-02T01:19:02.695Z","domain":"example.com","ips":["172.66.14
2026-08-02T01:19:04.792Z OK #473 /x402/gas-tracker {"timestamp":"2026-08-02T01:19:04.707Z","chains":[{"chain":"ethereum","gas_gwei"
2026-08-02T01:19:06.870Z OK #474 /x402/fx-rate?base=USD&symbols=EUR {"source":"frankfurter.dev/v2/rates","data":[{"date":"2026-08-01","base":"USD","
2026-08-02T01:19:08.853Z OK #475 /x402/fx-rate?base=USD&symbols=JPY {"source":"frankfurter.dev/v2/rates","data":[{"date":"2026-08-01","base":"USD","
2026-08-02T01:19:10.812Z OK #476 /x402/crypto-price?ids=bitcoin {"source":"sml-fallback","data":{"bitcoin":{"usd":null,"lookup":"https://www.coi
2026-08-02T01:19:12.684Z OK #477 /x402/web-search?q=bitcoin {"timestamp":"2026-08-02T01:19:12.590Z","q":"bitcoin","count":8,"results":[{"tit
2026-08-02T01:19:14.516Z OK #478 /x402/web-search?q=ethereum {"timestamp":"2026-08-02T01:19:14.429Z","q":"ethereum","count":8,"results":[{"ti
2026-08-02T01:19:16.334Z OK #479 /x402/web-fetch?url=https://example.com {"timestamp":"2026-08-02T01:19:16.239Z","url":"https://example.com","status":200
2026-08-02T01:19:28.406Z OK #480 /x402/social-search?q=AI+agents {"timestamp":"2026-08-02T01:19:28.321Z","q":"AI agents","count":1,"results":[{"t
2026-08-02T01:19:31.196Z OK #481 /x402/news-headlines?q=crypto {"timestamp":"2026-08-02T01:19:30.884Z","q":"crypto","count":15,"headlines":[{"t
2026-08-02T01:19:33.164Z OK #482 /x402/eth-rpc?method=eth_blockNumber {"timestamp":"2026-08-02T01:19:33.070Z","chain":"ethereum","rpc":"https://ethere
2026-08-02T01:19:35.208Z OK #483 /x402/base-rpc?method=eth_blockNumber {"timestamp":"2026-08-02T01:19:35.120Z","chain":"base","rpc":"https://mainnet.ba
2026-08-02T01:19:37.477Z OK #484 /x402/domain-enrich?domain=example.com {"timestamp":"2026-08-02T01:19:37.391Z","domain":"example.com","ips":["172.66.14
2026-08-02T01:19:39.461Z OK #485 /x402/gas-tracker {"timestamp":"2026-08-02T01:19:39.375Z","chains":[{"chain":"ethereum","gas_gwei"
2026-08-02T01:19:41.385Z OK #486 /x402/fx-rate?base=USD&symbols=EUR {"source":"frankfurter.dev/v2/rates","data":[{"date":"2026-08-01","base":"USD","
2026-08-02T01:19:43.496Z OK #487 /x402/fx-rate?base=USD&symbols=JPY {"source":"frankfurter.dev/v2/rates","data":[{"date":"2026-08-01","base":"USD","
2026-08-02T01:19:45.535Z OK #488 /x402/crypto-price?ids=bitcoin {"source":"sml-fallback","data":{"bitcoin":{"usd":null,"lookup":"https://www.coi
2026-08-02T01:19:47.437Z OK #489 /x402/web-search?q=bitcoin {"timestamp":"2026-08-02T01:19:47.352Z","q":"bitcoin","count":8,"results":[{"tit
2026-08-02T01:19:49.646Z OK #490 /x402/web-search?q=ethereum {"timestamp":"2026-08-02T01:19:49.560Z","q":"ethereum","count":8,"results":[{"ti
2026-08-02T01:19:51.705Z OK #491 /x402/web-fetch?url=https://example.com {"timestamp":"2026-08-02T01:19:51.619Z","url":"https://example.com","status":200
2026-08-02T01:20:03.867Z OK #492 /x402/social-search?q=AI+agents {"timestamp":"2026-08-02T01:20:03.780Z","q":"AI agents","count":1,"results":[{"t
2026-08-02T01:20:05.993Z FAIL 402 /x402/news-headlines?q=crypto {"x402Version":2,"error":"payment_unsettled","resource":{"url":"https://mcp-x402.onrender.com/x402/news-headlines","description":"Google News RSS headlines for agent news pulse. Pa
2026-08-02T01:20:09.786Z FAIL 402 /x402/eth-rpc?method=eth_blockNumber {"x402Version":2,"error":"payment_unsettled","resource":{"url":"https://mcp-x402.onrender.com/x402/eth-rpc","description":"ethereum JSON-RPC read helper for agents (balances, block
2026-08-02T01:20:13.378Z FAIL 402 /x402/base-rpc?method=eth_blockNumber {"x402Version":2,"error":"payment_unsettled","resource":{"url":"https://mcp-x402.onrender.com/x402/base-rpc","description":"base JSON-RPC read helper for agents (balances, blocks, 
2026-08-02T01:20:17.089Z FAIL 402 /x402/domain-enrich?domain=example.com {"x402Version":2,"error":"payment_unsettled","resource":{"url":"https://mcp-x402.onrender.com/x402/domain-enrich","description":"Cheap domain enrichment: DNS + RDAP + IP geo. Pay 0
2026-08-02T01:20:20.633Z FAIL 402 /x402/gas-tracker {"x402Version":2,"error":"payment_unsettled","resource":{"url":"https://mcp-x402.onrender.com/x402/gas-tracker","description":"Multi-chain gas tracker snack for agents. Pay 0.001 U
2026-08-02T01:20:24.190Z FAIL 402 /x402/fx-rate?base=USD&symbols=EUR {"x402Version":2,"error":"payment_unsettled","resource":{"url":"https://mcp-x402.onrender.com/x402/fx-rate","description":"Latest or historical exchange rate for a base currency ag
2026-08-02T01:20:28.142Z FAIL 402 /x402/fx-rate?base=USD&symbols=JPY {"x402Version":2,"error":"payment_unsettled","resource":{"url":"https://mcp-x402.onrender.com/x402/fx-rate","description":"Latest or historical exchange rate for a base currency ag
2026-08-02T01:20:31.751Z FAIL 402 /x402/crypto-price?ids=bitcoin {"x402Version":2,"error":"payment_unsettled","resource":{"url":"https://mcp-x402.onrender.com/x402/crypto-price","description":"Real-time crypto prices (multi-source: CoinGecko + C
2026-08-02T01:20:35.279Z FAIL 402 /x402/web-search?q=bitcoin {"x402Version":2,"error":"payment_unsettled","resource":{"url":"https://mcp-x402.onrender.com/x402/web-search","description":"Keyless web search (Wikipedia + Wikidata + DuckDuckGo)
2026-08-02T01:20:38.865Z FAIL 402 /x402/web-search?q=ethereum {"x402Version":2,"error":"payment_unsettled","resource":{"url":"https://mcp-x402.onrender.com/x402/web-search","description":"Keyless web search (Wikipedia + Wikidata + DuckDuckGo)
2026-08-02T01:20:42.464Z FAIL 402 /x402/web-fetch?url=https://example.com {"x402Version":2,"error":"payment_unsettled","resource":{"url":"https://mcp-x402.onrender.com/x402/web-fetch","description":"Fetch a public HTTP(S) URL and return truncated text/js
2026-08-02T01:20:45.988Z FAIL 402 /x402/social-search?q=AI+agents {"x402Version":2,"error":"payment_unsettled","resource":{"url":"https://mcp-x402.onrender.com/x402/social-search","description":"Public web social pulse search (not official X API)
2026-08-02T01:20:49.529Z FAIL 402 /x402/news-headlines?q=crypto {"x402Version":2,"error":"payment_unsettled","resource":{"url":"https://mcp-x402.onrender.com/x402/news-headlines","description":"Google News RSS headlines for agent news pulse. Pa
2026-08-02T01:20:53.656Z FAIL 402 /x402/eth-rpc?method=eth_blockNumber {"x402Version":2,"error":"payment_unsettled","resource":{"url":"https://mcp-x402.onrender.com/x402/eth-rpc","description":"ethereum JSON-RPC read helper for agents (balances, block
2026-08-02T01:20:57.317Z FAIL 402 /x402/base-rpc?method=eth_blockNumber {"x402Version":2,"error":"payment_unsettled","resource":{"url":"https://mcp-x402.onrender.com/x402/base-rpc","description":"base JSON-RPC read helper for agents (balances, blocks, 
2026-08-02T01:21:00.916Z FAIL 402 /x402/domain-enrich?domain=example.com {"x402Version":2,"error":"payment_unsettled","resource":{"url":"https://mcp-x402.onrender.com/x402/domain-enrich","description":"Cheap domain enrichment: DNS + RDAP + IP geo. Pay 0
2026-08-02T01:21:04.644Z FAIL 402 /x402/gas-tracker {"x402Version":2,"error":"payment_unsettled","resource":{"url":"https://mcp-x402.onrender.com/x402/gas-tracker","description":"Multi-chain gas tracker snack for agents. Pay 0.001 U
2026-08-02T01:21:08.166Z FAIL 402 /x402/fx-rate?base=USD&symbols=EUR {"x402Version":2,"error":"payment_unsettled","resource":{"url":"https://mcp-x402.onrender.com/x402/fx-rate","description":"Latest or historical exchange rate for a base currency ag
2026-08-02T01:21:11.980Z FAIL 402 /x402/fx-rate?base=USD&symbols=JPY {"x402Version":2,"error":"payment_unsettled","resource":{"url":"https://mcp-x402.onrender.com/x402/fx-rate","description":"Latest or historical exchange rate for a base currency ag
2026-08-02T01:21:15.627Z FAIL 402 /x402/crypto-price?ids=bitcoin {"x402Version":2,"error":"payment_unsettled","resource":{"url":"https://mcp-x402.onrender.com/x402/crypto-price","description":"Real-time crypto prices (multi-source: CoinGecko + C
2026-08-02T01:21:19.654Z FAIL 402 /x402/web-search?q=bitcoin {"x402Version":2,"error":"payment_unsettled","resource":{"url":"https://mcp-x402.onrender.com/x402/web-search","description":"Keyless web search (Wikipedia + Wikidata + DuckDuckGo)
2026-08-02T01:21:23.451Z FAIL 402 /x402/web-search?q=ethereum {"x402Version":2,"error":"payment_unsettled","resource":{"url":"https://mcp-x402.onrender.com/x402/web-search","description":"Keyless web search (Wikipedia + Wikidata + DuckDuckGo)
2026-08-02T01:21:27.145Z FAIL 402 /x402/web-fetch?url=https://example.com {"x402Version":2,"error":"payment_unsettled","resource":{"url":"https://mcp-x402.onrender.com/x402/web-fetch","description":"Fetch a public HTTP(S) URL and return truncated text/js
2026-08-02T01:21:30.660Z FAIL 402 /x402/social-search?q=AI+agents {"x402Version":2,"error":"payment_unsettled","resource":{"url":"https://mcp-x402.onrender.com/x402/social-search","description":"Public web social pulse search (not official X API)
2026-08-02T01:21:34.355Z FAIL 402 /x402/news-headlines?q=crypto {"x402Version":2,"error":"payment_unsettled","resource":{"url":"https://mcp-x402.onrender.com/x402/news-headlines","description":"Google News RSS headlines for agent news pulse. Pa
2026-08-02T01:21:34.372Z STOP consecutive fails
2026-08-02T01:21:34.555Z DONE {"ok":492,"attempts":521,"eoa":"0x523512A2Ab8aD92d16e6A6eB939811eC9914fA16","rails":"0x4e14B249D9A4c9c9352D780eCEB508A8eB7a7700","usdc_eoa_before":3.907186,"usdc_eoa_after":3.415186,"rails_before":9.282,"rails_after":9.774,"moved_to_rails":0.4919999999999991,"note":"Facilitator self-settle EOA→rails. Closed-loop SML treasury."}
2026-08-02T01:21:34.739Z STATS settledByFacilitator={"cdp":1024} recentSettled=50
