2026-07-28T17:06:59.119Z START payer_eoa=0x523512A2Ab8aD92d16e6A6eB939811eC9914fA16 USDC=0.598843 rails=0x4e14B249D9A4c9c9352D780eCEB508A8eB7a7700 USDC=6.298 max=550 leave=0.015
2026-07-28T17:06:59.119Z START payer_eoa=0x523512A2Ab8aD92d16e6A6eB939811eC9914fA16 USDC=0.598843 rails=0x4e14B249D9A4c9c9352D780eCEB508A8eB7a7700 USDC=6.298 max=550 leave=0.015
2026-07-28T17:06:59.206Z payer is EOA ✓
2026-07-28T17:06:59.206Z payer is EOA ✓
2026-07-28T17:07:00.642Z OK #1 /x402/fx-rate?base=USD&symbols=EUR {"source":"frankfurter.dev/v2/rates","data":[{"date":"2026-07-28","base":"USD","
2026-07-28T17:07:00.642Z OK #1 /x402/fx-rate?base=USD&symbols=EUR {"source":"frankfurter.dev/v2/rates","data":[{"date":"2026-07-28","base":"USD","
2026-07-28T17:07:02.042Z OK #2 /x402/fx-rate?base=USD&symbols=JPY {"source":"frankfurter.dev/v2/rates","data":[{"date":"2026-07-28","base":"USD","
2026-07-28T17:07:02.042Z OK #2 /x402/fx-rate?base=USD&symbols=JPY {"source":"frankfurter.dev/v2/rates","data":[{"date":"2026-07-28","base":"USD","
2026-07-28T17:07:03.877Z OK #3 /x402/gas-tracker {"timestamp":"2026-07-28T17:07:03.780Z","chains":[{"chain":"ethereum","gas_gwei"
2026-07-28T17:07:03.877Z OK #3 /x402/gas-tracker {"timestamp":"2026-07-28T17:07:03.780Z","chains":[{"chain":"ethereum","gas_gwei"
2026-07-28T17:07:05.623Z OK #4 /x402/web-fetch?url=https://example.com {"timestamp":"2026-07-28T17:07:05.531Z","url":"https://example.com","status":200
2026-07-28T17:07:05.623Z OK #4 /x402/web-fetch?url=https://example.com {"timestamp":"2026-07-28T17:07:05.531Z","url":"https://example.com","status":200
2026-07-28T17:07:08.135Z OK #5 /x402/news-headlines {"timestamp":"2026-07-28T17:07:08.041Z","q":"crypto OR bitcoin OR AI agents","co
2026-07-28T17:07:08.135Z OK #5 /x402/news-headlines {"timestamp":"2026-07-28T17:07:08.041Z","q":"crypto OR bitcoin OR AI agents","co
2026-07-28T17:07:10.128Z OK #6 /x402/grants?keyword=ai {"source":"grants.gov/search2","total":137,"results":[{"id":"363121","number":"P
2026-07-28T17:07:10.128Z OK #6 /x402/grants?keyword=ai {"source":"grants.gov/search2","total":137,"results":[{"id":"363121","number":"P
2026-07-28T17:07:12.043Z OK #7 /x402/treasury-yields {"source":"home.treasury.gov/yield-curve","month":"202607","latest":{"date":"202
2026-07-28T17:07:12.043Z OK #7 /x402/treasury-yields {"source":"home.treasury.gov/yield-curve","month":"202607","latest":{"date":"202
2026-07-28T17:07:13.777Z OK #8 /x402/pha-lookup {"matches":[{"id":"nc-kinston-kha","name":"Kinston Housing Authority","hud_code"
2026-07-28T17:07:13.777Z OK #8 /x402/pha-lookup {"matches":[{"id":"nc-kinston-kha","name":"Kinston Housing Authority","hud_code"
2026-07-28T17:07:15.509Z OK #9 /x402/hcv-fmr {"area":"Lenoir County, NC","year":2025,"bedrooms":4,"fmr_monthly":1497,"schedul
2026-07-28T17:07:15.509Z OK #9 /x402/hcv-fmr {"area":"Lenoir County, NC","year":2025,"bedrooms":4,"fmr_monthly":1497,"schedul
2026-07-28T17:07:17.461Z OK #10 /x402/housing-windsor {"property":{"address":"1607 Windsor Rd","city":"Kinston","county":"Lenoir","sta
2026-07-28T17:07:17.461Z OK #10 /x402/housing-windsor {"property":{"address":"1607 Windsor Rd","city":"Kinston","county":"Lenoir","sta
2026-07-28T17:07:19.799Z OK #11 /x402/domain-enrich?domain=example.com {"timestamp":"2026-07-28T17:07:19.711Z","domain":"example.com","ips":["104.20.23
2026-07-28T17:07:19.799Z OK #11 /x402/domain-enrich?domain=example.com {"timestamp":"2026-07-28T17:07:19.711Z","domain":"example.com","ips":["104.20.23
2026-07-28T17:07:21.677Z OK #12 /x402/market?naics=541512 {"source":"usaspending.gov/api/v2","naics":"541512","window":{"start_date":"2023
2026-07-28T17:07:21.677Z OK #12 /x402/market?naics=541512 {"source":"usaspending.gov/api/v2","naics":"541512","window":{"start_date":"2023
2026-07-28T17:07:23.901Z OK #13 /x402/sec-8k?ticker=AAPL {"source":"sec.gov/EDGAR","ticker":"AAPL","company":"Apple Inc.","cik":"320193",
2026-07-28T17:07:23.901Z OK #13 /x402/sec-8k?ticker=AAPL {"source":"sec.gov/EDGAR","ticker":"AAPL","company":"Apple Inc.","cik":"320193",
2026-07-28T17:07:25.856Z OK #14 /x402/fx-rate?base=USD&symbols=EUR {"source":"frankfurter.dev/v2/rates","data":[{"date":"2026-07-28","base":"USD","
2026-07-28T17:07:25.856Z OK #14 /x402/fx-rate?base=USD&symbols=EUR {"source":"frankfurter.dev/v2/rates","data":[{"date":"2026-07-28","base":"USD","
2026-07-28T17:07:27.552Z OK #15 /x402/fx-rate?base=USD&symbols=JPY {"source":"frankfurter.dev/v2/rates","data":[{"date":"2026-07-28","base":"USD","
2026-07-28T17:07:27.552Z OK #15 /x402/fx-rate?base=USD&symbols=JPY {"source":"frankfurter.dev/v2/rates","data":[{"date":"2026-07-28","base":"USD","
2026-07-28T17:07:29.859Z OK #16 /x402/gas-tracker {"timestamp":"2026-07-28T17:07:29.765Z","chains":[{"chain":"ethereum","gas_gwei"
2026-07-28T17:07:29.859Z OK #16 /x402/gas-tracker {"timestamp":"2026-07-28T17:07:29.765Z","chains":[{"chain":"ethereum","gas_gwei"
2026-07-28T17:07:31.627Z OK #17 /x402/web-fetch?url=https://example.com {"timestamp":"2026-07-28T17:07:31.534Z","url":"https://example.com","status":200
2026-07-28T17:07:31.627Z OK #17 /x402/web-fetch?url=https://example.com {"timestamp":"2026-07-28T17:07:31.534Z","url":"https://example.com","status":200
2026-07-28T17:07:33.430Z OK #18 /x402/news-headlines {"timestamp":"2026-07-28T17:07:33.336Z","q":"crypto OR bitcoin OR AI agents","co
2026-07-28T17:07:33.430Z OK #18 /x402/news-headlines {"timestamp":"2026-07-28T17:07:33.336Z","q":"crypto OR bitcoin OR AI agents","co
2026-07-28T17:07:35.663Z OK #19 /x402/grants?keyword=ai {"source":"grants.gov/search2","total":137,"results":[{"id":"363121","number":"P
2026-07-28T17:07:35.663Z OK #19 /x402/grants?keyword=ai {"source":"grants.gov/search2","total":137,"results":[{"id":"363121","number":"P
2026-07-28T17:07:37.466Z OK #20 /x402/treasury-yields {"source":"home.treasury.gov/yield-curve","month":"202607","latest":{"date":"202
2026-07-28T17:07:37.466Z OK #20 /x402/treasury-yields {"source":"home.treasury.gov/yield-curve","month":"202607","latest":{"date":"202
2026-07-28T17:07:39.438Z OK #21 /x402/pha-lookup {"matches":[{"id":"nc-kinston-kha","name":"Kinston Housing Authority","hud_code"
2026-07-28T17:07:39.438Z OK #21 /x402/pha-lookup {"matches":[{"id":"nc-kinston-kha","name":"Kinston Housing Authority","hud_code"
2026-07-28T17:07:41.457Z OK #22 /x402/hcv-fmr {"area":"Lenoir County, NC","year":2025,"bedrooms":4,"fmr_monthly":1497,"schedul
2026-07-28T17:07:41.457Z OK #22 /x402/hcv-fmr {"area":"Lenoir County, NC","year":2025,"bedrooms":4,"fmr_monthly":1497,"schedul
2026-07-28T17:07:43.441Z OK #23 /x402/housing-windsor {"property":{"address":"1607 Windsor Rd","city":"Kinston","county":"Lenoir","sta
2026-07-28T17:07:43.441Z OK #23 /x402/housing-windsor {"property":{"address":"1607 Windsor Rd","city":"Kinston","county":"Lenoir","sta
2026-07-28T17:07:45.592Z OK #24 /x402/domain-enrich?domain=example.com {"timestamp":"2026-07-28T17:07:45.501Z","domain":"example.com","ips":["172.66.14
2026-07-28T17:07:45.592Z OK #24 /x402/domain-enrich?domain=example.com {"timestamp":"2026-07-28T17:07:45.501Z","domain":"example.com","ips":["172.66.14
2026-07-28T17:07:47.853Z OK #25 /x402/market?naics=541512 {"source":"usaspending.gov/api/v2","naics":"541512","window":{"start_date":"2023
2026-07-28T17:07:47.853Z OK #25 /x402/market?naics=541512 {"source":"usaspending.gov/api/v2","naics":"541512","window":{"start_date":"2023
2026-07-28T17:07:49.691Z OK #26 /x402/sec-8k?ticker=AAPL {"source":"sec.gov/EDGAR","ticker":"AAPL","company":"Apple Inc.","cik":"320193",
2026-07-28T17:07:49.691Z OK #26 /x402/sec-8k?ticker=AAPL {"source":"sec.gov/EDGAR","ticker":"AAPL","company":"Apple Inc.","cik":"320193",
2026-07-28T17:07:51.717Z OK #27 /x402/fx-rate?base=USD&symbols=EUR {"source":"frankfurter.dev/v2/rates","data":[{"date":"2026-07-28","base":"USD","
2026-07-28T17:07:51.717Z OK #27 /x402/fx-rate?base=USD&symbols=EUR {"source":"frankfurter.dev/v2/rates","data":[{"date":"2026-07-28","base":"USD","
2026-07-28T17:07:53.389Z OK #28 /x402/fx-rate?base=USD&symbols=JPY {"source":"frankfurter.dev/v2/rates","data":[{"date":"2026-07-28","base":"USD","
2026-07-28T17:07:53.389Z OK #28 /x402/fx-rate?base=USD&symbols=JPY {"source":"frankfurter.dev/v2/rates","data":[{"date":"2026-07-28","base":"USD","
2026-07-28T17:07:55.544Z OK #29 /x402/gas-tracker {"timestamp":"2026-07-28T17:07:55.450Z","chains":[{"chain":"ethereum","gas_gwei"
2026-07-28T17:07:55.544Z OK #29 /x402/gas-tracker {"timestamp":"2026-07-28T17:07:55.450Z","chains":[{"chain":"ethereum","gas_gwei"
2026-07-28T17:07:57.586Z OK #30 /x402/web-fetch?url=https://example.com {"timestamp":"2026-07-28T17:07:57.492Z","url":"https://example.com","status":200
2026-07-28T17:07:57.586Z OK #30 /x402/web-fetch?url=https://example.com {"timestamp":"2026-07-28T17:07:57.492Z","url":"https://example.com","status":200
2026-07-28T17:07:59.666Z OK #31 /x402/news-headlines {"timestamp":"2026-07-28T17:07:59.572Z","q":"crypto OR bitcoin OR AI agents","co
2026-07-28T17:07:59.666Z OK #31 /x402/news-headlines {"timestamp":"2026-07-28T17:07:59.572Z","q":"crypto OR bitcoin OR AI agents","co
2026-07-28T17:08:01.933Z OK #32 /x402/grants?keyword=ai {"source":"grants.gov/search2","total":137,"results":[{"id":"363121","number":"P
2026-07-28T17:08:01.933Z OK #32 /x402/grants?keyword=ai {"source":"grants.gov/search2","total":137,"results":[{"id":"363121","number":"P
2026-07-28T17:08:03.479Z OK #33 /x402/treasury-yields {"source":"home.treasury.gov/yield-curve","month":"202607","latest":{"date":"202
2026-07-28T17:08:03.479Z OK #33 /x402/treasury-yields {"source":"home.treasury.gov/yield-curve","month":"202607","latest":{"date":"202
2026-07-28T17:08:05.460Z OK #34 /x402/pha-lookup {"matches":[{"id":"nc-kinston-kha","name":"Kinston Housing Authority","hud_code"
2026-07-28T17:08:05.460Z OK #34 /x402/pha-lookup {"matches":[{"id":"nc-kinston-kha","name":"Kinston Housing Authority","hud_code"
2026-07-28T17:08:07.569Z OK #35 /x402/hcv-fmr {"area":"Lenoir County, NC","year":2025,"bedrooms":4,"fmr_monthly":1497,"schedul
2026-07-28T17:08:07.569Z OK #35 /x402/hcv-fmr {"area":"Lenoir County, NC","year":2025,"bedrooms":4,"fmr_monthly":1497,"schedul
2026-07-28T17:08:09.723Z OK #36 /x402/housing-windsor {"property":{"address":"1607 Windsor Rd","city":"Kinston","county":"Lenoir","sta
2026-07-28T17:08:09.723Z OK #36 /x402/housing-windsor {"property":{"address":"1607 Windsor Rd","city":"Kinston","county":"Lenoir","sta
2026-07-28T17:08:11.622Z OK #37 /x402/domain-enrich?domain=example.com {"timestamp":"2026-07-28T17:08:11.529Z","domain":"example.com","ips":["172.66.14
2026-07-28T17:08:11.622Z OK #37 /x402/domain-enrich?domain=example.com {"timestamp":"2026-07-28T17:08:11.529Z","domain":"example.com","ips":["172.66.14
2026-07-28T17:08:13.562Z OK #38 /x402/market?naics=541512 {"source":"usaspending.gov/api/v2","naics":"541512","window":{"start_date":"2023
2026-07-28T17:08:13.562Z OK #38 /x402/market?naics=541512 {"source":"usaspending.gov/api/v2","naics":"541512","window":{"start_date":"2023
2026-07-28T17:08:15.648Z OK #39 /x402/sec-8k?ticker=AAPL {"source":"sec.gov/EDGAR","ticker":"AAPL","company":"Apple Inc.","cik":"320193",
2026-07-28T17:08:15.648Z OK #39 /x402/sec-8k?ticker=AAPL {"source":"sec.gov/EDGAR","ticker":"AAPL","company":"Apple Inc.","cik":"320193",
2026-07-28T17:08:17.450Z OK #40 /x402/fx-rate?base=USD&symbols=EUR {"source":"frankfurter.dev/v2/rates","data":[{"date":"2026-07-28","base":"USD","
2026-07-28T17:08:17.450Z OK #40 /x402/fx-rate?base=USD&symbols=EUR {"source":"frankfurter.dev/v2/rates","data":[{"date":"2026-07-28","base":"USD","
2026-07-28T17:08:19.487Z OK #41 /x402/fx-rate?base=USD&symbols=JPY {"source":"frankfurter.dev/v2/rates","data":[{"date":"2026-07-28","base":"USD","
2026-07-28T17:08:19.487Z OK #41 /x402/fx-rate?base=USD&symbols=JPY {"source":"frankfurter.dev/v2/rates","data":[{"date":"2026-07-28","base":"USD","
2026-07-28T17:08:21.677Z OK #42 /x402/gas-tracker {"timestamp":"2026-07-28T17:08:21.589Z","chains":[{"chain":"ethereum","gas_gwei"
2026-07-28T17:08:21.677Z OK #42 /x402/gas-tracker {"timestamp":"2026-07-28T17:08:21.589Z","chains":[{"chain":"ethereum","gas_gwei"
2026-07-28T17:08:23.384Z OK #43 /x402/web-fetch?url=https://example.com {"timestamp":"2026-07-28T17:08:23.294Z","url":"https://example.com","status":200
2026-07-28T17:08:23.384Z OK #43 /x402/web-fetch?url=https://example.com {"timestamp":"2026-07-28T17:08:23.294Z","url":"https://example.com","status":200
2026-07-28T17:08:25.831Z OK #44 /x402/news-headlines {"timestamp":"2026-07-28T17:08:25.736Z","q":"crypto OR bitcoin OR AI agents","co
2026-07-28T17:08:25.831Z OK #44 /x402/news-headlines {"timestamp":"2026-07-28T17:08:25.736Z","q":"crypto OR bitcoin OR AI agents","co
2026-07-28T17:08:27.796Z OK #45 /x402/grants?keyword=ai {"source":"grants.gov/search2","total":137,"results":[{"id":"363121","number":"P
2026-07-28T17:08:27.796Z OK #45 /x402/grants?keyword=ai {"source":"grants.gov/search2","total":137,"results":[{"id":"363121","number":"P
2026-07-28T17:08:29.565Z OK #46 /x402/treasury-yields {"source":"home.treasury.gov/yield-curve","month":"202607","latest":{"date":"202
2026-07-28T17:08:29.565Z OK #46 /x402/treasury-yields {"source":"home.treasury.gov/yield-curve","month":"202607","latest":{"date":"202
2026-07-28T17:08:31.624Z OK #47 /x402/pha-lookup {"matches":[{"id":"nc-kinston-kha","name":"Kinston Housing Authority","hud_code"
2026-07-28T17:08:31.624Z OK #47 /x402/pha-lookup {"matches":[{"id":"nc-kinston-kha","name":"Kinston Housing Authority","hud_code"
2026-07-28T17:08:33.628Z OK #48 /x402/hcv-fmr {"area":"Lenoir County, NC","year":2025,"bedrooms":4,"fmr_monthly":1497,"schedul
2026-07-28T17:08:33.628Z OK #48 /x402/hcv-fmr {"area":"Lenoir County, NC","year":2025,"bedrooms":4,"fmr_monthly":1497,"schedul
2026-07-28T17:08:35.396Z OK #49 /x402/housing-windsor {"property":{"address":"1607 Windsor Rd","city":"Kinston","county":"Lenoir","sta
2026-07-28T17:08:35.396Z OK #49 /x402/housing-windsor {"property":{"address":"1607 Windsor Rd","city":"Kinston","county":"Lenoir","sta
2026-07-28T17:08:37.614Z OK #50 /x402/domain-enrich?domain=example.com {"timestamp":"2026-07-28T17:08:37.506Z","domain":"example.com","ips":["104.20.23
2026-07-28T17:08:37.614Z OK #50 /x402/domain-enrich?domain=example.com {"timestamp":"2026-07-28T17:08:37.506Z","domain":"example.com","ips":["104.20.23
2026-07-28T17:08:39.798Z OK #51 /x402/market?naics=541512 {"source":"usaspending.gov/api/v2","naics":"541512","window":{"start_date":"2023
2026-07-28T17:08:39.798Z OK #51 /x402/market?naics=541512 {"source":"usaspending.gov/api/v2","naics":"541512","window":{"start_date":"2023
2026-07-28T17:08:41.589Z OK #52 /x402/sec-8k?ticker=AAPL {"source":"sec.gov/EDGAR","ticker":"AAPL","company":"Apple Inc.","cik":"320193",
2026-07-28T17:08:41.589Z OK #52 /x402/sec-8k?ticker=AAPL {"source":"sec.gov/EDGAR","ticker":"AAPL","company":"Apple Inc.","cik":"320193",
2026-07-28T17:08:43.534Z OK #53 /x402/fx-rate?base=USD&symbols=EUR {"source":"frankfurter.dev/v2/rates","data":[{"date":"2026-07-28","base":"USD","
2026-07-28T17:08:43.534Z OK #53 /x402/fx-rate?base=USD&symbols=EUR {"source":"frankfurter.dev/v2/rates","data":[{"date":"2026-07-28","base":"USD","
2026-07-28T17:08:45.567Z OK #54 /x402/fx-rate?base=USD&symbols=JPY {"source":"frankfurter.dev/v2/rates","data":[{"date":"2026-07-28","base":"USD","
2026-07-28T17:08:45.567Z OK #54 /x402/fx-rate?base=USD&symbols=JPY {"source":"frankfurter.dev/v2/rates","data":[{"date":"2026-07-28","base":"USD","
2026-07-28T17:08:47.673Z OK #55 /x402/gas-tracker {"timestamp":"2026-07-28T17:08:47.577Z","chains":[{"chain":"ethereum","gas_gwei"
2026-07-28T17:08:47.673Z OK #55 /x402/gas-tracker {"timestamp":"2026-07-28T17:08:47.577Z","chains":[{"chain":"ethereum","gas_gwei"
2026-07-28T17:08:49.415Z OK #56 /x402/web-fetch?url=https://example.com {"timestamp":"2026-07-28T17:08:49.325Z","url":"https://example.com","status":200
2026-07-28T17:08:49.415Z OK #56 /x402/web-fetch?url=https://example.com {"timestamp":"2026-07-28T17:08:49.325Z","url":"https://example.com","status":200
2026-07-28T17:08:52.341Z OK #57 /x402/news-headlines {"timestamp":"2026-07-28T17:08:52.245Z","q":"crypto OR bitcoin OR AI agents","co
2026-07-28T17:08:52.341Z OK #57 /x402/news-headlines {"timestamp":"2026-07-28T17:08:52.245Z","q":"crypto OR bitcoin OR AI agents","co
2026-07-28T17:08:54.353Z OK #58 /x402/grants?keyword=ai {"source":"grants.gov/search2","total":137,"results":[{"id":"363121","number":"P
2026-07-28T17:08:54.353Z OK #58 /x402/grants?keyword=ai {"source":"grants.gov/search2","total":137,"results":[{"id":"363121","number":"P
2026-07-28T17:08:56.184Z OK #59 /x402/treasury-yields {"source":"home.treasury.gov/yield-curve","month":"202607","latest":{"date":"202
2026-07-28T17:08:56.184Z OK #59 /x402/treasury-yields {"source":"home.treasury.gov/yield-curve","month":"202607","latest":{"date":"202
2026-07-28T17:08:57.882Z OK #60 /x402/pha-lookup {"matches":[{"id":"nc-kinston-kha","name":"Kinston Housing Authority","hud_code"
2026-07-28T17:08:57.882Z OK #60 /x402/pha-lookup {"matches":[{"id":"nc-kinston-kha","name":"Kinston Housing Authority","hud_code"
2026-07-28T17:08:59.629Z OK #61 /x402/hcv-fmr {"area":"Lenoir County, NC","year":2025,"bedrooms":4,"fmr_monthly":1497,"schedul
2026-07-28T17:08:59.629Z OK #61 /x402/hcv-fmr {"area":"Lenoir County, NC","year":2025,"bedrooms":4,"fmr_monthly":1497,"schedul
2026-07-28T17:09:01.626Z OK #62 /x402/housing-windsor {"property":{"address":"1607 Windsor Rd","city":"Kinston","county":"Lenoir","sta
2026-07-28T17:09:01.626Z OK #62 /x402/housing-windsor {"property":{"address":"1607 Windsor Rd","city":"Kinston","county":"Lenoir","sta
2026-07-28T17:09:03.784Z OK #63 /x402/domain-enrich?domain=example.com {"timestamp":"2026-07-28T17:09:03.676Z","domain":"example.com","ips":["104.20.23
2026-07-28T17:09:03.784Z OK #63 /x402/domain-enrich?domain=example.com {"timestamp":"2026-07-28T17:09:03.676Z","domain":"example.com","ips":["104.20.23
2026-07-28T17:09:05.703Z OK #64 /x402/market?naics=541512 {"source":"usaspending.gov/api/v2","naics":"541512","window":{"start_date":"2023
2026-07-28T17:09:05.703Z OK #64 /x402/market?naics=541512 {"source":"usaspending.gov/api/v2","naics":"541512","window":{"start_date":"2023
2026-07-28T17:09:07.625Z OK #65 /x402/sec-8k?ticker=AAPL {"source":"sec.gov/EDGAR","ticker":"AAPL","company":"Apple Inc.","cik":"320193",
2026-07-28T17:09:07.625Z OK #65 /x402/sec-8k?ticker=AAPL {"source":"sec.gov/EDGAR","ticker":"AAPL","company":"Apple Inc.","cik":"320193",
2026-07-28T17:09:09.557Z OK #66 /x402/fx-rate?base=USD&symbols=EUR {"source":"frankfurter.dev/v2/rates","data":[{"date":"2026-07-28","base":"USD","
2026-07-28T17:09:09.557Z OK #66 /x402/fx-rate?base=USD&symbols=EUR {"source":"frankfurter.dev/v2/rates","data":[{"date":"2026-07-28","base":"USD","
2026-07-28T17:09:11.625Z OK #67 /x402/fx-rate?base=USD&symbols=JPY {"source":"frankfurter.dev/v2/rates","data":[{"date":"2026-07-28","base":"USD","
2026-07-28T17:09:11.625Z OK #67 /x402/fx-rate?base=USD&symbols=JPY {"source":"frankfurter.dev/v2/rates","data":[{"date":"2026-07-28","base":"USD","
2026-07-28T17:09:13.708Z OK #68 /x402/gas-tracker {"timestamp":"2026-07-28T17:09:13.620Z","chains":[{"chain":"ethereum","gas_gwei"
2026-07-28T17:09:13.708Z OK #68 /x402/gas-tracker {"timestamp":"2026-07-28T17:09:13.620Z","chains":[{"chain":"ethereum","gas_gwei"
2026-07-28T17:09:15.686Z OK #69 /x402/web-fetch?url=https://example.com {"timestamp":"2026-07-28T17:09:15.592Z","url":"https://example.com","status":200
2026-07-28T17:09:15.686Z OK #69 /x402/web-fetch?url=https://example.com {"timestamp":"2026-07-28T17:09:15.592Z","url":"https://example.com","status":200
2026-07-28T17:09:17.888Z OK #70 /x402/news-headlines {"timestamp":"2026-07-28T17:09:17.793Z","q":"crypto OR bitcoin OR AI agents","co
2026-07-28T17:09:17.888Z OK #70 /x402/news-headlines {"timestamp":"2026-07-28T17:09:17.793Z","q":"crypto OR bitcoin OR AI agents","co
2026-07-28T17:09:19.925Z OK #71 /x402/grants?keyword=ai {"source":"grants.gov/search2","total":137,"results":[{"id":"363121","number":"P
2026-07-28T17:09:19.925Z OK #71 /x402/grants?keyword=ai {"source":"grants.gov/search2","total":137,"results":[{"id":"363121","number":"P
2026-07-28T17:09:21.670Z OK #72 /x402/treasury-yields {"source":"home.treasury.gov/yield-curve","month":"202607","latest":{"date":"202
2026-07-28T17:09:21.670Z OK #72 /x402/treasury-yields {"source":"home.treasury.gov/yield-curve","month":"202607","latest":{"date":"202
2026-07-28T17:09:23.367Z OK #73 /x402/pha-lookup {"matches":[{"id":"nc-kinston-kha","name":"Kinston Housing Authority","hud_code"
2026-07-28T17:09:23.367Z OK #73 /x402/pha-lookup {"matches":[{"id":"nc-kinston-kha","name":"Kinston Housing Authority","hud_code"
2026-07-28T17:09:24.753Z OK #74 /x402/hcv-fmr {"area":"Lenoir County, NC","year":2025,"bedrooms":4,"fmr_monthly":1497,"schedul
2026-07-28T17:09:24.753Z OK #74 /x402/hcv-fmr {"area":"Lenoir County, NC","year":2025,"bedrooms":4,"fmr_monthly":1497,"schedul
2026-07-28T17:09:26.421Z OK #75 /x402/housing-windsor {"property":{"address":"1607 Windsor Rd","city":"Kinston","county":"Lenoir","sta
2026-07-28T17:09:26.421Z OK #75 /x402/housing-windsor {"property":{"address":"1607 Windsor Rd","city":"Kinston","county":"Lenoir","sta
2026-07-28T17:09:28.367Z OK #76 /x402/domain-enrich?domain=example.com {"timestamp":"2026-07-28T17:09:28.253Z","domain":"example.com","ips":["172.66.14
2026-07-28T17:09:28.367Z OK #76 /x402/domain-enrich?domain=example.com {"timestamp":"2026-07-28T17:09:28.253Z","domain":"example.com","ips":["172.66.14
2026-07-28T17:09:30.249Z OK #77 /x402/market?naics=541512 {"source":"usaspending.gov/api/v2","naics":"541512","window":{"start_date":"2023
2026-07-28T17:09:30.249Z OK #77 /x402/market?naics=541512 {"source":"usaspending.gov/api/v2","naics":"541512","window":{"start_date":"2023
2026-07-28T17:09:32.000Z OK #78 /x402/sec-8k?ticker=AAPL {"source":"sec.gov/EDGAR","ticker":"AAPL","company":"Apple Inc.","cik":"320193",
2026-07-28T17:09:32.000Z OK #78 /x402/sec-8k?ticker=AAPL {"source":"sec.gov/EDGAR","ticker":"AAPL","company":"Apple Inc.","cik":"320193",
2026-07-28T17:09:33.438Z OK #79 /x402/fx-rate?base=USD&symbols=EUR {"source":"frankfurter.dev/v2/rates","data":[{"date":"2026-07-28","base":"USD","
2026-07-28T17:09:33.438Z OK #79 /x402/fx-rate?base=USD&symbols=EUR {"source":"frankfurter.dev/v2/rates","data":[{"date":"2026-07-28","base":"USD","
2026-07-28T17:09:35.503Z OK #80 /x402/fx-rate?base=USD&symbols=JPY {"source":"frankfurter.dev/v2/rates","data":[{"date":"2026-07-28","base":"USD","
2026-07-28T17:09:35.503Z OK #80 /x402/fx-rate?base=USD&symbols=JPY {"source":"frankfurter.dev/v2/rates","data":[{"date":"2026-07-28","base":"USD","
2026-07-28T17:09:37.627Z OK #81 /x402/gas-tracker {"timestamp":"2026-07-28T17:09:37.541Z","chains":[{"chain":"ethereum","gas_gwei"
2026-07-28T17:09:37.627Z OK #81 /x402/gas-tracker {"timestamp":"2026-07-28T17:09:37.541Z","chains":[{"chain":"ethereum","gas_gwei"
2026-07-28T17:09:39.566Z OK #82 /x402/web-fetch?url=https://example.com {"timestamp":"2026-07-28T17:09:39.475Z","url":"https://example.com","status":200
2026-07-28T17:09:39.566Z OK #82 /x402/web-fetch?url=https://example.com {"timestamp":"2026-07-28T17:09:39.475Z","url":"https://example.com","status":200
2026-07-28T17:09:41.893Z OK #83 /x402/news-headlines {"timestamp":"2026-07-28T17:09:41.804Z","q":"crypto OR bitcoin OR AI agents","co
2026-07-28T17:09:41.893Z OK #83 /x402/news-headlines {"timestamp":"2026-07-28T17:09:41.804Z","q":"crypto OR bitcoin OR AI agents","co
2026-07-28T17:09:43.872Z OK #84 /x402/grants?keyword=ai {"source":"grants.gov/search2","total":137,"results":[{"id":"363121","number":"P
2026-07-28T17:09:43.872Z OK #84 /x402/grants?keyword=ai {"source":"grants.gov/search2","total":137,"results":[{"id":"363121","number":"P
2026-07-28T17:09:45.598Z OK #85 /x402/treasury-yields {"source":"home.treasury.gov/yield-curve","month":"202607","latest":{"date":"202
2026-07-28T17:09:45.598Z OK #85 /x402/treasury-yields {"source":"home.treasury.gov/yield-curve","month":"202607","latest":{"date":"202
2026-07-28T17:09:47.560Z OK #86 /x402/pha-lookup {"matches":[{"id":"nc-kinston-kha","name":"Kinston Housing Authority","hud_code"
2026-07-28T17:09:47.560Z OK #86 /x402/pha-lookup {"matches":[{"id":"nc-kinston-kha","name":"Kinston Housing Authority","hud_code"
2026-07-28T17:09:49.398Z OK #87 /x402/hcv-fmr {"area":"Lenoir County, NC","year":2025,"bedrooms":4,"fmr_monthly":1497,"schedul
2026-07-28T17:09:49.398Z OK #87 /x402/hcv-fmr {"area":"Lenoir County, NC","year":2025,"bedrooms":4,"fmr_monthly":1497,"schedul
2026-07-28T17:09:51.880Z OK #88 /x402/housing-windsor {"property":{"address":"1607 Windsor Rd","city":"Kinston","county":"Lenoir","sta
2026-07-28T17:09:51.880Z OK #88 /x402/housing-windsor {"property":{"address":"1607 Windsor Rd","city":"Kinston","county":"Lenoir","sta
2026-07-28T17:09:53.823Z OK #89 /x402/domain-enrich?domain=example.com {"timestamp":"2026-07-28T17:09:53.730Z","domain":"example.com","ips":["104.20.23
2026-07-28T17:09:53.823Z OK #89 /x402/domain-enrich?domain=example.com {"timestamp":"2026-07-28T17:09:53.730Z","domain":"example.com","ips":["104.20.23
2026-07-28T17:09:55.731Z OK #90 /x402/market?naics=541512 {"source":"usaspending.gov/api/v2","naics":"541512","window":{"start_date":"2023
2026-07-28T17:09:55.731Z OK #90 /x402/market?naics=541512 {"source":"usaspending.gov/api/v2","naics":"541512","window":{"start_date":"2023
2026-07-28T17:09:57.541Z OK #91 /x402/sec-8k?ticker=AAPL {"source":"sec.gov/EDGAR","ticker":"AAPL","company":"Apple Inc.","cik":"320193",
2026-07-28T17:09:57.541Z OK #91 /x402/sec-8k?ticker=AAPL {"source":"sec.gov/EDGAR","ticker":"AAPL","company":"Apple Inc.","cik":"320193",
2026-07-28T17:10:11.485Z START payer_eoa=0x523512A2Ab8aD92d16e6A6eB939811eC9914fA16 USDC=0.506843 rails=0x4e14B249D9A4c9c9352D780eCEB508A8eB7a7700 USDC=6.39 max=550 leave=0.015
2026-07-28T17:10:11.485Z START payer_eoa=0x523512A2Ab8aD92d16e6A6eB939811eC9914fA16 USDC=0.506843 rails=0x4e14B249D9A4c9c9352D780eCEB508A8eB7a7700 USDC=6.39 max=550 leave=0.015
2026-07-28T17:10:11.572Z payer is EOA ✓
2026-07-28T17:10:11.572Z payer is EOA ✓
2026-07-28T17:10:13.730Z OK #1 /x402/fx-rate?base=USD&symbols=EUR {"source":"frankfurter.dev/v2/rates","data":[{"date":"2026-07-28","base":"USD","
2026-07-28T17:10:13.730Z OK #1 /x402/fx-rate?base=USD&symbols=EUR {"source":"frankfurter.dev/v2/rates","data":[{"date":"2026-07-28","base":"USD","
2026-07-28T17:10:15.544Z OK #2 /x402/fx-rate?base=USD&symbols=JPY {"source":"frankfurter.dev/v2/rates","data":[{"date":"2026-07-28","base":"USD","
2026-07-28T17:10:15.544Z OK #2 /x402/fx-rate?base=USD&symbols=JPY {"source":"frankfurter.dev/v2/rates","data":[{"date":"2026-07-28","base":"USD","
2026-07-28T17:10:17.775Z OK #3 /x402/gas-tracker {"timestamp":"2026-07-28T17:10:17.686Z","chains":[{"chain":"ethereum","gas_gwei"
2026-07-28T17:10:17.775Z OK #3 /x402/gas-tracker {"timestamp":"2026-07-28T17:10:17.686Z","chains":[{"chain":"ethereum","gas_gwei"
2026-07-28T17:10:19.548Z OK #4 /x402/web-fetch?url=https://example.com {"timestamp":"2026-07-28T17:10:19.457Z","url":"https://example.com","status":200
2026-07-28T17:10:19.548Z OK #4 /x402/web-fetch?url=https://example.com {"timestamp":"2026-07-28T17:10:19.457Z","url":"https://example.com","status":200
2026-07-28T17:10:21.724Z OK #5 /x402/news-headlines {"timestamp":"2026-07-28T17:10:21.637Z","q":"crypto OR bitcoin OR AI agents","co
2026-07-28T17:10:21.724Z OK #5 /x402/news-headlines {"timestamp":"2026-07-28T17:10:21.637Z","q":"crypto OR bitcoin OR AI agents","co
2026-07-28T17:10:23.753Z OK #6 /x402/grants?keyword=ai {"source":"grants.gov/search2","total":137,"results":[{"id":"363121","number":"P
2026-07-28T17:10:23.753Z OK #6 /x402/grants?keyword=ai {"source":"grants.gov/search2","total":137,"results":[{"id":"363121","number":"P
2026-07-28T17:10:25.306Z OK #7 /x402/treasury-yields {"source":"home.treasury.gov/yield-curve","month":"202607","latest":{"date":"202
2026-07-28T17:10:25.306Z OK #7 /x402/treasury-yields {"source":"home.treasury.gov/yield-curve","month":"202607","latest":{"date":"202
2026-07-28T17:10:26.992Z OK #8 /x402/pha-lookup {"matches":[{"id":"nc-kinston-kha","name":"Kinston Housing Authority","hud_code"
2026-07-28T17:10:26.992Z OK #8 /x402/pha-lookup {"matches":[{"id":"nc-kinston-kha","name":"Kinston Housing Authority","hud_code"
2026-07-28T17:10:28.384Z OK #9 /x402/hcv-fmr {"area":"Lenoir County, NC","year":2025,"bedrooms":4,"fmr_monthly":1497,"schedul
2026-07-28T17:10:28.384Z OK #9 /x402/hcv-fmr {"area":"Lenoir County, NC","year":2025,"bedrooms":4,"fmr_monthly":1497,"schedul
2026-07-28T17:10:30.140Z OK #10 /x402/housing-windsor {"property":{"address":"1607 Windsor Rd","city":"Kinston","county":"Lenoir","sta
2026-07-28T17:10:30.140Z OK #10 /x402/housing-windsor {"property":{"address":"1607 Windsor Rd","city":"Kinston","county":"Lenoir","sta
2026-07-28T17:10:32.108Z OK #11 /x402/domain-enrich?domain=example.com {"timestamp":"2026-07-28T17:10:32.020Z","domain":"example.com","ips":["172.66.14
2026-07-28T17:10:32.108Z OK #11 /x402/domain-enrich?domain=example.com {"timestamp":"2026-07-28T17:10:32.020Z","domain":"example.com","ips":["172.66.14
2026-07-28T17:10:34.036Z OK #12 /x402/market?naics=541512 {"source":"usaspending.gov/api/v2","naics":"541512","window":{"start_date":"2023
2026-07-28T17:10:34.036Z OK #12 /x402/market?naics=541512 {"source":"usaspending.gov/api/v2","naics":"541512","window":{"start_date":"2023
2026-07-28T17:10:35.864Z OK #13 /x402/sec-8k?ticker=AAPL {"source":"sec.gov/EDGAR","ticker":"AAPL","company":"Apple Inc.","cik":"320193",
2026-07-28T17:10:35.864Z OK #13 /x402/sec-8k?ticker=AAPL {"source":"sec.gov/EDGAR","ticker":"AAPL","company":"Apple Inc.","cik":"320193",
2026-07-28T17:10:37.670Z OK #14 /x402/fx-rate?base=USD&symbols=EUR {"source":"frankfurter.dev/v2/rates","data":[{"date":"2026-07-28","base":"USD","
2026-07-28T17:10:37.670Z OK #14 /x402/fx-rate?base=USD&symbols=EUR {"source":"frankfurter.dev/v2/rates","data":[{"date":"2026-07-28","base":"USD","
2026-07-28T17:10:39.661Z OK #15 /x402/fx-rate?base=USD&symbols=JPY {"source":"frankfurter.dev/v2/rates","data":[{"date":"2026-07-28","base":"USD","
2026-07-28T17:10:39.661Z OK #15 /x402/fx-rate?base=USD&symbols=JPY {"source":"frankfurter.dev/v2/rates","data":[{"date":"2026-07-28","base":"USD","
2026-07-28T17:10:41.797Z OK #16 /x402/gas-tracker {"timestamp":"2026-07-28T17:10:41.706Z","chains":[{"chain":"ethereum","gas_gwei"
2026-07-28T17:10:41.797Z OK #16 /x402/gas-tracker {"timestamp":"2026-07-28T17:10:41.706Z","chains":[{"chain":"ethereum","gas_gwei"
2026-07-28T17:10:43.594Z OK #17 /x402/web-fetch?url=https://example.com {"timestamp":"2026-07-28T17:10:43.506Z","url":"https://example.com","status":200
2026-07-28T17:10:43.594Z OK #17 /x402/web-fetch?url=https://example.com {"timestamp":"2026-07-28T17:10:43.506Z","url":"https://example.com","status":200
2026-07-28T17:10:45.937Z OK #18 /x402/news-headlines {"timestamp":"2026-07-28T17:10:45.842Z","q":"crypto OR bitcoin OR AI agents","co
2026-07-28T17:10:45.937Z OK #18 /x402/news-headlines {"timestamp":"2026-07-28T17:10:45.842Z","q":"crypto OR bitcoin OR AI agents","co
2026-07-28T17:10:47.915Z OK #19 /x402/grants?keyword=ai {"source":"grants.gov/search2","total":137,"results":[{"id":"363121","number":"P
2026-07-28T17:10:47.915Z OK #19 /x402/grants?keyword=ai {"source":"grants.gov/search2","total":137,"results":[{"id":"363121","number":"P
2026-07-28T17:10:49.705Z OK #20 /x402/treasury-yields {"source":"home.treasury.gov/yield-curve","month":"202607","latest":{"date":"202
2026-07-28T17:10:49.705Z OK #20 /x402/treasury-yields {"source":"home.treasury.gov/yield-curve","month":"202607","latest":{"date":"202
2026-07-28T17:10:51.711Z OK #21 /x402/pha-lookup {"matches":[{"id":"nc-kinston-kha","name":"Kinston Housing Authority","hud_code"
2026-07-28T17:10:51.711Z OK #21 /x402/pha-lookup {"matches":[{"id":"nc-kinston-kha","name":"Kinston Housing Authority","hud_code"
2026-07-28T17:10:53.408Z OK #22 /x402/hcv-fmr {"area":"Lenoir County, NC","year":2025,"bedrooms":4,"fmr_monthly":1497,"schedul
2026-07-28T17:10:53.408Z OK #22 /x402/hcv-fmr {"area":"Lenoir County, NC","year":2025,"bedrooms":4,"fmr_monthly":1497,"schedul
2026-07-28T17:10:55.385Z OK #23 /x402/housing-windsor {"property":{"address":"1607 Windsor Rd","city":"Kinston","county":"Lenoir","sta
2026-07-28T17:10:55.385Z OK #23 /x402/housing-windsor {"property":{"address":"1607 Windsor Rd","city":"Kinston","county":"Lenoir","sta
2026-07-28T17:10:57.786Z OK #24 /x402/domain-enrich?domain=example.com {"timestamp":"2026-07-28T17:10:57.699Z","domain":"example.com","ips":["172.66.14
2026-07-28T17:10:57.786Z OK #24 /x402/domain-enrich?domain=example.com {"timestamp":"2026-07-28T17:10:57.699Z","domain":"example.com","ips":["172.66.14
2026-07-28T17:10:59.713Z OK #25 /x402/market?naics=541512 {"source":"usaspending.gov/api/v2","naics":"541512","window":{"start_date":"2023
2026-07-28T17:10:59.713Z OK #25 /x402/market?naics=541512 {"source":"usaspending.gov/api/v2","naics":"541512","window":{"start_date":"2023
2026-07-28T17:11:01.493Z OK #26 /x402/sec-8k?ticker=AAPL {"source":"sec.gov/EDGAR","ticker":"AAPL","company":"Apple Inc.","cik":"320193",
2026-07-28T17:11:01.493Z OK #26 /x402/sec-8k?ticker=AAPL {"source":"sec.gov/EDGAR","ticker":"AAPL","company":"Apple Inc.","cik":"320193",
2026-07-28T17:11:03.542Z OK #27 /x402/fx-rate?base=USD&symbols=EUR {"source":"frankfurter.dev/v2/rates","data":[{"date":"2026-07-28","base":"USD","
2026-07-28T17:11:03.542Z OK #27 /x402/fx-rate?base=USD&symbols=EUR {"source":"frankfurter.dev/v2/rates","data":[{"date":"2026-07-28","base":"USD","
2026-07-28T17:11:05.597Z OK #28 /x402/fx-rate?base=USD&symbols=JPY {"source":"frankfurter.dev/v2/rates","data":[{"date":"2026-07-28","base":"USD","
2026-07-28T17:11:05.597Z OK #28 /x402/fx-rate?base=USD&symbols=JPY {"source":"frankfurter.dev/v2/rates","data":[{"date":"2026-07-28","base":"USD","
2026-07-28T17:11:08.149Z OK #29 /x402/gas-tracker {"timestamp":"2026-07-28T17:11:08.062Z","chains":[{"chain":"ethereum","gas_gwei"
2026-07-28T17:11:08.149Z OK #29 /x402/gas-tracker {"timestamp":"2026-07-28T17:11:08.062Z","chains":[{"chain":"ethereum","gas_gwei"
2026-07-28T17:11:09.593Z OK #30 /x402/web-fetch?url=https://example.com {"timestamp":"2026-07-28T17:11:09.507Z","url":"https://example.com","status":200
2026-07-28T17:11:09.593Z OK #30 /x402/web-fetch?url=https://example.com {"timestamp":"2026-07-28T17:11:09.507Z","url":"https://example.com","status":200
2026-07-28T17:11:11.890Z OK #31 /x402/news-headlines {"timestamp":"2026-07-28T17:11:11.802Z","q":"crypto OR bitcoin OR AI agents","co
2026-07-28T17:11:11.890Z OK #31 /x402/news-headlines {"timestamp":"2026-07-28T17:11:11.802Z","q":"crypto OR bitcoin OR AI agents","co
2026-07-28T17:11:13.887Z OK #32 /x402/grants?keyword=ai {"source":"grants.gov/search2","total":137,"results":[{"id":"363121","number":"P
2026-07-28T17:11:13.887Z OK #32 /x402/grants?keyword=ai {"source":"grants.gov/search2","total":137,"results":[{"id":"363121","number":"P
2026-07-28T17:11:16.045Z OK #33 /x402/treasury-yields {"source":"home.treasury.gov/yield-curve","month":"202607","latest":{"date":"202
2026-07-28T17:11:16.045Z OK #33 /x402/treasury-yields {"source":"home.treasury.gov/yield-curve","month":"202607","latest":{"date":"202
2026-07-28T17:11:17.856Z OK #34 /x402/pha-lookup {"matches":[{"id":"nc-kinston-kha","name":"Kinston Housing Authority","hud_code"
2026-07-28T17:11:17.856Z OK #34 /x402/pha-lookup {"matches":[{"id":"nc-kinston-kha","name":"Kinston Housing Authority","hud_code"
2026-07-28T17:11:19.770Z OK #35 /x402/hcv-fmr {"area":"Lenoir County, NC","year":2025,"bedrooms":4,"fmr_monthly":1497,"schedul
2026-07-28T17:11:19.770Z OK #35 /x402/hcv-fmr {"area":"Lenoir County, NC","year":2025,"bedrooms":4,"fmr_monthly":1497,"schedul
2026-07-28T17:11:21.444Z OK #36 /x402/housing-windsor {"property":{"address":"1607 Windsor Rd","city":"Kinston","county":"Lenoir","sta
2026-07-28T17:11:21.444Z OK #36 /x402/housing-windsor {"property":{"address":"1607 Windsor Rd","city":"Kinston","county":"Lenoir","sta
2026-07-28T17:11:23.645Z OK #37 /x402/domain-enrich?domain=example.com {"timestamp":"2026-07-28T17:11:23.557Z","domain":"example.com","ips":["104.20.23
2026-07-28T17:11:23.645Z OK #37 /x402/domain-enrich?domain=example.com {"timestamp":"2026-07-28T17:11:23.557Z","domain":"example.com","ips":["104.20.23
2026-07-28T17:11:25.883Z OK #38 /x402/market?naics=541512 {"source":"usaspending.gov/api/v2","naics":"541512","window":{"start_date":"2023
2026-07-28T17:11:25.883Z OK #38 /x402/market?naics=541512 {"source":"usaspending.gov/api/v2","naics":"541512","window":{"start_date":"2023
2026-07-28T17:11:27.667Z OK #39 /x402/sec-8k?ticker=AAPL {"source":"sec.gov/EDGAR","ticker":"AAPL","company":"Apple Inc.","cik":"320193",
2026-07-28T17:11:27.667Z OK #39 /x402/sec-8k?ticker=AAPL {"source":"sec.gov/EDGAR","ticker":"AAPL","company":"Apple Inc.","cik":"320193",
2026-07-28T17:11:29.548Z OK #40 /x402/fx-rate?base=USD&symbols=EUR {"source":"frankfurter.dev/v2/rates","data":[{"date":"2026-07-28","base":"USD","
2026-07-28T17:11:29.548Z OK #40 /x402/fx-rate?base=USD&symbols=EUR {"source":"frankfurter.dev/v2/rates","data":[{"date":"2026-07-28","base":"USD","
2026-07-28T17:11:51.488Z START payer_eoa=0x523512A2Ab8aD92d16e6A6eB939811eC9914fA16 USDC=0.465843 rails=0x4e14B249D9A4c9c9352D780eCEB508A8eB7a7700 USDC=6.431 max=500 leave=0.015
2026-07-28T17:11:51.488Z START payer_eoa=0x523512A2Ab8aD92d16e6A6eB939811eC9914fA16 USDC=0.465843 rails=0x4e14B249D9A4c9c9352D780eCEB508A8eB7a7700 USDC=6.431 max=500 leave=0.015
2026-07-28T17:11:51.581Z payer is EOA ✓
2026-07-28T17:11:51.581Z payer is EOA ✓
2026-07-28T17:11:53.624Z OK #1 /x402/fx-rate?base=USD&symbols=EUR {"source":"frankfurter.dev/v2/rates","data":[{"date":"2026-07-28","base":"USD","
2026-07-28T17:11:53.624Z OK #1 /x402/fx-rate?base=USD&symbols=EUR {"source":"frankfurter.dev/v2/rates","data":[{"date":"2026-07-28","base":"USD","
2026-07-28T17:11:55.640Z OK #2 /x402/fx-rate?base=USD&symbols=JPY {"source":"frankfurter.dev/v2/rates","data":[{"date":"2026-07-28","base":"USD","
2026-07-28T17:11:55.640Z OK #2 /x402/fx-rate?base=USD&symbols=JPY {"source":"frankfurter.dev/v2/rates","data":[{"date":"2026-07-28","base":"USD","
2026-07-28T17:11:57.533Z OK #3 /x402/gas-tracker {"timestamp":"2026-07-28T17:11:57.446Z","chains":[{"chain":"ethereum","gas_gwei"
2026-07-28T17:11:57.533Z OK #3 /x402/gas-tracker {"timestamp":"2026-07-28T17:11:57.446Z","chains":[{"chain":"ethereum","gas_gwei"
2026-07-28T17:11:59.583Z OK #4 /x402/web-fetch?url=https://example.com {"timestamp":"2026-07-28T17:11:59.495Z","url":"https://example.com","status":200
2026-07-28T17:11:59.583Z OK #4 /x402/web-fetch?url=https://example.com {"timestamp":"2026-07-28T17:11:59.495Z","url":"https://example.com","status":200
2026-07-28T17:12:01.909Z OK #5 /x402/news-headlines {"timestamp":"2026-07-28T17:12:01.816Z","q":"crypto OR bitcoin OR AI agents","co
2026-07-28T17:12:01.909Z OK #5 /x402/news-headlines {"timestamp":"2026-07-28T17:12:01.816Z","q":"crypto OR bitcoin OR AI agents","co
2026-07-28T17:12:03.975Z OK #6 /x402/grants?keyword=ai {"source":"grants.gov/search2","total":137,"results":[{"id":"363121","number":"P
2026-07-28T17:12:03.975Z OK #6 /x402/grants?keyword=ai {"source":"grants.gov/search2","total":137,"results":[{"id":"363121","number":"P
2026-07-28T17:12:05.451Z OK #7 /x402/treasury-yields {"source":"home.treasury.gov/yield-curve","month":"202607","latest":{"date":"202
2026-07-28T17:12:05.451Z OK #7 /x402/treasury-yields {"source":"home.treasury.gov/yield-curve","month":"202607","latest":{"date":"202
2026-07-28T17:12:07.428Z OK #8 /x402/pha-lookup {"matches":[{"id":"nc-kinston-kha","name":"Kinston Housing Authority","hud_code"
2026-07-28T17:12:07.428Z OK #8 /x402/pha-lookup {"matches":[{"id":"nc-kinston-kha","name":"Kinston Housing Authority","hud_code"
2026-07-28T17:12:09.452Z OK #9 /x402/hcv-fmr {"area":"Lenoir County, NC","year":2025,"bedrooms":4,"fmr_monthly":1497,"schedul
2026-07-28T17:12:09.452Z OK #9 /x402/hcv-fmr {"area":"Lenoir County, NC","year":2025,"bedrooms":4,"fmr_monthly":1497,"schedul
2026-07-28T17:12:11.461Z OK #10 /x402/housing-windsor {"property":{"address":"1607 Windsor Rd","city":"Kinston","county":"Lenoir","sta
2026-07-28T17:12:11.461Z OK #10 /x402/housing-windsor {"property":{"address":"1607 Windsor Rd","city":"Kinston","county":"Lenoir","sta
2026-07-28T17:12:13.678Z OK #11 /x402/domain-enrich?domain=example.com {"timestamp":"2026-07-28T17:12:13.591Z","domain":"example.com","ips":["104.20.23
2026-07-28T17:12:13.678Z OK #11 /x402/domain-enrich?domain=example.com {"timestamp":"2026-07-28T17:12:13.591Z","domain":"example.com","ips":["104.20.23
2026-07-28T17:12:15.927Z OK #12 /x402/market?naics=541512 {"source":"usaspending.gov/api/v2","naics":"541512","window":{"start_date":"2023
2026-07-28T17:12:15.927Z OK #12 /x402/market?naics=541512 {"source":"usaspending.gov/api/v2","naics":"541512","window":{"start_date":"2023
2026-07-28T17:12:17.437Z OK #13 /x402/sec-8k?ticker=AAPL {"source":"sec.gov/EDGAR","ticker":"AAPL","company":"Apple Inc.","cik":"320193",
2026-07-28T17:12:17.437Z OK #13 /x402/sec-8k?ticker=AAPL {"source":"sec.gov/EDGAR","ticker":"AAPL","company":"Apple Inc.","cik":"320193",
2026-07-28T17:12:19.483Z OK #14 /x402/fx-rate?base=USD&symbols=EUR {"source":"frankfurter.dev/v2/rates","data":[{"date":"2026-07-28","base":"USD","
2026-07-28T17:12:19.483Z OK #14 /x402/fx-rate?base=USD&symbols=EUR {"source":"frankfurter.dev/v2/rates","data":[{"date":"2026-07-28","base":"USD","
2026-07-28T17:12:21.583Z OK #15 /x402/fx-rate?base=USD&symbols=JPY {"source":"frankfurter.dev/v2/rates","data":[{"date":"2026-07-28","base":"USD","
2026-07-28T17:12:21.583Z OK #15 /x402/fx-rate?base=USD&symbols=JPY {"source":"frankfurter.dev/v2/rates","data":[{"date":"2026-07-28","base":"USD","
2026-07-28T17:12:23.600Z OK #16 /x402/gas-tracker {"timestamp":"2026-07-28T17:12:23.513Z","chains":[{"chain":"ethereum","gas_gwei"
2026-07-28T17:12:23.600Z OK #16 /x402/gas-tracker {"timestamp":"2026-07-28T17:12:23.513Z","chains":[{"chain":"ethereum","gas_gwei"
2026-07-28T17:12:25.625Z OK #17 /x402/web-fetch?url=https://example.com {"timestamp":"2026-07-28T17:12:25.538Z","url":"https://example.com","status":200
2026-07-28T17:12:25.625Z OK #17 /x402/web-fetch?url=https://example.com {"timestamp":"2026-07-28T17:12:25.538Z","url":"https://example.com","status":200
2026-07-28T17:12:27.622Z OK #18 /x402/news-headlines {"timestamp":"2026-07-28T17:12:27.531Z","q":"crypto OR bitcoin OR AI agents","co
2026-07-28T17:12:27.622Z OK #18 /x402/news-headlines {"timestamp":"2026-07-28T17:12:27.531Z","q":"crypto OR bitcoin OR AI agents","co
2026-07-28T17:12:29.644Z OK #19 /x402/grants?keyword=ai {"source":"grants.gov/search2","total":137,"results":[{"id":"363121","number":"P
2026-07-28T17:12:29.644Z OK #19 /x402/grants?keyword=ai {"source":"grants.gov/search2","total":137,"results":[{"id":"363121","number":"P
2026-07-28T17:12:31.715Z OK #20 /x402/treasury-yields {"source":"home.treasury.gov/yield-curve","month":"202607","latest":{"date":"202
2026-07-28T17:12:31.715Z OK #20 /x402/treasury-yields {"source":"home.treasury.gov/yield-curve","month":"202607","latest":{"date":"202
2026-07-28T17:12:33.405Z OK #21 /x402/pha-lookup {"matches":[{"id":"nc-kinston-kha","name":"Kinston Housing Authority","hud_code"
2026-07-28T17:12:33.405Z OK #21 /x402/pha-lookup {"matches":[{"id":"nc-kinston-kha","name":"Kinston Housing Authority","hud_code"
2026-07-28T17:12:35.422Z OK #22 /x402/hcv-fmr {"area":"Lenoir County, NC","year":2025,"bedrooms":4,"fmr_monthly":1497,"schedul
2026-07-28T17:12:35.422Z OK #22 /x402/hcv-fmr {"area":"Lenoir County, NC","year":2025,"bedrooms":4,"fmr_monthly":1497,"schedul
2026-07-28T17:12:37.483Z OK #23 /x402/housing-windsor {"property":{"address":"1607 Windsor Rd","city":"Kinston","county":"Lenoir","sta
2026-07-28T17:12:37.483Z OK #23 /x402/housing-windsor {"property":{"address":"1607 Windsor Rd","city":"Kinston","county":"Lenoir","sta
2026-07-28T17:12:39.905Z OK #24 /x402/domain-enrich?domain=example.com {"timestamp":"2026-07-28T17:12:39.817Z","domain":"example.com","ips":["172.66.14
2026-07-28T17:12:39.905Z OK #24 /x402/domain-enrich?domain=example.com {"timestamp":"2026-07-28T17:12:39.817Z","domain":"example.com","ips":["172.66.14
2026-07-28T17:12:41.840Z OK #25 /x402/market?naics=541512 {"source":"usaspending.gov/api/v2","naics":"541512","window":{"start_date":"2023
2026-07-28T17:12:41.840Z OK #25 /x402/market?naics=541512 {"source":"usaspending.gov/api/v2","naics":"541512","window":{"start_date":"2023
2026-07-28T17:12:43.692Z OK #26 /x402/sec-8k?ticker=AAPL {"source":"sec.gov/EDGAR","ticker":"AAPL","company":"Apple Inc.","cik":"320193",
2026-07-28T17:12:43.692Z OK #26 /x402/sec-8k?ticker=AAPL {"source":"sec.gov/EDGAR","ticker":"AAPL","company":"Apple Inc.","cik":"320193",
2026-07-28T17:12:45.468Z OK #27 /x402/fx-rate?base=USD&symbols=EUR {"source":"frankfurter.dev/v2/rates","data":[{"date":"2026-07-28","base":"USD","
2026-07-28T17:12:45.468Z OK #27 /x402/fx-rate?base=USD&symbols=EUR {"source":"frankfurter.dev/v2/rates","data":[{"date":"2026-07-28","base":"USD","
2026-07-28T17:12:47.520Z OK #28 /x402/fx-rate?base=USD&symbols=JPY {"source":"frankfurter.dev/v2/rates","data":[{"date":"2026-07-28","base":"USD","
2026-07-28T17:12:47.520Z OK #28 /x402/fx-rate?base=USD&symbols=JPY {"source":"frankfurter.dev/v2/rates","data":[{"date":"2026-07-28","base":"USD","
2026-07-28T17:12:49.654Z OK #29 /x402/gas-tracker {"timestamp":"2026-07-28T17:12:49.568Z","chains":[{"chain":"ethereum","gas_gwei"
2026-07-28T17:12:49.654Z OK #29 /x402/gas-tracker {"timestamp":"2026-07-28T17:12:49.568Z","chains":[{"chain":"ethereum","gas_gwei"
2026-07-28T17:12:51.423Z OK #30 /x402/web-fetch?url=https://example.com {"timestamp":"2026-07-28T17:12:51.334Z","url":"https://example.com","status":200
2026-07-28T17:12:51.423Z OK #30 /x402/web-fetch?url=https://example.com {"timestamp":"2026-07-28T17:12:51.334Z","url":"https://example.com","status":200
2026-07-28T17:12:53.887Z OK #31 /x402/news-headlines {"timestamp":"2026-07-28T17:12:53.795Z","q":"crypto OR bitcoin OR AI agents","co
2026-07-28T17:12:53.887Z OK #31 /x402/news-headlines {"timestamp":"2026-07-28T17:12:53.795Z","q":"crypto OR bitcoin OR AI agents","co
2026-07-28T17:12:56.268Z OK #32 /x402/grants?keyword=ai {"source":"grants.gov/search2","total":137,"results":[{"id":"363121","number":"P
2026-07-28T17:12:56.268Z OK #32 /x402/grants?keyword=ai {"source":"grants.gov/search2","total":137,"results":[{"id":"363121","number":"P
2026-07-28T17:12:57.828Z OK #33 /x402/treasury-yields {"source":"home.treasury.gov/yield-curve","month":"202607","latest":{"date":"202
2026-07-28T17:12:57.828Z OK #33 /x402/treasury-yields {"source":"home.treasury.gov/yield-curve","month":"202607","latest":{"date":"202
2026-07-28T17:12:59.970Z OK #34 /x402/pha-lookup {"matches":[{"id":"nc-kinston-kha","name":"Kinston Housing Authority","hud_code"
2026-07-28T17:12:59.970Z OK #34 /x402/pha-lookup {"matches":[{"id":"nc-kinston-kha","name":"Kinston Housing Authority","hud_code"
2026-07-28T17:13:01.682Z OK #35 /x402/hcv-fmr {"area":"Lenoir County, NC","year":2025,"bedrooms":4,"fmr_monthly":1497,"schedul
2026-07-28T17:13:01.682Z OK #35 /x402/hcv-fmr {"area":"Lenoir County, NC","year":2025,"bedrooms":4,"fmr_monthly":1497,"schedul
2026-07-28T17:13:03.713Z OK #36 /x402/housing-windsor {"property":{"address":"1607 Windsor Rd","city":"Kinston","county":"Lenoir","sta
2026-07-28T17:13:03.713Z OK #36 /x402/housing-windsor {"property":{"address":"1607 Windsor Rd","city":"Kinston","county":"Lenoir","sta
2026-07-28T17:13:05.586Z OK #37 /x402/domain-enrich?domain=example.com {"timestamp":"2026-07-28T17:13:05.500Z","domain":"example.com","ips":["104.20.23
2026-07-28T17:13:05.586Z OK #37 /x402/domain-enrich?domain=example.com {"timestamp":"2026-07-28T17:13:05.500Z","domain":"example.com","ips":["104.20.23
2026-07-28T17:13:07.879Z OK #38 /x402/market?naics=541512 {"source":"usaspending.gov/api/v2","naics":"541512","window":{"start_date":"2023
2026-07-28T17:13:07.879Z OK #38 /x402/market?naics=541512 {"source":"usaspending.gov/api/v2","naics":"541512","window":{"start_date":"2023
2026-07-28T17:13:09.678Z OK #39 /x402/sec-8k?ticker=AAPL {"source":"sec.gov/EDGAR","ticker":"AAPL","company":"Apple Inc.","cik":"320193",
2026-07-28T17:13:09.678Z OK #39 /x402/sec-8k?ticker=AAPL {"source":"sec.gov/EDGAR","ticker":"AAPL","company":"Apple Inc.","cik":"320193",
2026-07-28T17:13:11.522Z OK #40 /x402/fx-rate?base=USD&symbols=EUR {"source":"frankfurter.dev/v2/rates","data":[{"date":"2026-07-28","base":"USD","
2026-07-28T17:13:11.522Z OK #40 /x402/fx-rate?base=USD&symbols=EUR {"source":"frankfurter.dev/v2/rates","data":[{"date":"2026-07-28","base":"USD","
2026-07-28T17:13:13.556Z OK #41 /x402/fx-rate?base=USD&symbols=JPY {"source":"frankfurter.dev/v2/rates","data":[{"date":"2026-07-28","base":"USD","
2026-07-28T17:13:13.556Z OK #41 /x402/fx-rate?base=USD&symbols=JPY {"source":"frankfurter.dev/v2/rates","data":[{"date":"2026-07-28","base":"USD","
2026-07-28T17:13:15.712Z OK #42 /x402/gas-tracker {"timestamp":"2026-07-28T17:13:15.598Z","chains":[{"chain":"ethereum","gas_gwei"
2026-07-28T17:13:15.712Z OK #42 /x402/gas-tracker {"timestamp":"2026-07-28T17:13:15.598Z","chains":[{"chain":"ethereum","gas_gwei"
2026-07-28T17:13:17.502Z OK #43 /x402/web-fetch?url=https://example.com {"timestamp":"2026-07-28T17:13:17.416Z","url":"https://example.com","status":200
2026-07-28T17:13:17.502Z OK #43 /x402/web-fetch?url=https://example.com {"timestamp":"2026-07-28T17:13:17.416Z","url":"https://example.com","status":200
2026-07-28T17:13:19.685Z OK #44 /x402/news-headlines {"timestamp":"2026-07-28T17:13:19.597Z","q":"crypto OR bitcoin OR AI agents","co
2026-07-28T17:13:19.685Z OK #44 /x402/news-headlines {"timestamp":"2026-07-28T17:13:19.597Z","q":"crypto OR bitcoin OR AI agents","co
2026-07-28T17:13:21.976Z OK #45 /x402/grants?keyword=ai {"source":"grants.gov/search2","total":137,"results":[{"id":"363121","number":"P
2026-07-28T17:13:21.976Z OK #45 /x402/grants?keyword=ai {"source":"grants.gov/search2","total":137,"results":[{"id":"363121","number":"P
2026-07-28T17:13:23.769Z OK #46 /x402/treasury-yields {"source":"home.treasury.gov/yield-curve","month":"202607","latest":{"date":"202
2026-07-28T17:13:23.769Z OK #46 /x402/treasury-yields {"source":"home.treasury.gov/yield-curve","month":"202607","latest":{"date":"202
2026-07-28T17:13:25.599Z OK #47 /x402/pha-lookup {"matches":[{"id":"nc-kinston-kha","name":"Kinston Housing Authority","hud_code"
2026-07-28T17:13:25.599Z OK #47 /x402/pha-lookup {"matches":[{"id":"nc-kinston-kha","name":"Kinston Housing Authority","hud_code"
2026-07-28T17:13:27.436Z OK #48 /x402/hcv-fmr {"area":"Lenoir County, NC","year":2025,"bedrooms":4,"fmr_monthly":1497,"schedul
2026-07-28T17:13:27.436Z OK #48 /x402/hcv-fmr {"area":"Lenoir County, NC","year":2025,"bedrooms":4,"fmr_monthly":1497,"schedul
2026-07-28T17:13:29.449Z OK #49 /x402/housing-windsor {"property":{"address":"1607 Windsor Rd","city":"Kinston","county":"Lenoir","sta
2026-07-28T17:13:29.449Z OK #49 /x402/housing-windsor {"property":{"address":"1607 Windsor Rd","city":"Kinston","county":"Lenoir","sta
2026-07-28T17:13:31.780Z OK #50 /x402/domain-enrich?domain=example.com {"timestamp":"2026-07-28T17:13:31.692Z","domain":"example.com","ips":["172.66.14
2026-07-28T17:13:31.780Z OK #50 /x402/domain-enrich?domain=example.com {"timestamp":"2026-07-28T17:13:31.692Z","domain":"example.com","ips":["172.66.14
2026-07-28T17:13:34.026Z OK #51 /x402/market?naics=541512 {"source":"usaspending.gov/api/v2","naics":"541512","window":{"start_date":"2023
2026-07-28T17:13:34.026Z OK #51 /x402/market?naics=541512 {"source":"usaspending.gov/api/v2","naics":"541512","window":{"start_date":"2023
2026-07-28T17:13:35.842Z OK #52 /x402/sec-8k?ticker=AAPL {"source":"sec.gov/EDGAR","ticker":"AAPL","company":"Apple Inc.","cik":"320193",
2026-07-28T17:13:35.842Z OK #52 /x402/sec-8k?ticker=AAPL {"source":"sec.gov/EDGAR","ticker":"AAPL","company":"Apple Inc.","cik":"320193",
2026-07-28T17:13:37.626Z OK #53 /x402/fx-rate?base=USD&symbols=EUR {"source":"frankfurter.dev/v2/rates","data":[{"date":"2026-07-28","base":"USD","
2026-07-28T17:13:37.626Z OK #53 /x402/fx-rate?base=USD&symbols=EUR {"source":"frankfurter.dev/v2/rates","data":[{"date":"2026-07-28","base":"USD","
2026-07-28T17:13:39.666Z OK #54 /x402/fx-rate?base=USD&symbols=JPY {"source":"frankfurter.dev/v2/rates","data":[{"date":"2026-07-28","base":"USD","
2026-07-28T17:13:39.666Z OK #54 /x402/fx-rate?base=USD&symbols=JPY {"source":"frankfurter.dev/v2/rates","data":[{"date":"2026-07-28","base":"USD","
2026-07-28T17:13:41.548Z OK #55 /x402/gas-tracker {"timestamp":"2026-07-28T17:13:41.460Z","chains":[{"chain":"ethereum","gas_gwei"
2026-07-28T17:13:41.548Z OK #55 /x402/gas-tracker {"timestamp":"2026-07-28T17:13:41.460Z","chains":[{"chain":"ethereum","gas_gwei"
2026-07-28T17:13:43.576Z OK #56 /x402/web-fetch?url=https://example.com {"timestamp":"2026-07-28T17:13:43.487Z","url":"https://example.com","status":200
2026-07-28T17:13:43.576Z OK #56 /x402/web-fetch?url=https://example.com {"timestamp":"2026-07-28T17:13:43.487Z","url":"https://example.com","status":200
2026-07-28T17:13:45.781Z OK #57 /x402/news-headlines {"timestamp":"2026-07-28T17:13:45.694Z","q":"crypto OR bitcoin OR AI agents","co
2026-07-28T17:13:45.781Z OK #57 /x402/news-headlines {"timestamp":"2026-07-28T17:13:45.694Z","q":"crypto OR bitcoin OR AI agents","co
2026-07-28T17:13:47.773Z OK #58 /x402/grants?keyword=ai {"source":"grants.gov/search2","total":137,"results":[{"id":"363121","number":"P
2026-07-28T17:13:47.773Z OK #58 /x402/grants?keyword=ai {"source":"grants.gov/search2","total":137,"results":[{"id":"363121","number":"P
2026-07-28T17:13:49.548Z OK #59 /x402/treasury-yields {"source":"home.treasury.gov/yield-curve","month":"202607","latest":{"date":"202
2026-07-28T17:13:49.548Z OK #59 /x402/treasury-yields {"source":"home.treasury.gov/yield-curve","month":"202607","latest":{"date":"202
2026-07-28T17:13:51.527Z OK #60 /x402/pha-lookup {"matches":[{"id":"nc-kinston-kha","name":"Kinston Housing Authority","hud_code"
2026-07-28T17:13:51.527Z OK #60 /x402/pha-lookup {"matches":[{"id":"nc-kinston-kha","name":"Kinston Housing Authority","hud_code"
2026-07-28T17:13:53.540Z OK #61 /x402/hcv-fmr {"area":"Lenoir County, NC","year":2025,"bedrooms":4,"fmr_monthly":1497,"schedul
2026-07-28T17:13:53.540Z OK #61 /x402/hcv-fmr {"area":"Lenoir County, NC","year":2025,"bedrooms":4,"fmr_monthly":1497,"schedul
2026-07-28T17:13:55.532Z OK #62 /x402/housing-windsor {"property":{"address":"1607 Windsor Rd","city":"Kinston","county":"Lenoir","sta
2026-07-28T17:13:55.532Z OK #62 /x402/housing-windsor {"property":{"address":"1607 Windsor Rd","city":"Kinston","county":"Lenoir","sta
2026-07-28T17:13:57.813Z OK #63 /x402/domain-enrich?domain=example.com {"timestamp":"2026-07-28T17:13:57.726Z","domain":"example.com","ips":["104.20.23
2026-07-28T17:13:57.813Z OK #63 /x402/domain-enrich?domain=example.com {"timestamp":"2026-07-28T17:13:57.726Z","domain":"example.com","ips":["104.20.23
2026-07-28T17:13:59.892Z OK #64 /x402/market?naics=541512 {"source":"usaspending.gov/api/v2","naics":"541512","window":{"start_date":"2023
2026-07-28T17:13:59.892Z OK #64 /x402/market?naics=541512 {"source":"usaspending.gov/api/v2","naics":"541512","window":{"start_date":"2023
2026-07-28T17:14:01.754Z OK #65 /x402/sec-8k?ticker=AAPL {"source":"sec.gov/EDGAR","ticker":"AAPL","company":"Apple Inc.","cik":"320193",
2026-07-28T17:14:01.754Z OK #65 /x402/sec-8k?ticker=AAPL {"source":"sec.gov/EDGAR","ticker":"AAPL","company":"Apple Inc.","cik":"320193",
2026-07-28T17:14:03.521Z OK #66 /x402/fx-rate?base=USD&symbols=EUR {"source":"frankfurter.dev/v2/rates","data":[{"date":"2026-07-28","base":"USD","
2026-07-28T17:14:03.521Z OK #66 /x402/fx-rate?base=USD&symbols=EUR {"source":"frankfurter.dev/v2/rates","data":[{"date":"2026-07-28","base":"USD","
2026-07-28T17:14:05.532Z OK #67 /x402/fx-rate?base=USD&symbols=JPY {"source":"frankfurter.dev/v2/rates","data":[{"date":"2026-07-28","base":"USD","
2026-07-28T17:14:05.532Z OK #67 /x402/fx-rate?base=USD&symbols=JPY {"source":"frankfurter.dev/v2/rates","data":[{"date":"2026-07-28","base":"USD","
2026-07-28T17:14:07.654Z OK #68 /x402/gas-tracker {"timestamp":"2026-07-28T17:14:07.566Z","chains":[{"chain":"ethereum","gas_gwei"
2026-07-28T17:14:07.654Z OK #68 /x402/gas-tracker {"timestamp":"2026-07-28T17:14:07.566Z","chains":[{"chain":"ethereum","gas_gwei"
2026-07-28T17:14:09.425Z OK #69 /x402/web-fetch?url=https://example.com {"timestamp":"2026-07-28T17:14:09.337Z","url":"https://example.com","status":200
2026-07-28T17:14:09.425Z OK #69 /x402/web-fetch?url=https://example.com {"timestamp":"2026-07-28T17:14:09.337Z","url":"https://example.com","status":200
2026-07-28T17:14:11.541Z OK #70 /x402/news-headlines {"timestamp":"2026-07-28T17:14:11.454Z","q":"crypto OR bitcoin OR AI agents","co
2026-07-28T17:14:11.541Z OK #70 /x402/news-headlines {"timestamp":"2026-07-28T17:14:11.454Z","q":"crypto OR bitcoin OR AI agents","co
2026-07-28T17:14:13.853Z OK #71 /x402/grants?keyword=ai {"source":"grants.gov/search2","total":137,"results":[{"id":"363121","number":"P
2026-07-28T17:14:13.853Z OK #71 /x402/grants?keyword=ai {"source":"grants.gov/search2","total":137,"results":[{"id":"363121","number":"P
2026-07-28T17:14:15.605Z OK #72 /x402/treasury-yields {"source":"home.treasury.gov/yield-curve","month":"202607","latest":{"date":"202
2026-07-28T17:14:15.605Z OK #72 /x402/treasury-yields {"source":"home.treasury.gov/yield-curve","month":"202607","latest":{"date":"202
2026-07-28T17:14:17.557Z OK #73 /x402/pha-lookup {"matches":[{"id":"nc-kinston-kha","name":"Kinston Housing Authority","hud_code"
2026-07-28T17:14:17.557Z OK #73 /x402/pha-lookup {"matches":[{"id":"nc-kinston-kha","name":"Kinston Housing Authority","hud_code"
2026-07-28T17:14:19.569Z OK #74 /x402/hcv-fmr {"area":"Lenoir County, NC","year":2025,"bedrooms":4,"fmr_monthly":1497,"schedul
2026-07-28T17:14:19.569Z OK #74 /x402/hcv-fmr {"area":"Lenoir County, NC","year":2025,"bedrooms":4,"fmr_monthly":1497,"schedul
2026-07-28T17:14:21.579Z OK #75 /x402/housing-windsor {"property":{"address":"1607 Windsor Rd","city":"Kinston","county":"Lenoir","sta
2026-07-28T17:14:21.579Z OK #75 /x402/housing-windsor {"property":{"address":"1607 Windsor Rd","city":"Kinston","county":"Lenoir","sta
2026-07-28T17:14:23.810Z OK #76 /x402/domain-enrich?domain=example.com {"timestamp":"2026-07-28T17:14:23.723Z","domain":"example.com","ips":["104.20.23
2026-07-28T17:14:23.810Z OK #76 /x402/domain-enrich?domain=example.com {"timestamp":"2026-07-28T17:14:23.723Z","domain":"example.com","ips":["104.20.23
2026-07-28T17:14:25.648Z OK #77 /x402/market?naics=541512 {"source":"usaspending.gov/api/v2","naics":"541512","window":{"start_date":"2023
2026-07-28T17:14:25.648Z OK #77 /x402/market?naics=541512 {"source":"usaspending.gov/api/v2","naics":"541512","window":{"start_date":"2023
2026-07-28T17:14:27.709Z OK #78 /x402/sec-8k?ticker=AAPL {"source":"sec.gov/EDGAR","ticker":"AAPL","company":"Apple Inc.","cik":"320193",
2026-07-28T17:14:27.709Z OK #78 /x402/sec-8k?ticker=AAPL {"source":"sec.gov/EDGAR","ticker":"AAPL","company":"Apple Inc.","cik":"320193",
2026-07-28T17:14:32.798Z OK #79 /x402/fx-rate?base=USD&symbols=EUR {"source":"frankfurter.dev/v2/rates","data":[{"date":"2026-07-28","base":"USD","
2026-07-28T17:14:32.798Z OK #79 /x402/fx-rate?base=USD&symbols=EUR {"source":"frankfurter.dev/v2/rates","data":[{"date":"2026-07-28","base":"USD","
2026-07-28T17:14:34.517Z OK #80 /x402/fx-rate?base=USD&symbols=JPY {"source":"frankfurter.dev/v2/rates","data":[{"date":"2026-07-28","base":"USD","
2026-07-28T17:14:34.517Z OK #80 /x402/fx-rate?base=USD&symbols=JPY {"source":"frankfurter.dev/v2/rates","data":[{"date":"2026-07-28","base":"USD","
2026-07-28T17:14:36.389Z OK #81 /x402/gas-tracker {"timestamp":"2026-07-28T17:14:36.303Z","chains":[{"chain":"ethereum","gas_gwei"
2026-07-28T17:14:36.389Z OK #81 /x402/gas-tracker {"timestamp":"2026-07-28T17:14:36.303Z","chains":[{"chain":"ethereum","gas_gwei"
2026-07-28T17:14:38.132Z OK #82 /x402/web-fetch?url=https://example.com {"timestamp":"2026-07-28T17:14:38.043Z","url":"https://example.com","status":200
2026-07-28T17:14:38.132Z OK #82 /x402/web-fetch?url=https://example.com {"timestamp":"2026-07-28T17:14:38.043Z","url":"https://example.com","status":200
2026-07-28T17:14:39.648Z OK #83 /x402/news-headlines {"timestamp":"2026-07-28T17:14:39.561Z","q":"crypto OR bitcoin OR AI agents","co
2026-07-28T17:14:39.648Z OK #83 /x402/news-headlines {"timestamp":"2026-07-28T17:14:39.561Z","q":"crypto OR bitcoin OR AI agents","co
2026-07-28T17:14:41.951Z OK #84 /x402/grants?keyword=ai {"source":"grants.gov/search2","total":137,"results":[{"id":"363121","number":"P
2026-07-28T17:14:41.951Z OK #84 /x402/grants?keyword=ai {"source":"grants.gov/search2","total":137,"results":[{"id":"363121","number":"P
2026-07-28T17:14:43.778Z OK #85 /x402/treasury-yields {"source":"home.treasury.gov/yield-curve","month":"202607","latest":{"date":"202
2026-07-28T17:14:43.778Z OK #85 /x402/treasury-yields {"source":"home.treasury.gov/yield-curve","month":"202607","latest":{"date":"202
2026-07-28T17:14:45.509Z OK #86 /x402/pha-lookup {"matches":[{"id":"nc-kinston-kha","name":"Kinston Housing Authority","hud_code"
2026-07-28T17:14:45.509Z OK #86 /x402/pha-lookup {"matches":[{"id":"nc-kinston-kha","name":"Kinston Housing Authority","hud_code"
2026-07-28T17:14:47.499Z OK #87 /x402/hcv-fmr {"area":"Lenoir County, NC","year":2025,"bedrooms":4,"fmr_monthly":1497,"schedul
2026-07-28T17:14:47.499Z OK #87 /x402/hcv-fmr {"area":"Lenoir County, NC","year":2025,"bedrooms":4,"fmr_monthly":1497,"schedul
2026-07-28T17:15:04.290Z START payer_eoa=0x523512A2Ab8aD92d16e6A6eB939811eC9914fA16 USDC=0.377843 rails=0x4e14B249D9A4c9c9352D780eCEB508A8eB7a7700 USDC=6.519 max=500 leave=0.015
2026-07-28T17:15:04.290Z START payer_eoa=0x523512A2Ab8aD92d16e6A6eB939811eC9914fA16 USDC=0.377843 rails=0x4e14B249D9A4c9c9352D780eCEB508A8eB7a7700 USDC=6.519 max=500 leave=0.015
2026-07-28T17:15:04.393Z payer is EOA ✓
2026-07-28T17:15:04.393Z payer is EOA ✓
2026-07-28T17:15:06.420Z OK #1 /x402/fx-rate?base=USD&symbols=EUR {"source":"frankfurter.dev/v2/rates","data":[{"date":"2026-07-28","base":"USD","
2026-07-28T17:15:06.420Z OK #1 /x402/fx-rate?base=USD&symbols=EUR {"source":"frankfurter.dev/v2/rates","data":[{"date":"2026-07-28","base":"USD","
2026-07-28T17:15:07.959Z OK #2 /x402/fx-rate?base=USD&symbols=JPY {"source":"frankfurter.dev/v2/rates","data":[{"date":"2026-07-28","base":"USD","
2026-07-28T17:15:07.959Z OK #2 /x402/fx-rate?base=USD&symbols=JPY {"source":"frankfurter.dev/v2/rates","data":[{"date":"2026-07-28","base":"USD","
2026-07-28T17:15:10.226Z OK #3 /x402/gas-tracker {"timestamp":"2026-07-28T17:15:10.131Z","chains":[{"chain":"ethereum","gas_gwei"
2026-07-28T17:15:10.226Z OK #3 /x402/gas-tracker {"timestamp":"2026-07-28T17:15:10.131Z","chains":[{"chain":"ethereum","gas_gwei"
2026-07-28T17:15:11.953Z OK #4 /x402/web-fetch?url=https://example.com {"timestamp":"2026-07-28T17:15:11.854Z","url":"https://example.com","status":200
2026-07-28T17:15:11.953Z OK #4 /x402/web-fetch?url=https://example.com {"timestamp":"2026-07-28T17:15:11.854Z","url":"https://example.com","status":200
2026-07-28T17:15:14.155Z OK #5 /x402/news-headlines {"timestamp":"2026-07-28T17:15:14.058Z","q":"crypto OR bitcoin OR AI agents","co
2026-07-28T17:15:14.155Z OK #5 /x402/news-headlines {"timestamp":"2026-07-28T17:15:14.058Z","q":"crypto OR bitcoin OR AI agents","co
2026-07-28T17:15:16.156Z OK #6 /x402/grants?keyword=ai {"source":"grants.gov/search2","total":137,"results":[{"id":"363121","number":"P
2026-07-28T17:15:16.156Z OK #6 /x402/grants?keyword=ai {"source":"grants.gov/search2","total":137,"results":[{"id":"363121","number":"P
2026-07-28T17:15:17.644Z OK #7 /x402/treasury-yields {"source":"home.treasury.gov/yield-curve","month":"202607","latest":{"date":"202
2026-07-28T17:15:17.644Z OK #7 /x402/treasury-yields {"source":"home.treasury.gov/yield-curve","month":"202607","latest":{"date":"202
2026-07-28T17:15:19.338Z OK #8 /x402/pha-lookup {"matches":[{"id":"nc-kinston-kha","name":"Kinston Housing Authority","hud_code"
2026-07-28T17:15:19.338Z OK #8 /x402/pha-lookup {"matches":[{"id":"nc-kinston-kha","name":"Kinston Housing Authority","hud_code"
2026-07-28T17:15:21.403Z OK #9 /x402/hcv-fmr {"area":"Lenoir County, NC","year":2025,"bedrooms":4,"fmr_monthly":1497,"schedul
2026-07-28T17:15:21.403Z OK #9 /x402/hcv-fmr {"area":"Lenoir County, NC","year":2025,"bedrooms":4,"fmr_monthly":1497,"schedul
2026-07-28T17:15:23.444Z OK #10 /x402/housing-windsor {"property":{"address":"1607 Windsor Rd","city":"Kinston","county":"Lenoir","sta
2026-07-28T17:15:23.444Z OK #10 /x402/housing-windsor {"property":{"address":"1607 Windsor Rd","city":"Kinston","county":"Lenoir","sta
2026-07-28T17:15:25.646Z OK #11 /x402/domain-enrich?domain=example.com {"timestamp":"2026-07-28T17:15:25.551Z","domain":"example.com","ips":["104.20.23
2026-07-28T17:15:25.646Z OK #11 /x402/domain-enrich?domain=example.com {"timestamp":"2026-07-28T17:15:25.551Z","domain":"example.com","ips":["104.20.23
2026-07-28T17:15:27.869Z OK #12 /x402/market?naics=541512 {"source":"usaspending.gov/api/v2","naics":"541512","window":{"start_date":"2023
2026-07-28T17:15:27.869Z OK #12 /x402/market?naics=541512 {"source":"usaspending.gov/api/v2","naics":"541512","window":{"start_date":"2023
2026-07-28T17:15:29.336Z OK #13 /x402/sec-8k?ticker=AAPL {"source":"sec.gov/EDGAR","ticker":"AAPL","company":"Apple Inc.","cik":"320193",
2026-07-28T17:15:29.336Z OK #13 /x402/sec-8k?ticker=AAPL {"source":"sec.gov/EDGAR","ticker":"AAPL","company":"Apple Inc.","cik":"320193",
2026-07-28T17:15:31.038Z OK #14 /x402/fx-rate?base=USD&symbols=EUR {"source":"frankfurter.dev/v2/rates","data":[{"date":"2026-07-28","base":"USD","
2026-07-28T17:15:31.038Z OK #14 /x402/fx-rate?base=USD&symbols=EUR {"source":"frankfurter.dev/v2/rates","data":[{"date":"2026-07-28","base":"USD","
2026-07-28T17:15:32.897Z OK #15 /x402/fx-rate?base=USD&symbols=JPY {"source":"frankfurter.dev/v2/rates","data":[{"date":"2026-07-28","base":"USD","
2026-07-28T17:15:32.897Z OK #15 /x402/fx-rate?base=USD&symbols=JPY {"source":"frankfurter.dev/v2/rates","data":[{"date":"2026-07-28","base":"USD","
2026-07-28T17:15:34.873Z OK #16 /x402/gas-tracker {"timestamp":"2026-07-28T17:15:34.779Z","chains":[{"chain":"ethereum","gas_gwei"
2026-07-28T17:15:34.873Z OK #16 /x402/gas-tracker {"timestamp":"2026-07-28T17:15:34.779Z","chains":[{"chain":"ethereum","gas_gwei"
2026-07-28T17:15:36.512Z OK #17 /x402/web-fetch?url=https://example.com {"timestamp":"2026-07-28T17:15:36.417Z","url":"https://example.com","status":200
2026-07-28T17:15:36.512Z OK #17 /x402/web-fetch?url=https://example.com {"timestamp":"2026-07-28T17:15:36.417Z","url":"https://example.com","status":200
2026-07-28T17:15:38.273Z OK #18 /x402/news-headlines {"timestamp":"2026-07-28T17:15:38.178Z","q":"crypto OR bitcoin OR AI agents","co
2026-07-28T17:15:38.273Z OK #18 /x402/news-headlines {"timestamp":"2026-07-28T17:15:38.178Z","q":"crypto OR bitcoin OR AI agents","co
2026-07-28T17:15:40.280Z OK #19 /x402/grants?keyword=ai {"source":"grants.gov/search2","total":137,"results":[{"id":"363121","number":"P
2026-07-28T17:15:40.280Z OK #19 /x402/grants?keyword=ai {"source":"grants.gov/search2","total":137,"results":[{"id":"363121","number":"P
2026-07-28T17:15:41.776Z OK #20 /x402/treasury-yields {"source":"home.treasury.gov/yield-curve","month":"202607","latest":{"date":"202
2026-07-28T17:15:41.776Z OK #20 /x402/treasury-yields {"source":"home.treasury.gov/yield-curve","month":"202607","latest":{"date":"202
2026-07-28T17:15:43.465Z OK #21 /x402/pha-lookup {"matches":[{"id":"nc-kinston-kha","name":"Kinston Housing Authority","hud_code"
2026-07-28T17:15:43.465Z OK #21 /x402/pha-lookup {"matches":[{"id":"nc-kinston-kha","name":"Kinston Housing Authority","hud_code"
2026-07-28T17:15:45.449Z OK #22 /x402/hcv-fmr {"area":"Lenoir County, NC","year":2025,"bedrooms":4,"fmr_monthly":1497,"schedul
2026-07-28T17:15:45.449Z OK #22 /x402/hcv-fmr {"area":"Lenoir County, NC","year":2025,"bedrooms":4,"fmr_monthly":1497,"schedul
2026-07-28T17:15:47.549Z OK #23 /x402/housing-windsor {"property":{"address":"1607 Windsor Rd","city":"Kinston","county":"Lenoir","sta
2026-07-28T17:15:47.549Z OK #23 /x402/housing-windsor {"property":{"address":"1607 Windsor Rd","city":"Kinston","county":"Lenoir","sta
2026-07-28T17:15:49.853Z OK #24 /x402/domain-enrich?domain=example.com {"timestamp":"2026-07-28T17:15:49.757Z","domain":"example.com","ips":["172.66.14
2026-07-28T17:15:49.853Z OK #24 /x402/domain-enrich?domain=example.com {"timestamp":"2026-07-28T17:15:49.757Z","domain":"example.com","ips":["172.66.14
2026-07-28T17:15:51.731Z OK #25 /x402/market?naics=541512 {"source":"usaspending.gov/api/v2","naics":"541512","window":{"start_date":"2023
2026-07-28T17:15:51.731Z OK #25 /x402/market?naics=541512 {"source":"usaspending.gov/api/v2","naics":"541512","window":{"start_date":"2023
2026-07-28T17:15:53.952Z OK #26 /x402/sec-8k?ticker=AAPL {"source":"sec.gov/EDGAR","ticker":"AAPL","company":"Apple Inc.","cik":"320193",
2026-07-28T17:15:53.952Z OK #26 /x402/sec-8k?ticker=AAPL {"source":"sec.gov/EDGAR","ticker":"AAPL","company":"Apple Inc.","cik":"320193",
2026-07-28T17:15:55.415Z OK #27 /x402/fx-rate?base=USD&symbols=EUR {"source":"frankfurter.dev/v2/rates","data":[{"date":"2026-07-28","base":"USD","
2026-07-28T17:15:55.415Z OK #27 /x402/fx-rate?base=USD&symbols=EUR {"source":"frankfurter.dev/v2/rates","data":[{"date":"2026-07-28","base":"USD","
2026-07-28T17:15:57.348Z OK #28 /x402/fx-rate?base=USD&symbols=JPY {"source":"frankfurter.dev/v2/rates","data":[{"date":"2026-07-28","base":"USD","
2026-07-28T17:15:57.348Z OK #28 /x402/fx-rate?base=USD&symbols=JPY {"source":"frankfurter.dev/v2/rates","data":[{"date":"2026-07-28","base":"USD","
2026-07-28T17:15:59.185Z OK #29 /x402/gas-tracker {"timestamp":"2026-07-28T17:15:59.099Z","chains":[{"chain":"ethereum","gas_gwei"
2026-07-28T17:15:59.185Z OK #29 /x402/gas-tracker {"timestamp":"2026-07-28T17:15:59.099Z","chains":[{"chain":"ethereum","gas_gwei"
2026-07-28T17:16:01.873Z OK #30 /x402/web-fetch?url=https://example.com {"timestamp":"2026-07-28T17:16:01.778Z","url":"https://example.com","status":200
2026-07-28T17:16:01.873Z OK #30 /x402/web-fetch?url=https://example.com {"timestamp":"2026-07-28T17:16:01.778Z","url":"https://example.com","status":200
2026-07-28T17:16:03.683Z OK #31 /x402/news-headlines {"timestamp":"2026-07-28T17:16:03.591Z","q":"crypto OR bitcoin OR AI agents","co
2026-07-28T17:16:03.683Z OK #31 /x402/news-headlines {"timestamp":"2026-07-28T17:16:03.591Z","q":"crypto OR bitcoin OR AI agents","co
2026-07-28T17:16:05.730Z OK #32 /x402/grants?keyword=ai {"source":"grants.gov/search2","total":137,"results":[{"id":"363121","number":"P
2026-07-28T17:16:05.730Z OK #32 /x402/grants?keyword=ai {"source":"grants.gov/search2","total":137,"results":[{"id":"363121","number":"P
2026-07-28T17:16:07.330Z OK #33 /x402/treasury-yields {"source":"home.treasury.gov/yield-curve","month":"202607","latest":{"date":"202
2026-07-28T17:16:07.330Z OK #33 /x402/treasury-yields {"source":"home.treasury.gov/yield-curve","month":"202607","latest":{"date":"202
2026-07-28T17:16:08.983Z OK #34 /x402/pha-lookup {"matches":[{"id":"nc-kinston-kha","name":"Kinston Housing Authority","hud_code"
2026-07-28T17:16:08.983Z OK #34 /x402/pha-lookup {"matches":[{"id":"nc-kinston-kha","name":"Kinston Housing Authority","hud_code"
2026-07-28T17:16:10.707Z OK #35 /x402/hcv-fmr {"area":"Lenoir County, NC","year":2025,"bedrooms":4,"fmr_monthly":1497,"schedul
2026-07-28T17:16:10.707Z OK #35 /x402/hcv-fmr {"area":"Lenoir County, NC","year":2025,"bedrooms":4,"fmr_monthly":1497,"schedul
2026-07-28T17:16:12.387Z OK #36 /x402/housing-windsor {"property":{"address":"1607 Windsor Rd","city":"Kinston","county":"Lenoir","sta
2026-07-28T17:16:12.387Z OK #36 /x402/housing-windsor {"property":{"address":"1607 Windsor Rd","city":"Kinston","county":"Lenoir","sta
2026-07-28T17:16:14.287Z OK #37 /x402/domain-enrich?domain=example.com {"timestamp":"2026-07-28T17:16:14.190Z","domain":"example.com","ips":["172.66.14
2026-07-28T17:16:14.287Z OK #37 /x402/domain-enrich?domain=example.com {"timestamp":"2026-07-28T17:16:14.190Z","domain":"example.com","ips":["172.66.14
2026-07-28T17:16:16.167Z OK #38 /x402/market?naics=541512 {"source":"usaspending.gov/api/v2","naics":"541512","window":{"start_date":"2023
2026-07-28T17:16:16.167Z OK #38 /x402/market?naics=541512 {"source":"usaspending.gov/api/v2","naics":"541512","window":{"start_date":"2023
2026-07-28T17:16:17.673Z OK #39 /x402/sec-8k?ticker=AAPL {"source":"sec.gov/EDGAR","ticker":"AAPL","company":"Apple Inc.","cik":"320193",
2026-07-28T17:16:17.673Z OK #39 /x402/sec-8k?ticker=AAPL {"source":"sec.gov/EDGAR","ticker":"AAPL","company":"Apple Inc.","cik":"320193",
2026-07-28T17:16:19.474Z OK #40 /x402/fx-rate?base=USD&symbols=EUR {"source":"frankfurter.dev/v2/rates","data":[{"date":"2026-07-28","base":"USD","
2026-07-28T17:16:19.474Z OK #40 /x402/fx-rate?base=USD&symbols=EUR {"source":"frankfurter.dev/v2/rates","data":[{"date":"2026-07-28","base":"USD","
2026-07-28T17:16:21.517Z OK #41 /x402/fx-rate?base=USD&symbols=JPY {"source":"frankfurter.dev/v2/rates","data":[{"date":"2026-07-28","base":"USD","
2026-07-28T17:16:21.517Z OK #41 /x402/fx-rate?base=USD&symbols=JPY {"source":"frankfurter.dev/v2/rates","data":[{"date":"2026-07-28","base":"USD","
2026-07-28T17:16:23.823Z OK #42 /x402/gas-tracker {"timestamp":"2026-07-28T17:16:23.727Z","chains":[{"chain":"ethereum","gas_gwei"
2026-07-28T17:16:23.823Z OK #42 /x402/gas-tracker {"timestamp":"2026-07-28T17:16:23.727Z","chains":[{"chain":"ethereum","gas_gwei"
2026-07-28T17:16:25.783Z OK #43 /x402/web-fetch?url=https://example.com {"timestamp":"2026-07-28T17:16:25.689Z","url":"https://example.com","status":200
2026-07-28T17:16:25.783Z OK #43 /x402/web-fetch?url=https://example.com {"timestamp":"2026-07-28T17:16:25.689Z","url":"https://example.com","status":200
2026-07-28T17:16:27.598Z OK #44 /x402/news-headlines {"timestamp":"2026-07-28T17:16:27.503Z","q":"crypto OR bitcoin OR AI agents","co
2026-07-28T17:16:27.598Z OK #44 /x402/news-headlines {"timestamp":"2026-07-28T17:16:27.503Z","q":"crypto OR bitcoin OR AI agents","co
2026-07-28T17:16:29.911Z OK #45 /x402/grants?keyword=ai {"source":"grants.gov/search2","total":137,"results":[{"id":"363121","number":"P
2026-07-28T17:16:29.911Z OK #45 /x402/grants?keyword=ai {"source":"grants.gov/search2","total":137,"results":[{"id":"363121","number":"P
2026-07-28T17:16:31.716Z OK #46 /x402/treasury-yields {"source":"home.treasury.gov/yield-curve","month":"202607","latest":{"date":"202
2026-07-28T17:16:31.716Z OK #46 /x402/treasury-yields {"source":"home.treasury.gov/yield-curve","month":"202607","latest":{"date":"202
2026-07-28T17:16:33.364Z OK #47 /x402/pha-lookup {"matches":[{"id":"nc-kinston-kha","name":"Kinston Housing Authority","hud_code"
2026-07-28T17:16:33.364Z OK #47 /x402/pha-lookup {"matches":[{"id":"nc-kinston-kha","name":"Kinston Housing Authority","hud_code"
2026-07-28T17:16:34.758Z OK #48 /x402/hcv-fmr {"area":"Lenoir County, NC","year":2025,"bedrooms":4,"fmr_monthly":1497,"schedul
2026-07-28T17:16:34.758Z OK #48 /x402/hcv-fmr {"area":"Lenoir County, NC","year":2025,"bedrooms":4,"fmr_monthly":1497,"schedul
2026-07-28T17:16:36.367Z OK #49 /x402/housing-windsor {"property":{"address":"1607 Windsor Rd","city":"Kinston","county":"Lenoir","sta
2026-07-28T17:16:36.367Z OK #49 /x402/housing-windsor {"property":{"address":"1607 Windsor Rd","city":"Kinston","county":"Lenoir","sta
2026-07-28T17:16:38.363Z OK #50 /x402/domain-enrich?domain=example.com {"timestamp":"2026-07-28T17:16:38.268Z","domain":"example.com","ips":["172.66.14
2026-07-28T17:16:38.363Z OK #50 /x402/domain-enrich?domain=example.com {"timestamp":"2026-07-28T17:16:38.268Z","domain":"example.com","ips":["172.66.14
2026-07-28T17:16:40.505Z OK #51 /x402/market?naics=541512 {"source":"usaspending.gov/api/v2","naics":"541512","window":{"start_date":"2023
2026-07-28T17:16:40.505Z OK #51 /x402/market?naics=541512 {"source":"usaspending.gov/api/v2","naics":"541512","window":{"start_date":"2023
2026-07-28T17:16:42.319Z OK #52 /x402/sec-8k?ticker=AAPL {"source":"sec.gov/EDGAR","ticker":"AAPL","company":"Apple Inc.","cik":"320193",
2026-07-28T17:16:42.319Z OK #52 /x402/sec-8k?ticker=AAPL {"source":"sec.gov/EDGAR","ticker":"AAPL","company":"Apple Inc.","cik":"320193",
2026-07-28T17:16:44.000Z OK #53 /x402/fx-rate?base=USD&symbols=EUR {"source":"frankfurter.dev/v2/rates","data":[{"date":"2026-07-28","base":"USD","
2026-07-28T17:16:44.000Z OK #53 /x402/fx-rate?base=USD&symbols=EUR {"source":"frankfurter.dev/v2/rates","data":[{"date":"2026-07-28","base":"USD","
2026-07-28T17:16:45.668Z OK #54 /x402/fx-rate?base=USD&symbols=JPY {"source":"frankfurter.dev/v2/rates","data":[{"date":"2026-07-28","base":"USD","
2026-07-28T17:16:45.668Z OK #54 /x402/fx-rate?base=USD&symbols=JPY {"source":"frankfurter.dev/v2/rates","data":[{"date":"2026-07-28","base":"USD","
2026-07-28T17:16:47.545Z OK #55 /x402/gas-tracker {"timestamp":"2026-07-28T17:16:47.450Z","chains":[{"chain":"ethereum","gas_gwei"
2026-07-28T17:16:47.545Z OK #55 /x402/gas-tracker {"timestamp":"2026-07-28T17:16:47.450Z","chains":[{"chain":"ethereum","gas_gwei"
2026-07-28T17:16:49.565Z OK #56 /x402/web-fetch?url=https://example.com {"timestamp":"2026-07-28T17:16:49.477Z","url":"https://example.com","status":200
2026-07-28T17:16:49.565Z OK #56 /x402/web-fetch?url=https://example.com {"timestamp":"2026-07-28T17:16:49.477Z","url":"https://example.com","status":200
2026-07-28T17:16:51.661Z OK #57 /x402/news-headlines {"timestamp":"2026-07-28T17:16:51.565Z","q":"crypto OR bitcoin OR AI agents","co
2026-07-28T17:16:51.661Z OK #57 /x402/news-headlines {"timestamp":"2026-07-28T17:16:51.565Z","q":"crypto OR bitcoin OR AI agents","co
2026-07-28T17:16:53.897Z OK #58 /x402/grants?keyword=ai {"source":"grants.gov/search2","total":137,"results":[{"id":"363121","number":"P
2026-07-28T17:16:53.897Z OK #58 /x402/grants?keyword=ai {"source":"grants.gov/search2","total":137,"results":[{"id":"363121","number":"P
2026-07-28T17:16:55.329Z OK #59 /x402/treasury-yields {"source":"home.treasury.gov/yield-curve","month":"202607","latest":{"date":"202
2026-07-28T17:16:55.329Z OK #59 /x402/treasury-yields {"source":"home.treasury.gov/yield-curve","month":"202607","latest":{"date":"202
2026-07-28T17:16:57.671Z OK #60 /x402/pha-lookup {"matches":[{"id":"nc-kinston-kha","name":"Kinston Housing Authority","hud_code"
2026-07-28T17:16:57.671Z OK #60 /x402/pha-lookup {"matches":[{"id":"nc-kinston-kha","name":"Kinston Housing Authority","hud_code"
2026-07-28T17:16:59.736Z OK #61 /x402/hcv-fmr {"area":"Lenoir County, NC","year":2025,"bedrooms":4,"fmr_monthly":1497,"schedul
2026-07-28T17:16:59.736Z OK #61 /x402/hcv-fmr {"area":"Lenoir County, NC","year":2025,"bedrooms":4,"fmr_monthly":1497,"schedul
2026-07-28T17:17:01.551Z OK #62 /x402/housing-windsor {"property":{"address":"1607 Windsor Rd","city":"Kinston","county":"Lenoir","sta
2026-07-28T17:17:01.551Z OK #62 /x402/housing-windsor {"property":{"address":"1607 Windsor Rd","city":"Kinston","county":"Lenoir","sta
2026-07-28T17:17:03.801Z OK #63 /x402/domain-enrich?domain=example.com {"timestamp":"2026-07-28T17:17:03.706Z","domain":"example.com","ips":["172.66.14
2026-07-28T17:17:03.801Z OK #63 /x402/domain-enrich?domain=example.com {"timestamp":"2026-07-28T17:17:03.706Z","domain":"example.com","ips":["172.66.14
2026-07-28T17:17:05.683Z OK #64 /x402/market?naics=541512 {"source":"usaspending.gov/api/v2","naics":"541512","window":{"start_date":"2023
2026-07-28T17:17:05.683Z OK #64 /x402/market?naics=541512 {"source":"usaspending.gov/api/v2","naics":"541512","window":{"start_date":"2023
2026-07-28T17:17:07.425Z OK #65 /x402/sec-8k?ticker=AAPL {"source":"sec.gov/EDGAR","ticker":"AAPL","company":"Apple Inc.","cik":"320193",
2026-07-28T17:17:07.425Z OK #65 /x402/sec-8k?ticker=AAPL {"source":"sec.gov/EDGAR","ticker":"AAPL","company":"Apple Inc.","cik":"320193",
2026-07-28T17:17:09.459Z OK #66 /x402/fx-rate?base=USD&symbols=EUR {"source":"frankfurter.dev/v2/rates","data":[{"date":"2026-07-28","base":"USD","
2026-07-28T17:17:09.459Z OK #66 /x402/fx-rate?base=USD&symbols=EUR {"source":"frankfurter.dev/v2/rates","data":[{"date":"2026-07-28","base":"USD","
2026-07-28T17:17:11.597Z OK #67 /x402/fx-rate?base=USD&symbols=JPY {"source":"frankfurter.dev/v2/rates","data":[{"date":"2026-07-28","base":"USD","
2026-07-28T17:17:11.597Z OK #67 /x402/fx-rate?base=USD&symbols=JPY {"source":"frankfurter.dev/v2/rates","data":[{"date":"2026-07-28","base":"USD","
2026-07-28T17:17:13.669Z OK #68 /x402/gas-tracker {"timestamp":"2026-07-28T17:17:13.578Z","chains":[{"chain":"ethereum","gas_gwei"
2026-07-28T17:17:13.669Z OK #68 /x402/gas-tracker {"timestamp":"2026-07-28T17:17:13.578Z","chains":[{"chain":"ethereum","gas_gwei"
2026-07-28T17:17:15.418Z OK #69 /x402/web-fetch?url=https://example.com {"timestamp":"2026-07-28T17:17:15.324Z","url":"https://example.com","status":200
2026-07-28T17:17:15.418Z OK #69 /x402/web-fetch?url=https://example.com {"timestamp":"2026-07-28T17:17:15.324Z","url":"https://example.com","status":200
2026-07-28T17:17:17.842Z OK #70 /x402/news-headlines {"timestamp":"2026-07-28T17:17:17.752Z","q":"crypto OR bitcoin OR AI agents","co
2026-07-28T17:17:17.842Z OK #70 /x402/news-headlines {"timestamp":"2026-07-28T17:17:17.752Z","q":"crypto OR bitcoin OR AI agents","co
2026-07-28T17:17:19.821Z OK #71 /x402/grants?keyword=ai {"source":"grants.gov/search2","total":137,"results":[{"id":"363121","number":"P
2026-07-28T17:17:19.821Z OK #71 /x402/grants?keyword=ai {"source":"grants.gov/search2","total":137,"results":[{"id":"363121","number":"P
2026-07-28T17:17:21.569Z OK #72 /x402/treasury-yields {"source":"home.treasury.gov/yield-curve","month":"202607","latest":{"date":"202
2026-07-28T17:17:21.569Z OK #72 /x402/treasury-yields {"source":"home.treasury.gov/yield-curve","month":"202607","latest":{"date":"202
2026-07-28T17:17:23.592Z OK #73 /x402/pha-lookup {"matches":[{"id":"nc-kinston-kha","name":"Kinston Housing Authority","hud_code"
2026-07-28T17:17:23.592Z OK #73 /x402/pha-lookup {"matches":[{"id":"nc-kinston-kha","name":"Kinston Housing Authority","hud_code"
2026-07-28T17:17:25.554Z OK #74 /x402/hcv-fmr {"area":"Lenoir County, NC","year":2025,"bedrooms":4,"fmr_monthly":1497,"schedul
2026-07-28T17:17:25.554Z OK #74 /x402/hcv-fmr {"area":"Lenoir County, NC","year":2025,"bedrooms":4,"fmr_monthly":1497,"schedul
2026-07-28T17:17:27.583Z OK #75 /x402/housing-windsor {"property":{"address":"1607 Windsor Rd","city":"Kinston","county":"Lenoir","sta
2026-07-28T17:17:27.583Z OK #75 /x402/housing-windsor {"property":{"address":"1607 Windsor Rd","city":"Kinston","county":"Lenoir","sta
2026-07-28T17:17:29.732Z OK #76 /x402/domain-enrich?domain=example.com {"timestamp":"2026-07-28T17:17:29.637Z","domain":"example.com","ips":["104.20.23
2026-07-28T17:17:29.732Z OK #76 /x402/domain-enrich?domain=example.com {"timestamp":"2026-07-28T17:17:29.637Z","domain":"example.com","ips":["104.20.23
2026-07-28T17:17:31.637Z OK #77 /x402/market?naics=541512 {"source":"usaspending.gov/api/v2","naics":"541512","window":{"start_date":"2023
2026-07-28T17:17:31.637Z OK #77 /x402/market?naics=541512 {"source":"usaspending.gov/api/v2","naics":"541512","window":{"start_date":"2023
2026-07-28T17:17:33.807Z OK #78 /x402/sec-8k?ticker=AAPL {"source":"sec.gov/EDGAR","ticker":"AAPL","company":"Apple Inc.","cik":"320193",
2026-07-28T17:17:33.807Z OK #78 /x402/sec-8k?ticker=AAPL {"source":"sec.gov/EDGAR","ticker":"AAPL","company":"Apple Inc.","cik":"320193",
2026-07-28T17:17:35.539Z OK #79 /x402/fx-rate?base=USD&symbols=EUR {"source":"frankfurter.dev/v2/rates","data":[{"date":"2026-07-28","base":"USD","
2026-07-28T17:17:35.539Z OK #79 /x402/fx-rate?base=USD&symbols=EUR {"source":"frankfurter.dev/v2/rates","data":[{"date":"2026-07-28","base":"USD","
2026-07-28T17:17:37.624Z OK #80 /x402/fx-rate?base=USD&symbols=JPY {"source":"frankfurter.dev/v2/rates","data":[{"date":"2026-07-28","base":"USD","
2026-07-28T17:17:37.624Z OK #80 /x402/fx-rate?base=USD&symbols=JPY {"source":"frankfurter.dev/v2/rates","data":[{"date":"2026-07-28","base":"USD","
2026-07-28T17:17:39.687Z OK #81 /x402/gas-tracker {"timestamp":"2026-07-28T17:17:39.592Z","chains":[{"chain":"ethereum","gas_gwei"
2026-07-28T17:17:39.687Z OK #81 /x402/gas-tracker {"timestamp":"2026-07-28T17:17:39.592Z","chains":[{"chain":"ethereum","gas_gwei"
2026-07-28T17:17:41.674Z OK #82 /x402/web-fetch?url=https://example.com {"timestamp":"2026-07-28T17:17:41.586Z","url":"https://example.com","status":200
2026-07-28T17:17:41.674Z OK #82 /x402/web-fetch?url=https://example.com {"timestamp":"2026-07-28T17:17:41.586Z","url":"https://example.com","status":200
2026-07-28T17:17:43.980Z OK #83 /x402/news-headlines {"timestamp":"2026-07-28T17:17:43.884Z","q":"crypto OR bitcoin OR AI agents","co
2026-07-28T17:17:43.980Z OK #83 /x402/news-headlines {"timestamp":"2026-07-28T17:17:43.884Z","q":"crypto OR bitcoin OR AI agents","co
2026-07-28T17:17:46.015Z OK #84 /x402/grants?keyword=ai {"source":"grants.gov/search2","total":137,"results":[{"id":"363121","number":"P
2026-07-28T17:17:46.015Z OK #84 /x402/grants?keyword=ai {"source":"grants.gov/search2","total":137,"results":[{"id":"363121","number":"P
2026-07-28T17:17:47.753Z OK #85 /x402/treasury-yields {"source":"home.treasury.gov/yield-curve","month":"202607","latest":{"date":"202
2026-07-28T17:17:47.753Z OK #85 /x402/treasury-yields {"source":"home.treasury.gov/yield-curve","month":"202607","latest":{"date":"202
2026-07-28T17:17:49.383Z OK #86 /x402/pha-lookup {"matches":[{"id":"nc-kinston-kha","name":"Kinston Housing Authority","hud_code"
2026-07-28T17:17:49.383Z OK #86 /x402/pha-lookup {"matches":[{"id":"nc-kinston-kha","name":"Kinston Housing Authority","hud_code"
2026-07-28T17:17:51.366Z OK #87 /x402/hcv-fmr {"area":"Lenoir County, NC","year":2025,"bedrooms":4,"fmr_monthly":1497,"schedul
2026-07-28T17:17:51.366Z OK #87 /x402/hcv-fmr {"area":"Lenoir County, NC","year":2025,"bedrooms":4,"fmr_monthly":1497,"schedul
2026-07-28T17:17:53.884Z OK #88 /x402/housing-windsor {"property":{"address":"1607 Windsor Rd","city":"Kinston","county":"Lenoir","sta
2026-07-28T17:17:53.884Z OK #88 /x402/housing-windsor {"property":{"address":"1607 Windsor Rd","city":"Kinston","county":"Lenoir","sta
2026-07-28T17:17:55.496Z OK #89 /x402/domain-enrich?domain=example.com {"timestamp":"2026-07-28T17:17:55.401Z","domain":"example.com","ips":["104.20.23
2026-07-28T17:17:55.496Z OK #89 /x402/domain-enrich?domain=example.com {"timestamp":"2026-07-28T17:17:55.401Z","domain":"example.com","ips":["104.20.23
2026-07-28T17:17:57.649Z OK #90 /x402/market?naics=541512 {"source":"usaspending.gov/api/v2","naics":"541512","window":{"start_date":"2023
2026-07-28T17:17:57.649Z OK #90 /x402/market?naics=541512 {"source":"usaspending.gov/api/v2","naics":"541512","window":{"start_date":"2023
2026-07-28T17:17:59.444Z OK #91 /x402/sec-8k?ticker=AAPL {"source":"sec.gov/EDGAR","ticker":"AAPL","company":"Apple Inc.","cik":"320193",
2026-07-28T17:17:59.444Z OK #91 /x402/sec-8k?ticker=AAPL {"source":"sec.gov/EDGAR","ticker":"AAPL","company":"Apple Inc.","cik":"320193",
2026-07-28T17:18:01.494Z OK #92 /x402/fx-rate?base=USD&symbols=EUR {"source":"frankfurter.dev/v2/rates","data":[{"date":"2026-07-28","base":"USD","
2026-07-28T17:18:01.494Z OK #92 /x402/fx-rate?base=USD&symbols=EUR {"source":"frankfurter.dev/v2/rates","data":[{"date":"2026-07-28","base":"USD","
2026-07-28T17:59:35.262Z START payer_eoa=0x523512A2Ab8aD92d16e6A6eB939811eC9914fA16 USDC=0.284843 rails=0x4e14B249D9A4c9c9352D780eCEB508A8eB7a7700 USDC=6.612 max=400 leave=0.015
2026-07-28T17:59:35.262Z START payer_eoa=0x523512A2Ab8aD92d16e6A6eB939811eC9914fA16 USDC=0.284843 rails=0x4e14B249D9A4c9c9352D780eCEB508A8eB7a7700 USDC=6.612 max=400 leave=0.015
2026-07-28T17:59:35.473Z payer is EOA ✓
2026-07-28T17:59:35.473Z payer is EOA ✓
2026-07-28T17:59:37.600Z OK #1 /x402/fx-rate?base=USD&symbols=EUR {"source":"frankfurter.dev/v2/rates","data":[{"date":"2026-07-28","base":"USD","
2026-07-28T17:59:37.600Z OK #1 /x402/fx-rate?base=USD&symbols=EUR {"source":"frankfurter.dev/v2/rates","data":[{"date":"2026-07-28","base":"USD","
2026-07-28T17:59:39.641Z OK #2 /x402/fx-rate?base=USD&symbols=JPY {"source":"frankfurter.dev/v2/rates","data":[{"date":"2026-07-28","base":"USD","
2026-07-28T17:59:39.641Z OK #2 /x402/fx-rate?base=USD&symbols=JPY {"source":"frankfurter.dev/v2/rates","data":[{"date":"2026-07-28","base":"USD","
2026-07-28T17:59:41.489Z OK #3 /x402/gas-tracker {"timestamp":"2026-07-28T17:59:41.400Z","chains":[{"chain":"ethereum","gas_gwei"
2026-07-28T17:59:41.489Z OK #3 /x402/gas-tracker {"timestamp":"2026-07-28T17:59:41.400Z","chains":[{"chain":"ethereum","gas_gwei"
2026-07-28T17:59:43.538Z OK #4 /x402/web-fetch?url=https://example.com {"timestamp":"2026-07-28T17:59:43.450Z","url":"https://example.com","status":200
2026-07-28T17:59:43.538Z OK #4 /x402/web-fetch?url=https://example.com {"timestamp":"2026-07-28T17:59:43.450Z","url":"https://example.com","status":200
2026-07-28T17:59:45.866Z OK #5 /x402/news-headlines {"timestamp":"2026-07-28T17:59:45.778Z","q":"crypto OR bitcoin OR AI agents","co
2026-07-28T17:59:45.866Z OK #5 /x402/news-headlines {"timestamp":"2026-07-28T17:59:45.778Z","q":"crypto OR bitcoin OR AI agents","co
2026-07-28T17:59:47.900Z OK #6 /x402/grants?keyword=ai {"source":"grants.gov/search2","total":138,"results":[{"id":"363121","number":"P
2026-07-28T17:59:47.900Z OK #6 /x402/grants?keyword=ai {"source":"grants.gov/search2","total":138,"results":[{"id":"363121","number":"P
2026-07-28T17:59:49.739Z OK #7 /x402/treasury-yields {"source":"home.treasury.gov/yield-curve","month":"202607","latest":{"date":"202
2026-07-28T17:59:49.739Z OK #7 /x402/treasury-yields {"source":"home.treasury.gov/yield-curve","month":"202607","latest":{"date":"202
2026-07-28T17:59:51.482Z OK #8 /x402/pha-lookup {"matches":[{"id":"nc-kinston-kha","name":"Kinston Housing Authority","hud_code"
2026-07-28T17:59:51.482Z OK #8 /x402/pha-lookup {"matches":[{"id":"nc-kinston-kha","name":"Kinston Housing Authority","hud_code"
2026-07-28T17:59:53.577Z OK #9 /x402/hcv-fmr {"area":"Lenoir County, NC","year":2025,"bedrooms":4,"fmr_monthly":1497,"schedul
2026-07-28T17:59:53.577Z OK #9 /x402/hcv-fmr {"area":"Lenoir County, NC","year":2025,"bedrooms":4,"fmr_monthly":1497,"schedul
2026-07-28T17:59:55.676Z OK #10 /x402/housing-windsor {"property":{"address":"1607 Windsor Rd","city":"Kinston","county":"Lenoir","sta
2026-07-28T17:59:55.676Z OK #10 /x402/housing-windsor {"property":{"address":"1607 Windsor Rd","city":"Kinston","county":"Lenoir","sta
2026-07-28T17:59:57.952Z OK #11 /x402/domain-enrich?domain=example.com {"timestamp":"2026-07-28T17:59:57.861Z","domain":"example.com","ips":["172.66.14
2026-07-28T17:59:57.952Z OK #11 /x402/domain-enrich?domain=example.com {"timestamp":"2026-07-28T17:59:57.861Z","domain":"example.com","ips":["172.66.14
2026-07-28T17:59:59.837Z OK #12 /x402/market?naics=541512 {"source":"usaspending.gov/api/v2","naics":"541512","window":{"start_date":"2023
2026-07-28T17:59:59.837Z OK #12 /x402/market?naics=541512 {"source":"usaspending.gov/api/v2","naics":"541512","window":{"start_date":"2023
2026-07-28T18:00:01.740Z OK #13 /x402/sec-8k?ticker=AAPL {"source":"sec.gov/EDGAR","ticker":"AAPL","company":"Apple Inc.","cik":"320193",
2026-07-28T18:00:01.740Z OK #13 /x402/sec-8k?ticker=AAPL {"source":"sec.gov/EDGAR","ticker":"AAPL","company":"Apple Inc.","cik":"320193",
2026-07-28T18:00:06.747Z OK #14 /x402/fx-rate?base=USD&symbols=EUR {"source":"frankfurter.dev/v2/rates","data":[{"date":"2026-07-28","base":"USD","
2026-07-28T18:00:06.747Z OK #14 /x402/fx-rate?base=USD&symbols=EUR {"source":"frankfurter.dev/v2/rates","data":[{"date":"2026-07-28","base":"USD","
2026-07-28T18:00:08.679Z OK #15 /x402/fx-rate?base=USD&symbols=JPY {"source":"frankfurter.dev/v2/rates","data":[{"date":"2026-07-28","base":"USD","
2026-07-28T18:00:08.679Z OK #15 /x402/fx-rate?base=USD&symbols=JPY {"source":"frankfurter.dev/v2/rates","data":[{"date":"2026-07-28","base":"USD","
2026-07-28T18:00:10.659Z OK #16 /x402/gas-tracker {"timestamp":"2026-07-28T18:00:10.550Z","chains":[{"chain":"ethereum","gas_gwei"
2026-07-28T18:00:10.659Z OK #16 /x402/gas-tracker {"timestamp":"2026-07-28T18:00:10.550Z","chains":[{"chain":"ethereum","gas_gwei"
2026-07-28T18:00:12.097Z OK #17 /x402/web-fetch?url=https://example.com {"timestamp":"2026-07-28T18:00:12.010Z","url":"https://example.com","status":200
2026-07-28T18:00:12.097Z OK #17 /x402/web-fetch?url=https://example.com {"timestamp":"2026-07-28T18:00:12.010Z","url":"https://example.com","status":200
2026-07-28T18:00:13.667Z OK #18 /x402/news-headlines {"timestamp":"2026-07-28T18:00:13.574Z","q":"crypto OR bitcoin OR AI agents","co
2026-07-28T18:00:13.667Z OK #18 /x402/news-headlines {"timestamp":"2026-07-28T18:00:13.574Z","q":"crypto OR bitcoin OR AI agents","co
2026-07-28T18:00:15.991Z OK #19 /x402/grants?keyword=ai {"source":"grants.gov/search2","total":138,"results":[{"id":"363121","number":"P
2026-07-28T18:00:15.991Z OK #19 /x402/grants?keyword=ai {"source":"grants.gov/search2","total":138,"results":[{"id":"363121","number":"P
2026-07-28T18:00:17.810Z OK #20 /x402/treasury-yields {"source":"home.treasury.gov/yield-curve","month":"202607","latest":{"date":"202
2026-07-28T18:00:17.810Z OK #20 /x402/treasury-yields {"source":"home.treasury.gov/yield-curve","month":"202607","latest":{"date":"202
2026-07-28T18:00:19.545Z OK #21 /x402/pha-lookup {"matches":[{"id":"nc-kinston-kha","name":"Kinston Housing Authority","hud_code"
2026-07-28T18:00:19.545Z OK #21 /x402/pha-lookup {"matches":[{"id":"nc-kinston-kha","name":"Kinston Housing Authority","hud_code"
2026-07-28T18:00:21.528Z OK #22 /x402/hcv-fmr {"area":"Lenoir County, NC","year":2025,"bedrooms":4,"fmr_monthly":1497,"schedul
2026-07-28T18:00:21.528Z OK #22 /x402/hcv-fmr {"area":"Lenoir County, NC","year":2025,"bedrooms":4,"fmr_monthly":1497,"schedul
2026-07-28T18:00:23.595Z OK #23 /x402/housing-windsor {"property":{"address":"1607 Windsor Rd","city":"Kinston","county":"Lenoir","sta
2026-07-28T18:00:23.595Z OK #23 /x402/housing-windsor {"property":{"address":"1607 Windsor Rd","city":"Kinston","county":"Lenoir","sta
2026-07-28T18:00:25.933Z OK #24 /x402/domain-enrich?domain=example.com {"timestamp":"2026-07-28T18:00:25.845Z","domain":"example.com","ips":["172.66.14
2026-07-28T18:00:25.933Z OK #24 /x402/domain-enrich?domain=example.com {"timestamp":"2026-07-28T18:00:25.845Z","domain":"example.com","ips":["172.66.14
2026-07-28T18:00:28.188Z OK #25 /x402/market?naics=541512 {"source":"usaspending.gov/api/v2","naics":"541512","window":{"start_date":"2023
2026-07-28T18:00:28.188Z OK #25 /x402/market?naics=541512 {"source":"usaspending.gov/api/v2","naics":"541512","window":{"start_date":"2023
2026-07-28T18:00:30.173Z OK #26 /x402/sec-8k?ticker=AAPL {"source":"sec.gov/EDGAR","ticker":"AAPL","company":"Apple Inc.","cik":"320193",
2026-07-28T18:00:30.173Z OK #26 /x402/sec-8k?ticker=AAPL {"source":"sec.gov/EDGAR","ticker":"AAPL","company":"Apple Inc.","cik":"320193",
2026-07-28T18:00:31.989Z OK #27 /x402/fx-rate?base=USD&symbols=EUR {"source":"frankfurter.dev/v2/rates","data":[{"date":"2026-07-28","base":"USD","
2026-07-28T18:00:31.989Z OK #27 /x402/fx-rate?base=USD&symbols=EUR {"source":"frankfurter.dev/v2/rates","data":[{"date":"2026-07-28","base":"USD","
2026-07-28T18:00:33.883Z OK #28 /x402/fx-rate?base=USD&symbols=JPY {"source":"frankfurter.dev/v2/rates","data":[{"date":"2026-07-28","base":"USD","
2026-07-28T18:00:33.883Z OK #28 /x402/fx-rate?base=USD&symbols=JPY {"source":"frankfurter.dev/v2/rates","data":[{"date":"2026-07-28","base":"USD","
2026-07-28T18:00:35.774Z OK #29 /x402/gas-tracker {"timestamp":"2026-07-28T18:00:35.688Z","chains":[{"chain":"ethereum","gas_gwei"
2026-07-28T18:00:35.774Z OK #29 /x402/gas-tracker {"timestamp":"2026-07-28T18:00:35.688Z","chains":[{"chain":"ethereum","gas_gwei"
2026-07-28T18:00:37.565Z OK #30 /x402/web-fetch?url=https://example.com {"timestamp":"2026-07-28T18:00:37.478Z","url":"https://example.com","status":200
2026-07-28T18:00:37.565Z OK #30 /x402/web-fetch?url=https://example.com {"timestamp":"2026-07-28T18:00:37.478Z","url":"https://example.com","status":200
2026-07-28T18:00:40.088Z OK #31 /x402/news-headlines {"timestamp":"2026-07-28T18:00:39.998Z","q":"crypto OR bitcoin OR AI agents","co
2026-07-28T18:00:40.088Z OK #31 /x402/news-headlines {"timestamp":"2026-07-28T18:00:39.998Z","q":"crypto OR bitcoin OR AI agents","co
2026-07-28T18:00:41.854Z OK #32 /x402/grants?keyword=ai {"source":"grants.gov/search2","total":138,"results":[{"id":"363121","number":"P
2026-07-28T18:00:41.854Z OK #32 /x402/grants?keyword=ai {"source":"grants.gov/search2","total":138,"results":[{"id":"363121","number":"P
2026-07-28T18:00:43.684Z OK #33 /x402/treasury-yields {"source":"home.treasury.gov/yield-curve","month":"202607","latest":{"date":"202
2026-07-28T18:00:43.684Z OK #33 /x402/treasury-yields {"source":"home.treasury.gov/yield-curve","month":"202607","latest":{"date":"202
2026-07-28T18:00:45.434Z OK #34 /x402/pha-lookup {"matches":[{"id":"nc-kinston-kha","name":"Kinston Housing Authority","hud_code"
2026-07-28T18:00:45.434Z OK #34 /x402/pha-lookup {"matches":[{"id":"nc-kinston-kha","name":"Kinston Housing Authority","hud_code"
2026-07-28T18:00:47.461Z OK #35 /x402/hcv-fmr {"area":"Lenoir County, NC","year":2025,"bedrooms":4,"fmr_monthly":1497,"schedul
2026-07-28T18:00:47.461Z OK #35 /x402/hcv-fmr {"area":"Lenoir County, NC","year":2025,"bedrooms":4,"fmr_monthly":1497,"schedul
2026-07-28T18:00:49.527Z OK #36 /x402/housing-windsor {"property":{"address":"1607 Windsor Rd","city":"Kinston","county":"Lenoir","sta
2026-07-28T18:00:49.527Z OK #36 /x402/housing-windsor {"property":{"address":"1607 Windsor Rd","city":"Kinston","county":"Lenoir","sta
2026-07-28T18:00:51.895Z OK #37 /x402/domain-enrich?domain=example.com {"timestamp":"2026-07-28T18:00:51.808Z","domain":"example.com","ips":["104.20.23
2026-07-28T18:00:51.895Z OK #37 /x402/domain-enrich?domain=example.com {"timestamp":"2026-07-28T18:00:51.808Z","domain":"example.com","ips":["104.20.23
2026-07-28T18:00:53.858Z OK #38 /x402/market?naics=541512 {"source":"usaspending.gov/api/v2","naics":"541512","window":{"start_date":"2023
2026-07-28T18:00:53.858Z OK #38 /x402/market?naics=541512 {"source":"usaspending.gov/api/v2","naics":"541512","window":{"start_date":"2023
2026-07-28T18:00:55.589Z OK #39 /x402/sec-8k?ticker=AAPL {"source":"sec.gov/EDGAR","ticker":"AAPL","company":"Apple Inc.","cik":"320193",
2026-07-28T18:00:55.589Z OK #39 /x402/sec-8k?ticker=AAPL {"source":"sec.gov/EDGAR","ticker":"AAPL","company":"Apple Inc.","cik":"320193",
2026-07-28T18:00:57.635Z OK #40 /x402/fx-rate?base=USD&symbols=EUR {"source":"frankfurter.dev/v2/rates","data":[{"date":"2026-07-28","base":"USD","
2026-07-28T18:00:57.635Z OK #40 /x402/fx-rate?base=USD&symbols=EUR {"source":"frankfurter.dev/v2/rates","data":[{"date":"2026-07-28","base":"USD","
2026-07-28T18:00:59.482Z OK #41 /x402/fx-rate?base=USD&symbols=JPY {"source":"frankfurter.dev/v2/rates","data":[{"date":"2026-07-28","base":"USD","
2026-07-28T18:00:59.482Z OK #41 /x402/fx-rate?base=USD&symbols=JPY {"source":"frankfurter.dev/v2/rates","data":[{"date":"2026-07-28","base":"USD","
2026-07-28T18:01:01.859Z OK #42 /x402/gas-tracker {"timestamp":"2026-07-28T18:01:01.771Z","chains":[{"chain":"ethereum","gas_gwei"
2026-07-28T18:01:01.859Z OK #42 /x402/gas-tracker {"timestamp":"2026-07-28T18:01:01.771Z","chains":[{"chain":"ethereum","gas_gwei"
2026-07-28T18:01:03.423Z OK #43 /x402/web-fetch?url=https://example.com {"timestamp":"2026-07-28T18:01:03.327Z","url":"https://example.com","status":200
2026-07-28T18:01:03.423Z OK #43 /x402/web-fetch?url=https://example.com {"timestamp":"2026-07-28T18:01:03.327Z","url":"https://example.com","status":200
2026-07-28T18:01:05.580Z OK #44 /x402/news-headlines {"timestamp":"2026-07-28T18:01:05.492Z","q":"crypto OR bitcoin OR AI agents","co
2026-07-28T18:01:05.580Z OK #44 /x402/news-headlines {"timestamp":"2026-07-28T18:01:05.492Z","q":"crypto OR bitcoin OR AI agents","co
2026-07-28T18:01:07.966Z OK #45 /x402/grants?keyword=ai {"source":"grants.gov/search2","total":138,"results":[{"id":"363121","number":"P
2026-07-28T18:01:07.966Z OK #45 /x402/grants?keyword=ai {"source":"grants.gov/search2","total":138,"results":[{"id":"363121","number":"P
2026-07-28T18:01:09.425Z OK #46 /x402/treasury-yields {"source":"home.treasury.gov/yield-curve","month":"202607","latest":{"date":"202
2026-07-28T18:01:09.425Z OK #46 /x402/treasury-yields {"source":"home.treasury.gov/yield-curve","month":"202607","latest":{"date":"202
2026-07-28T18:01:11.506Z OK #47 /x402/pha-lookup {"matches":[{"id":"nc-kinston-kha","name":"Kinston Housing Authority","hud_code"
2026-07-28T18:01:11.506Z OK #47 /x402/pha-lookup {"matches":[{"id":"nc-kinston-kha","name":"Kinston Housing Authority","hud_code"
2026-07-28T18:01:13.514Z OK #48 /x402/hcv-fmr {"area":"Lenoir County, NC","year":2025,"bedrooms":4,"fmr_monthly":1497,"schedul
2026-07-28T18:01:13.514Z OK #48 /x402/hcv-fmr {"area":"Lenoir County, NC","year":2025,"bedrooms":4,"fmr_monthly":1497,"schedul
2026-07-28T18:01:15.551Z OK #49 /x402/housing-windsor {"property":{"address":"1607 Windsor Rd","city":"Kinston","county":"Lenoir","sta
2026-07-28T18:01:15.551Z OK #49 /x402/housing-windsor {"property":{"address":"1607 Windsor Rd","city":"Kinston","county":"Lenoir","sta
2026-07-28T18:01:17.896Z OK #50 /x402/domain-enrich?domain=example.com {"timestamp":"2026-07-28T18:01:17.809Z","domain":"example.com","ips":["172.66.14
2026-07-28T18:01:17.896Z OK #50 /x402/domain-enrich?domain=example.com {"timestamp":"2026-07-28T18:01:17.809Z","domain":"example.com","ips":["172.66.14
2026-07-28T18:01:21.454Z OK #51 /x402/market?naics=541512 {"source":"usaspending.gov/api/v2","naics":"541512","window":{"start_date":"2023
2026-07-28T18:01:21.454Z OK #51 /x402/market?naics=541512 {"source":"usaspending.gov/api/v2","naics":"541512","window":{"start_date":"2023
2026-07-28T18:01:23.553Z OK #52 /x402/sec-8k?ticker=AAPL {"source":"sec.gov/EDGAR","ticker":"AAPL","company":"Apple Inc.","cik":"320193",
2026-07-28T18:01:23.553Z OK #52 /x402/sec-8k?ticker=AAPL {"source":"sec.gov/EDGAR","ticker":"AAPL","company":"Apple Inc.","cik":"320193",
2026-07-28T18:01:25.717Z OK #53 /x402/fx-rate?base=USD&symbols=EUR {"source":"frankfurter.dev/v2/rates","data":[{"date":"2026-07-28","base":"USD","
2026-07-28T18:01:25.717Z OK #53 /x402/fx-rate?base=USD&symbols=EUR {"source":"frankfurter.dev/v2/rates","data":[{"date":"2026-07-28","base":"USD","
2026-07-28T18:01:27.445Z OK #54 /x402/fx-rate?base=USD&symbols=JPY {"source":"frankfurter.dev/v2/rates","data":[{"date":"2026-07-28","base":"USD","
2026-07-28T18:01:27.445Z OK #54 /x402/fx-rate?base=USD&symbols=JPY {"source":"frankfurter.dev/v2/rates","data":[{"date":"2026-07-28","base":"USD","
2026-07-28T18:01:29.605Z OK #55 /x402/gas-tracker {"timestamp":"2026-07-28T18:01:29.517Z","chains":[{"chain":"ethereum","gas_gwei"
2026-07-28T18:01:29.605Z OK #55 /x402/gas-tracker {"timestamp":"2026-07-28T18:01:29.517Z","chains":[{"chain":"ethereum","gas_gwei"
2026-07-28T18:01:31.709Z OK #56 /x402/web-fetch?url=https://example.com {"timestamp":"2026-07-28T18:01:31.621Z","url":"https://example.com","status":200
2026-07-28T18:01:31.709Z OK #56 /x402/web-fetch?url=https://example.com {"timestamp":"2026-07-28T18:01:31.621Z","url":"https://example.com","status":200
2026-07-28T18:01:33.702Z OK #57 /x402/news-headlines {"timestamp":"2026-07-28T18:01:33.614Z","q":"crypto OR bitcoin OR AI agents","co
2026-07-28T18:01:33.702Z OK #57 /x402/news-headlines {"timestamp":"2026-07-28T18:01:33.614Z","q":"crypto OR bitcoin OR AI agents","co
2026-07-28T18:01:35.832Z OK #58 /x402/grants?keyword=ai {"source":"grants.gov/search2","total":138,"results":[{"id":"363121","number":"P
2026-07-28T18:01:35.832Z OK #58 /x402/grants?keyword=ai {"source":"grants.gov/search2","total":138,"results":[{"id":"363121","number":"P
2026-07-28T18:01:37.624Z OK #59 /x402/treasury-yields {"source":"home.treasury.gov/yield-curve","month":"202607","latest":{"date":"202
2026-07-28T18:01:37.624Z OK #59 /x402/treasury-yields {"source":"home.treasury.gov/yield-curve","month":"202607","latest":{"date":"202
2026-07-28T18:01:39.641Z OK #60 /x402/pha-lookup {"matches":[{"id":"nc-kinston-kha","name":"Kinston Housing Authority","hud_code"
2026-07-28T18:01:39.641Z OK #60 /x402/pha-lookup {"matches":[{"id":"nc-kinston-kha","name":"Kinston Housing Authority","hud_code"
2026-07-28T18:01:41.371Z OK #61 /x402/hcv-fmr {"area":"Lenoir County, NC","year":2025,"bedrooms":4,"fmr_monthly":1497,"schedul
2026-07-28T18:01:41.371Z OK #61 /x402/hcv-fmr {"area":"Lenoir County, NC","year":2025,"bedrooms":4,"fmr_monthly":1497,"schedul
2026-07-28T18:01:43.403Z OK #62 /x402/housing-windsor {"property":{"address":"1607 Windsor Rd","city":"Kinston","county":"Lenoir","sta
2026-07-28T18:01:43.403Z OK #62 /x402/housing-windsor {"property":{"address":"1607 Windsor Rd","city":"Kinston","county":"Lenoir","sta
2026-07-28T18:01:45.853Z OK #63 /x402/domain-enrich?domain=example.com {"timestamp":"2026-07-28T18:01:45.764Z","domain":"example.com","ips":["172.66.14
2026-07-28T18:01:45.853Z OK #63 /x402/domain-enrich?domain=example.com {"timestamp":"2026-07-28T18:01:45.764Z","domain":"example.com","ips":["172.66.14
2026-07-28T18:01:47.779Z OK #64 /x402/market?naics=541512 {"source":"usaspending.gov/api/v2","naics":"541512","window":{"start_date":"2023
2026-07-28T18:01:47.779Z OK #64 /x402/market?naics=541512 {"source":"usaspending.gov/api/v2","naics":"541512","window":{"start_date":"2023
2026-07-28T18:01:49.639Z OK #65 /x402/sec-8k?ticker=AAPL {"source":"sec.gov/EDGAR","ticker":"AAPL","company":"Apple Inc.","cik":"320193",
2026-07-28T18:01:49.639Z OK #65 /x402/sec-8k?ticker=AAPL {"source":"sec.gov/EDGAR","ticker":"AAPL","company":"Apple Inc.","cik":"320193",
2026-07-28T18:01:51.915Z OK #66 /x402/fx-rate?base=USD&symbols=EUR {"source":"frankfurter.dev/v2/rates","data":[{"date":"2026-07-28","base":"USD","
2026-07-28T18:01:51.915Z OK #66 /x402/fx-rate?base=USD&symbols=EUR {"source":"frankfurter.dev/v2/rates","data":[{"date":"2026-07-28","base":"USD","
2026-07-28T18:01:53.379Z OK #67 /x402/fx-rate?base=USD&symbols=JPY {"source":"frankfurter.dev/v2/rates","data":[{"date":"2026-07-28","base":"USD","
2026-07-28T18:01:53.379Z OK #67 /x402/fx-rate?base=USD&symbols=JPY {"source":"frankfurter.dev/v2/rates","data":[{"date":"2026-07-28","base":"USD","
2026-07-28T18:01:55.519Z OK #68 /x402/gas-tracker {"timestamp":"2026-07-28T18:01:55.432Z","chains":[{"chain":"ethereum","gas_gwei"
2026-07-28T18:01:55.519Z OK #68 /x402/gas-tracker {"timestamp":"2026-07-28T18:01:55.432Z","chains":[{"chain":"ethereum","gas_gwei"
2026-07-28T18:01:57.526Z OK #69 /x402/web-fetch?url=https://example.com {"timestamp":"2026-07-28T18:01:57.439Z","url":"https://example.com","status":200
2026-07-28T18:01:57.526Z OK #69 /x402/web-fetch?url=https://example.com {"timestamp":"2026-07-28T18:01:57.439Z","url":"https://example.com","status":200
2026-07-28T18:01:59.710Z OK #70 /x402/news-headlines {"timestamp":"2026-07-28T18:01:59.620Z","q":"crypto OR bitcoin OR AI agents","co
2026-07-28T18:01:59.710Z OK #70 /x402/news-headlines {"timestamp":"2026-07-28T18:01:59.620Z","q":"crypto OR bitcoin OR AI agents","co
2026-07-28T18:02:01.813Z OK #71 /x402/grants?keyword=ai {"source":"grants.gov/search2","total":138,"results":[{"id":"363121","number":"P
2026-07-28T18:02:01.813Z OK #71 /x402/grants?keyword=ai {"source":"grants.gov/search2","total":138,"results":[{"id":"363121","number":"P
2026-07-28T18:02:03.632Z OK #72 /x402/treasury-yields {"source":"home.treasury.gov/yield-curve","month":"202607","latest":{"date":"202
2026-07-28T18:02:03.632Z OK #72 /x402/treasury-yields {"source":"home.treasury.gov/yield-curve","month":"202607","latest":{"date":"202
2026-07-28T18:02:05.381Z OK #73 /x402/pha-lookup {"matches":[{"id":"nc-kinston-kha","name":"Kinston Housing Authority","hud_code"
2026-07-28T18:02:05.381Z OK #73 /x402/pha-lookup {"matches":[{"id":"nc-kinston-kha","name":"Kinston Housing Authority","hud_code"
2026-07-28T18:02:08.033Z OK #74 /x402/hcv-fmr {"area":"Lenoir County, NC","year":2025,"bedrooms":4,"fmr_monthly":1497,"schedul
2026-07-28T18:02:08.033Z OK #74 /x402/hcv-fmr {"area":"Lenoir County, NC","year":2025,"bedrooms":4,"fmr_monthly":1497,"schedul
2026-07-28T18:02:09.572Z OK #75 /x402/housing-windsor {"property":{"address":"1607 Windsor Rd","city":"Kinston","county":"Lenoir","sta
2026-07-28T18:02:09.572Z OK #75 /x402/housing-windsor {"property":{"address":"1607 Windsor Rd","city":"Kinston","county":"Lenoir","sta
2026-07-28T18:02:11.903Z OK #76 /x402/domain-enrich?domain=example.com {"timestamp":"2026-07-28T18:02:11.815Z","domain":"example.com","ips":["172.66.14
2026-07-28T18:02:11.903Z OK #76 /x402/domain-enrich?domain=example.com {"timestamp":"2026-07-28T18:02:11.815Z","domain":"example.com","ips":["172.66.14
2026-07-28T18:02:13.893Z OK #77 /x402/market?naics=541512 {"source":"usaspending.gov/api/v2","naics":"541512","window":{"start_date":"2023
2026-07-28T18:02:13.893Z OK #77 /x402/market?naics=541512 {"source":"usaspending.gov/api/v2","naics":"541512","window":{"start_date":"2023
2026-07-28T18:02:15.647Z OK #78 /x402/sec-8k?ticker=AAPL {"source":"sec.gov/EDGAR","ticker":"AAPL","company":"Apple Inc.","cik":"320193",
2026-07-28T18:02:15.647Z OK #78 /x402/sec-8k?ticker=AAPL {"source":"sec.gov/EDGAR","ticker":"AAPL","company":"Apple Inc.","cik":"320193",
2026-07-28T18:02:17.561Z OK #79 /x402/fx-rate?base=USD&symbols=EUR {"source":"frankfurter.dev/v2/rates","data":[{"date":"2026-07-28","base":"USD","
2026-07-28T18:02:17.561Z OK #79 /x402/fx-rate?base=USD&symbols=EUR {"source":"frankfurter.dev/v2/rates","data":[{"date":"2026-07-28","base":"USD","
2026-07-28T18:02:19.609Z OK #80 /x402/fx-rate?base=USD&symbols=JPY {"source":"frankfurter.dev/v2/rates","data":[{"date":"2026-07-28","base":"USD","
2026-07-28T18:02:19.609Z OK #80 /x402/fx-rate?base=USD&symbols=JPY {"source":"frankfurter.dev/v2/rates","data":[{"date":"2026-07-28","base":"USD","
2026-07-28T18:02:21.744Z OK #81 /x402/gas-tracker {"timestamp":"2026-07-28T18:02:21.658Z","chains":[{"chain":"ethereum","gas_gwei"
2026-07-28T18:02:21.744Z OK #81 /x402/gas-tracker {"timestamp":"2026-07-28T18:02:21.658Z","chains":[{"chain":"ethereum","gas_gwei"
2026-07-28T18:02:23.505Z OK #82 /x402/web-fetch?url=https://example.com {"timestamp":"2026-07-28T18:02:23.415Z","url":"https://example.com","status":200
2026-07-28T18:02:23.505Z OK #82 /x402/web-fetch?url=https://example.com {"timestamp":"2026-07-28T18:02:23.415Z","url":"https://example.com","status":200
2026-07-28T18:02:25.658Z OK #83 /x402/news-headlines {"timestamp":"2026-07-28T18:02:25.569Z","q":"crypto OR bitcoin OR AI agents","co
2026-07-28T18:02:25.658Z OK #83 /x402/news-headlines {"timestamp":"2026-07-28T18:02:25.569Z","q":"crypto OR bitcoin OR AI agents","co
2026-07-28T18:02:27.971Z OK #84 /x402/grants?keyword=ai {"source":"grants.gov/search2","total":138,"results":[{"id":"363121","number":"P
2026-07-28T18:02:27.971Z OK #84 /x402/grants?keyword=ai {"source":"grants.gov/search2","total":138,"results":[{"id":"363121","number":"P
2026-07-28T18:02:29.729Z OK #85 /x402/treasury-yields {"source":"home.treasury.gov/yield-curve","month":"202607","latest":{"date":"202
2026-07-28T18:02:29.729Z OK #85 /x402/treasury-yields {"source":"home.treasury.gov/yield-curve","month":"202607","latest":{"date":"202
2026-07-28T18:02:31.463Z OK #86 /x402/pha-lookup {"matches":[{"id":"nc-kinston-kha","name":"Kinston Housing Authority","hud_code"
2026-07-28T18:02:31.463Z OK #86 /x402/pha-lookup {"matches":[{"id":"nc-kinston-kha","name":"Kinston Housing Authority","hud_code"
2026-07-28T18:02:33.502Z OK #87 /x402/hcv-fmr {"area":"Lenoir County, NC","year":2025,"bedrooms":4,"fmr_monthly":1497,"schedul
2026-07-28T18:02:33.502Z OK #87 /x402/hcv-fmr {"area":"Lenoir County, NC","year":2025,"bedrooms":4,"fmr_monthly":1497,"schedul
2026-07-28T18:02:47.794Z START payer_eoa=0x523512A2Ab8aD92d16e6A6eB939811eC9914fA16 USDC=0.196843 rails=0x4e14B249D9A4c9c9352D780eCEB508A8eB7a7700 USDC=6.7 max=400 leave=0.015
2026-07-28T18:02:47.794Z START payer_eoa=0x523512A2Ab8aD92d16e6A6eB939811eC9914fA16 USDC=0.196843 rails=0x4e14B249D9A4c9c9352D780eCEB508A8eB7a7700 USDC=6.7 max=400 leave=0.015
2026-07-28T18:02:47.878Z payer is EOA ✓
2026-07-28T18:02:47.878Z payer is EOA ✓
2026-07-28T18:02:49.476Z OK #1 /x402/fx-rate?base=USD&symbols=EUR {"source":"frankfurter.dev/v2/rates","data":[{"date":"2026-07-28","base":"USD","
2026-07-28T18:02:49.476Z OK #1 /x402/fx-rate?base=USD&symbols=EUR {"source":"frankfurter.dev/v2/rates","data":[{"date":"2026-07-28","base":"USD","
2026-07-28T18:02:51.535Z OK #2 /x402/fx-rate?base=USD&symbols=JPY {"source":"frankfurter.dev/v2/rates","data":[{"date":"2026-07-28","base":"USD","
2026-07-28T18:02:51.535Z OK #2 /x402/fx-rate?base=USD&symbols=JPY {"source":"frankfurter.dev/v2/rates","data":[{"date":"2026-07-28","base":"USD","
2026-07-28T18:02:53.580Z OK #3 /x402/gas-tracker {"timestamp":"2026-07-28T18:02:53.492Z","chains":[{"chain":"ethereum","gas_gwei"
2026-07-28T18:02:53.580Z OK #3 /x402/gas-tracker {"timestamp":"2026-07-28T18:02:53.492Z","chains":[{"chain":"ethereum","gas_gwei"
2026-07-28T18:02:55.530Z OK #4 /x402/web-fetch?url=https://example.com {"timestamp":"2026-07-28T18:02:55.442Z","url":"https://example.com","status":200
2026-07-28T18:02:55.530Z OK #4 /x402/web-fetch?url=https://example.com {"timestamp":"2026-07-28T18:02:55.442Z","url":"https://example.com","status":200
2026-07-28T18:02:57.883Z OK #5 /x402/news-headlines {"timestamp":"2026-07-28T18:02:57.792Z","q":"crypto OR bitcoin OR AI agents","co
2026-07-28T18:02:57.883Z OK #5 /x402/news-headlines {"timestamp":"2026-07-28T18:02:57.792Z","q":"crypto OR bitcoin OR AI agents","co
2026-07-28T18:02:59.577Z OK #6 /x402/grants?keyword=ai {"source":"grants.gov/search2","total":138,"results":[{"id":"363121","number":"P
2026-07-28T18:02:59.577Z OK #6 /x402/grants?keyword=ai {"source":"grants.gov/search2","total":138,"results":[{"id":"363121","number":"P
2026-07-28T18:03:01.572Z OK #7 /x402/treasury-yields {"source":"home.treasury.gov/yield-curve","month":"202607","latest":{"date":"202
2026-07-28T18:03:01.572Z OK #7 /x402/treasury-yields {"source":"home.treasury.gov/yield-curve","month":"202607","latest":{"date":"202
2026-07-28T18:03:03.580Z OK #8 /x402/pha-lookup {"matches":[{"id":"nc-kinston-kha","name":"Kinston Housing Authority","hud_code"
2026-07-28T18:03:03.580Z OK #8 /x402/pha-lookup {"matches":[{"id":"nc-kinston-kha","name":"Kinston Housing Authority","hud_code"
2026-07-28T18:03:05.538Z OK #9 /x402/hcv-fmr {"area":"Lenoir County, NC","year":2025,"bedrooms":4,"fmr_monthly":1497,"schedul
2026-07-28T18:03:05.538Z OK #9 /x402/hcv-fmr {"area":"Lenoir County, NC","year":2025,"bedrooms":4,"fmr_monthly":1497,"schedul
2026-07-28T18:03:07.491Z OK #10 /x402/housing-windsor {"property":{"address":"1607 Windsor Rd","city":"Kinston","county":"Lenoir","sta
2026-07-28T18:03:07.491Z OK #10 /x402/housing-windsor {"property":{"address":"1607 Windsor Rd","city":"Kinston","county":"Lenoir","sta
2026-07-28T18:03:09.729Z OK #11 /x402/domain-enrich?domain=example.com {"timestamp":"2026-07-28T18:03:09.637Z","domain":"example.com","ips":["104.20.23
2026-07-28T18:03:09.729Z OK #11 /x402/domain-enrich?domain=example.com {"timestamp":"2026-07-28T18:03:09.637Z","domain":"example.com","ips":["104.20.23
2026-07-28T18:03:11.611Z OK #12 /x402/market?naics=541512 {"source":"usaspending.gov/api/v2","naics":"541512","window":{"start_date":"2023
2026-07-28T18:03:11.611Z OK #12 /x402/market?naics=541512 {"source":"usaspending.gov/api/v2","naics":"541512","window":{"start_date":"2023
2026-07-28T18:03:13.531Z OK #13 /x402/sec-8k?ticker=AAPL {"source":"sec.gov/EDGAR","ticker":"AAPL","company":"Apple Inc.","cik":"320193",
2026-07-28T18:03:13.531Z OK #13 /x402/sec-8k?ticker=AAPL {"source":"sec.gov/EDGAR","ticker":"AAPL","company":"Apple Inc.","cik":"320193",
2026-07-28T18:03:15.502Z OK #14 /x402/fx-rate?base=USD&symbols=EUR {"source":"frankfurter.dev/v2/rates","data":[{"date":"2026-07-28","base":"USD","
2026-07-28T18:03:15.502Z OK #14 /x402/fx-rate?base=USD&symbols=EUR {"source":"frankfurter.dev/v2/rates","data":[{"date":"2026-07-28","base":"USD","
2026-07-28T18:03:17.485Z OK #15 /x402/fx-rate?base=USD&symbols=JPY {"source":"frankfurter.dev/v2/rates","data":[{"date":"2026-07-28","base":"USD","
2026-07-28T18:03:17.485Z OK #15 /x402/fx-rate?base=USD&symbols=JPY {"source":"frankfurter.dev/v2/rates","data":[{"date":"2026-07-28","base":"USD","
2026-07-28T18:03:20.081Z OK #16 /x402/gas-tracker {"timestamp":"2026-07-28T18:03:19.990Z","chains":[{"chain":"ethereum","gas_gwei"
2026-07-28T18:03:20.081Z OK #16 /x402/gas-tracker {"timestamp":"2026-07-28T18:03:19.990Z","chains":[{"chain":"ethereum","gas_gwei"
2026-07-28T18:03:21.883Z OK #17 /x402/web-fetch?url=https://example.com {"timestamp":"2026-07-28T18:03:21.794Z","url":"https://example.com","status":200
2026-07-28T18:03:21.883Z OK #17 /x402/web-fetch?url=https://example.com {"timestamp":"2026-07-28T18:03:21.794Z","url":"https://example.com","status":200
2026-07-28T18:03:23.823Z OK #18 /x402/news-headlines {"timestamp":"2026-07-28T18:03:23.733Z","q":"crypto OR bitcoin OR AI agents","co
2026-07-28T18:03:23.823Z OK #18 /x402/news-headlines {"timestamp":"2026-07-28T18:03:23.733Z","q":"crypto OR bitcoin OR AI agents","co
2026-07-28T18:03:25.822Z OK #19 /x402/grants?keyword=ai {"source":"grants.gov/search2","total":138,"results":[{"id":"363121","number":"P
2026-07-28T18:03:25.822Z OK #19 /x402/grants?keyword=ai {"source":"grants.gov/search2","total":138,"results":[{"id":"363121","number":"P
2026-07-28T18:03:27.603Z OK #20 /x402/treasury-yields {"source":"home.treasury.gov/yield-curve","month":"202607","latest":{"date":"202
2026-07-28T18:03:27.603Z OK #20 /x402/treasury-yields {"source":"home.treasury.gov/yield-curve","month":"202607","latest":{"date":"202
2026-07-28T18:03:29.537Z OK #21 /x402/pha-lookup {"matches":[{"id":"nc-kinston-kha","name":"Kinston Housing Authority","hud_code"
2026-07-28T18:03:29.537Z OK #21 /x402/pha-lookup {"matches":[{"id":"nc-kinston-kha","name":"Kinston Housing Authority","hud_code"
2026-07-28T18:03:31.513Z OK #22 /x402/hcv-fmr {"area":"Lenoir County, NC","year":2025,"bedrooms":4,"fmr_monthly":1497,"schedul
2026-07-28T18:03:31.513Z OK #22 /x402/hcv-fmr {"area":"Lenoir County, NC","year":2025,"bedrooms":4,"fmr_monthly":1497,"schedul
2026-07-28T18:03:33.514Z OK #23 /x402/housing-windsor {"property":{"address":"1607 Windsor Rd","city":"Kinston","county":"Lenoir","sta
2026-07-28T18:03:33.514Z OK #23 /x402/housing-windsor {"property":{"address":"1607 Windsor Rd","city":"Kinston","county":"Lenoir","sta
2026-07-28T18:03:35.810Z OK #24 /x402/domain-enrich?domain=example.com {"timestamp":"2026-07-28T18:03:35.722Z","domain":"example.com","ips":["104.20.23
2026-07-28T18:03:35.810Z OK #24 /x402/domain-enrich?domain=example.com {"timestamp":"2026-07-28T18:03:35.722Z","domain":"example.com","ips":["104.20.23
2026-07-28T18:03:37.634Z OK #25 /x402/market?naics=541512 {"source":"usaspending.gov/api/v2","naics":"541512","window":{"start_date":"2023
2026-07-28T18:03:37.634Z OK #25 /x402/market?naics=541512 {"source":"usaspending.gov/api/v2","naics":"541512","window":{"start_date":"2023
2026-07-28T18:03:39.916Z OK #26 /x402/sec-8k?ticker=AAPL {"source":"sec.gov/EDGAR","ticker":"AAPL","company":"Apple Inc.","cik":"320193",
2026-07-28T18:03:39.916Z OK #26 /x402/sec-8k?ticker=AAPL {"source":"sec.gov/EDGAR","ticker":"AAPL","company":"Apple Inc.","cik":"320193",
2026-07-28T18:03:41.698Z OK #27 /x402/fx-rate?base=USD&symbols=EUR {"source":"frankfurter.dev/v2/rates","data":[{"date":"2026-07-28","base":"USD","
2026-07-28T18:03:41.698Z OK #27 /x402/fx-rate?base=USD&symbols=EUR {"source":"frankfurter.dev/v2/rates","data":[{"date":"2026-07-28","base":"USD","
2026-07-28T18:03:43.706Z OK #28 /x402/fx-rate?base=USD&symbols=JPY {"source":"frankfurter.dev/v2/rates","data":[{"date":"2026-07-28","base":"USD","
2026-07-28T18:03:43.706Z OK #28 /x402/fx-rate?base=USD&symbols=JPY {"source":"frankfurter.dev/v2/rates","data":[{"date":"2026-07-28","base":"USD","
2026-07-28T18:03:45.631Z OK #29 /x402/gas-tracker {"timestamp":"2026-07-28T18:03:45.540Z","chains":[{"chain":"ethereum","gas_gwei"
2026-07-28T18:03:45.631Z OK #29 /x402/gas-tracker {"timestamp":"2026-07-28T18:03:45.540Z","chains":[{"chain":"ethereum","gas_gwei"
2026-07-28T18:03:47.471Z OK #30 /x402/web-fetch?url=https://example.com {"timestamp":"2026-07-28T18:03:47.383Z","url":"https://example.com","status":200
2026-07-28T18:03:47.471Z OK #30 /x402/web-fetch?url=https://example.com {"timestamp":"2026-07-28T18:03:47.383Z","url":"https://example.com","status":200
2026-07-28T18:03:49.560Z OK #31 /x402/news-headlines {"timestamp":"2026-07-28T18:03:49.469Z","q":"crypto OR bitcoin OR AI agents","co
2026-07-28T18:03:49.560Z OK #31 /x402/news-headlines {"timestamp":"2026-07-28T18:03:49.469Z","q":"crypto OR bitcoin OR AI agents","co
2026-07-28T18:03:51.877Z OK #32 /x402/grants?keyword=ai {"source":"grants.gov/search2","total":138,"results":[{"id":"363121","number":"P
2026-07-28T18:03:51.877Z OK #32 /x402/grants?keyword=ai {"source":"grants.gov/search2","total":138,"results":[{"id":"363121","number":"P
2026-07-28T18:03:53.582Z OK #33 /x402/treasury-yields {"source":"home.treasury.gov/yield-curve","month":"202607","latest":{"date":"202
2026-07-28T18:03:53.582Z OK #33 /x402/treasury-yields {"source":"home.treasury.gov/yield-curve","month":"202607","latest":{"date":"202
2026-07-28T18:03:55.513Z OK #34 /x402/pha-lookup {"matches":[{"id":"nc-kinston-kha","name":"Kinston Housing Authority","hud_code"
2026-07-28T18:03:55.513Z OK #34 /x402/pha-lookup {"matches":[{"id":"nc-kinston-kha","name":"Kinston Housing Authority","hud_code"
2026-07-28T18:03:57.431Z OK #35 /x402/hcv-fmr {"area":"Lenoir County, NC","year":2025,"bedrooms":4,"fmr_monthly":1497,"schedul
2026-07-28T18:03:57.431Z OK #35 /x402/hcv-fmr {"area":"Lenoir County, NC","year":2025,"bedrooms":4,"fmr_monthly":1497,"schedul
2026-07-28T18:03:59.409Z OK #36 /x402/housing-windsor {"property":{"address":"1607 Windsor Rd","city":"Kinston","county":"Lenoir","sta
2026-07-28T18:03:59.409Z OK #36 /x402/housing-windsor {"property":{"address":"1607 Windsor Rd","city":"Kinston","county":"Lenoir","sta
2026-07-28T18:04:01.640Z OK #37 /x402/domain-enrich?domain=example.com {"timestamp":"2026-07-28T18:04:01.550Z","domain":"example.com","ips":["104.20.23
2026-07-28T18:04:01.640Z OK #37 /x402/domain-enrich?domain=example.com {"timestamp":"2026-07-28T18:04:01.550Z","domain":"example.com","ips":["104.20.23
2026-07-28T18:04:03.893Z OK #38 /x402/market?naics=541512 {"source":"usaspending.gov/api/v2","naics":"541512","window":{"start_date":"2023
2026-07-28T18:04:03.893Z OK #38 /x402/market?naics=541512 {"source":"usaspending.gov/api/v2","naics":"541512","window":{"start_date":"2023
2026-07-28T18:04:05.636Z OK #39 /x402/sec-8k?ticker=AAPL {"source":"sec.gov/EDGAR","ticker":"AAPL","company":"Apple Inc.","cik":"320193",
2026-07-28T18:04:05.636Z OK #39 /x402/sec-8k?ticker=AAPL {"source":"sec.gov/EDGAR","ticker":"AAPL","company":"Apple Inc.","cik":"320193",
2026-07-28T18:04:07.583Z OK #40 /x402/fx-rate?base=USD&symbols=EUR {"source":"frankfurter.dev/v2/rates","data":[{"date":"2026-07-28","base":"USD","
2026-07-28T18:04:07.583Z OK #40 /x402/fx-rate?base=USD&symbols=EUR {"source":"frankfurter.dev/v2/rates","data":[{"date":"2026-07-28","base":"USD","
2026-07-28T18:04:09.369Z OK #41 /x402/fx-rate?base=USD&symbols=JPY {"source":"frankfurter.dev/v2/rates","data":[{"date":"2026-07-28","base":"USD","
2026-07-28T18:04:09.369Z OK #41 /x402/fx-rate?base=USD&symbols=JPY {"source":"frankfurter.dev/v2/rates","data":[{"date":"2026-07-28","base":"USD","
2026-07-28T18:04:10.851Z OK #42 /x402/gas-tracker {"timestamp":"2026-07-28T18:04:10.764Z","chains":[{"chain":"ethereum","gas_gwei"
2026-07-28T18:04:10.851Z OK #42 /x402/gas-tracker {"timestamp":"2026-07-28T18:04:10.764Z","chains":[{"chain":"ethereum","gas_gwei"
2026-07-28T18:04:12.514Z OK #43 /x402/web-fetch?url=https://example.com {"timestamp":"2026-07-28T18:04:12.427Z","url":"https://example.com","status":200
2026-07-28T18:04:12.514Z OK #43 /x402/web-fetch?url=https://example.com {"timestamp":"2026-07-28T18:04:12.427Z","url":"https://example.com","status":200
2026-07-28T18:04:14.040Z OK #44 /x402/news-headlines {"timestamp":"2026-07-28T18:04:13.931Z","q":"crypto OR bitcoin OR AI agents","co
2026-07-28T18:04:14.040Z OK #44 /x402/news-headlines {"timestamp":"2026-07-28T18:04:13.931Z","q":"crypto OR bitcoin OR AI agents","co
2026-07-28T18:04:16.012Z OK #45 /x402/grants?keyword=ai {"source":"grants.gov/search2","total":138,"results":[{"id":"363121","number":"P
2026-07-28T18:04:16.012Z OK #45 /x402/grants?keyword=ai {"source":"grants.gov/search2","total":138,"results":[{"id":"363121","number":"P
2026-07-28T18:04:18.041Z OK #46 /x402/treasury-yields {"source":"home.treasury.gov/yield-curve","month":"202607","latest":{"date":"202
2026-07-28T18:04:18.041Z OK #46 /x402/treasury-yields {"source":"home.treasury.gov/yield-curve","month":"202607","latest":{"date":"202
2026-07-28T18:04:19.803Z OK #47 /x402/pha-lookup {"matches":[{"id":"nc-kinston-kha","name":"Kinston Housing Authority","hud_code"
2026-07-28T18:04:19.803Z OK #47 /x402/pha-lookup {"matches":[{"id":"nc-kinston-kha","name":"Kinston Housing Authority","hud_code"
2026-07-28T18:04:21.250Z OK #48 /x402/hcv-fmr {"area":"Lenoir County, NC","year":2025,"bedrooms":4,"fmr_monthly":1497,"schedul
2026-07-28T18:04:21.250Z OK #48 /x402/hcv-fmr {"area":"Lenoir County, NC","year":2025,"bedrooms":4,"fmr_monthly":1497,"schedul
2026-07-28T18:04:22.572Z OK #49 /x402/housing-windsor {"property":{"address":"1607 Windsor Rd","city":"Kinston","county":"Lenoir","sta
2026-07-28T18:04:22.572Z OK #49 /x402/housing-windsor {"property":{"address":"1607 Windsor Rd","city":"Kinston","county":"Lenoir","sta
2026-07-28T18:04:24.443Z OK #50 /x402/domain-enrich?domain=example.com {"timestamp":"2026-07-28T18:04:24.356Z","domain":"example.com","ips":["104.20.23
2026-07-28T18:04:24.443Z OK #50 /x402/domain-enrich?domain=example.com {"timestamp":"2026-07-28T18:04:24.356Z","domain":"example.com","ips":["104.20.23
2026-07-28T18:04:26.288Z OK #51 /x402/market?naics=541512 {"source":"usaspending.gov/api/v2","naics":"541512","window":{"start_date":"2023
2026-07-28T18:04:26.288Z OK #51 /x402/market?naics=541512 {"source":"usaspending.gov/api/v2","naics":"541512","window":{"start_date":"2023
2026-07-28T18:04:28.032Z OK #52 /x402/sec-8k?ticker=AAPL {"source":"sec.gov/EDGAR","ticker":"AAPL","company":"Apple Inc.","cik":"320193",
2026-07-28T18:04:28.032Z OK #52 /x402/sec-8k?ticker=AAPL {"source":"sec.gov/EDGAR","ticker":"AAPL","company":"Apple Inc.","cik":"320193",
2026-07-28T18:04:29.796Z OK #53 /x402/fx-rate?base=USD&symbols=EUR {"source":"frankfurter.dev/v2/rates","data":[{"date":"2026-07-28","base":"USD","
2026-07-28T18:04:29.796Z OK #53 /x402/fx-rate?base=USD&symbols=EUR {"source":"frankfurter.dev/v2/rates","data":[{"date":"2026-07-28","base":"USD","
2026-07-28T18:04:31.421Z OK #54 /x402/fx-rate?base=USD&symbols=JPY {"source":"frankfurter.dev/v2/rates","data":[{"date":"2026-07-28","base":"USD","
2026-07-28T18:04:31.421Z OK #54 /x402/fx-rate?base=USD&symbols=JPY {"source":"frankfurter.dev/v2/rates","data":[{"date":"2026-07-28","base":"USD","
2026-07-28T18:04:33.524Z OK #55 /x402/gas-tracker {"timestamp":"2026-07-28T18:04:33.436Z","chains":[{"chain":"ethereum","gas_gwei"
2026-07-28T18:04:33.524Z OK #55 /x402/gas-tracker {"timestamp":"2026-07-28T18:04:33.436Z","chains":[{"chain":"ethereum","gas_gwei"
2026-07-28T18:04:35.523Z OK #56 /x402/web-fetch?url=https://example.com {"timestamp":"2026-07-28T18:04:35.436Z","url":"https://example.com","status":200
2026-07-28T18:04:35.523Z OK #56 /x402/web-fetch?url=https://example.com {"timestamp":"2026-07-28T18:04:35.436Z","url":"https://example.com","status":200
2026-07-28T18:04:37.571Z OK #57 /x402/news-headlines {"timestamp":"2026-07-28T18:04:37.453Z","q":"crypto OR bitcoin OR AI agents","co
2026-07-28T18:04:37.571Z OK #57 /x402/news-headlines {"timestamp":"2026-07-28T18:04:37.453Z","q":"crypto OR bitcoin OR AI agents","co
2026-07-28T18:04:39.811Z OK #58 /x402/grants?keyword=ai {"source":"grants.gov/search2","total":138,"results":[{"id":"363121","number":"P
2026-07-28T18:04:39.811Z OK #58 /x402/grants?keyword=ai {"source":"grants.gov/search2","total":138,"results":[{"id":"363121","number":"P
2026-07-28T18:04:41.535Z OK #59 /x402/treasury-yields {"source":"home.treasury.gov/yield-curve","month":"202607","latest":{"date":"202
2026-07-28T18:04:41.535Z OK #59 /x402/treasury-yields {"source":"home.treasury.gov/yield-curve","month":"202607","latest":{"date":"202
2026-07-28T18:04:43.528Z OK #60 /x402/pha-lookup {"matches":[{"id":"nc-kinston-kha","name":"Kinston Housing Authority","hud_code"
2026-07-28T18:04:43.528Z OK #60 /x402/pha-lookup {"matches":[{"id":"nc-kinston-kha","name":"Kinston Housing Authority","hud_code"
2026-07-28T18:04:45.470Z OK #61 /x402/hcv-fmr {"area":"Lenoir County, NC","year":2025,"bedrooms":4,"fmr_monthly":1497,"schedul
2026-07-28T18:04:45.470Z OK #61 /x402/hcv-fmr {"area":"Lenoir County, NC","year":2025,"bedrooms":4,"fmr_monthly":1497,"schedul
2026-07-28T18:04:47.490Z OK #62 /x402/housing-windsor {"property":{"address":"1607 Windsor Rd","city":"Kinston","county":"Lenoir","sta
2026-07-28T18:04:47.490Z OK #62 /x402/housing-windsor {"property":{"address":"1607 Windsor Rd","city":"Kinston","county":"Lenoir","sta
2026-07-28T18:04:49.931Z OK #63 /x402/domain-enrich?domain=example.com {"timestamp":"2026-07-28T18:04:49.843Z","domain":"example.com","ips":["104.20.23
2026-07-28T18:04:49.931Z OK #63 /x402/domain-enrich?domain=example.com {"timestamp":"2026-07-28T18:04:49.843Z","domain":"example.com","ips":["104.20.23
2026-07-28T18:04:52.267Z OK #64 /x402/market?naics=541512 {"source":"usaspending.gov/api/v2","naics":"541512","window":{"start_date":"2023
2026-07-28T18:04:52.267Z OK #64 /x402/market?naics=541512 {"source":"usaspending.gov/api/v2","naics":"541512","window":{"start_date":"2023
2026-07-28T18:04:54.018Z OK #65 /x402/sec-8k?ticker=AAPL {"source":"sec.gov/EDGAR","ticker":"AAPL","company":"Apple Inc.","cik":"320193",
2026-07-28T18:04:54.018Z OK #65 /x402/sec-8k?ticker=AAPL {"source":"sec.gov/EDGAR","ticker":"AAPL","company":"Apple Inc.","cik":"320193",
2026-07-28T18:04:55.802Z OK #66 /x402/fx-rate?base=USD&symbols=EUR {"source":"frankfurter.dev/v2/rates","data":[{"date":"2026-07-28","base":"USD","
2026-07-28T18:04:55.802Z OK #66 /x402/fx-rate?base=USD&symbols=EUR {"source":"frankfurter.dev/v2/rates","data":[{"date":"2026-07-28","base":"USD","
2026-07-28T18:04:57.500Z OK #67 /x402/fx-rate?base=USD&symbols=JPY {"source":"frankfurter.dev/v2/rates","data":[{"date":"2026-07-28","base":"USD","
2026-07-28T18:04:57.500Z OK #67 /x402/fx-rate?base=USD&symbols=JPY {"source":"frankfurter.dev/v2/rates","data":[{"date":"2026-07-28","base":"USD","
2026-07-28T18:04:59.631Z OK #68 /x402/gas-tracker {"timestamp":"2026-07-28T18:04:59.543Z","chains":[{"chain":"ethereum","gas_gwei"
2026-07-28T18:04:59.631Z OK #68 /x402/gas-tracker {"timestamp":"2026-07-28T18:04:59.543Z","chains":[{"chain":"ethereum","gas_gwei"
2026-07-28T18:05:01.697Z OK #69 /x402/web-fetch?url=https://example.com {"timestamp":"2026-07-28T18:05:01.591Z","url":"https://example.com","status":200
2026-07-28T18:05:01.697Z OK #69 /x402/web-fetch?url=https://example.com {"timestamp":"2026-07-28T18:05:01.591Z","url":"https://example.com","status":200
2026-07-28T18:05:04.261Z OK #70 /x402/news-headlines {"timestamp":"2026-07-28T18:05:04.166Z","q":"crypto OR bitcoin OR AI agents","co
2026-07-28T18:05:04.261Z OK #70 /x402/news-headlines {"timestamp":"2026-07-28T18:05:04.166Z","q":"crypto OR bitcoin OR AI agents","co
2026-07-28T18:05:06.341Z OK #71 /x402/grants?keyword=ai {"source":"grants.gov/search2","total":138,"results":[{"id":"363121","number":"P
2026-07-28T18:05:06.341Z OK #71 /x402/grants?keyword=ai {"source":"grants.gov/search2","total":138,"results":[{"id":"363121","number":"P
2026-07-28T18:05:08.196Z OK #72 /x402/treasury-yields {"source":"home.treasury.gov/yield-curve","month":"202607","latest":{"date":"202
2026-07-28T18:05:08.196Z OK #72 /x402/treasury-yields {"source":"home.treasury.gov/yield-curve","month":"202607","latest":{"date":"202
2026-07-28T18:05:09.861Z OK #73 /x402/pha-lookup {"matches":[{"id":"nc-kinston-kha","name":"Kinston Housing Authority","hud_code"
2026-07-28T18:05:09.861Z OK #73 /x402/pha-lookup {"matches":[{"id":"nc-kinston-kha","name":"Kinston Housing Authority","hud_code"
2026-07-28T18:05:11.561Z OK #74 /x402/hcv-fmr {"area":"Lenoir County, NC","year":2025,"bedrooms":4,"fmr_monthly":1497,"schedul
2026-07-28T18:05:11.561Z OK #74 /x402/hcv-fmr {"area":"Lenoir County, NC","year":2025,"bedrooms":4,"fmr_monthly":1497,"schedul
2026-07-28T18:05:13.482Z OK #75 /x402/housing-windsor {"property":{"address":"1607 Windsor Rd","city":"Kinston","county":"Lenoir","sta
2026-07-28T18:05:13.482Z OK #75 /x402/housing-windsor {"property":{"address":"1607 Windsor Rd","city":"Kinston","county":"Lenoir","sta
2026-07-28T18:05:15.743Z OK #76 /x402/domain-enrich?domain=example.com {"timestamp":"2026-07-28T18:05:15.655Z","domain":"example.com","ips":["172.66.14
2026-07-28T18:05:15.743Z OK #76 /x402/domain-enrich?domain=example.com {"timestamp":"2026-07-28T18:05:15.655Z","domain":"example.com","ips":["172.66.14
2026-07-28T18:05:17.574Z OK #77 /x402/market?naics=541512 {"source":"usaspending.gov/api/v2","naics":"541512","window":{"start_date":"2023
2026-07-28T18:05:17.574Z OK #77 /x402/market?naics=541512 {"source":"usaspending.gov/api/v2","naics":"541512","window":{"start_date":"2023
2026-07-28T18:05:19.705Z OK #78 /x402/sec-8k?ticker=AAPL {"source":"sec.gov/EDGAR","ticker":"AAPL","company":"Apple Inc.","cik":"320193",
2026-07-28T18:05:19.705Z OK #78 /x402/sec-8k?ticker=AAPL {"source":"sec.gov/EDGAR","ticker":"AAPL","company":"Apple Inc.","cik":"320193",
2026-07-28T18:05:21.524Z OK #79 /x402/fx-rate?base=USD&symbols=EUR {"source":"frankfurter.dev/v2/rates","data":[{"date":"2026-07-28","base":"USD","
2026-07-28T18:05:21.524Z OK #79 /x402/fx-rate?base=USD&symbols=EUR {"source":"frankfurter.dev/v2/rates","data":[{"date":"2026-07-28","base":"USD","
2026-07-28T18:05:23.732Z OK #80 /x402/fx-rate?base=USD&symbols=JPY {"source":"frankfurter.dev/v2/rates","data":[{"date":"2026-07-28","base":"USD","
2026-07-28T18:05:23.732Z OK #80 /x402/fx-rate?base=USD&symbols=JPY {"source":"frankfurter.dev/v2/rates","data":[{"date":"2026-07-28","base":"USD","
2026-07-28T18:05:25.623Z OK #81 /x402/gas-tracker {"timestamp":"2026-07-28T18:05:25.536Z","chains":[{"chain":"ethereum","gas_gwei"
2026-07-28T18:05:25.623Z OK #81 /x402/gas-tracker {"timestamp":"2026-07-28T18:05:25.536Z","chains":[{"chain":"ethereum","gas_gwei"
2026-07-28T18:05:27.631Z OK #82 /x402/web-fetch?url=https://example.com {"timestamp":"2026-07-28T18:05:27.544Z","url":"https://example.com","status":200
2026-07-28T18:05:27.631Z OK #82 /x402/web-fetch?url=https://example.com {"timestamp":"2026-07-28T18:05:27.544Z","url":"https://example.com","status":200
2026-07-28T18:05:29.498Z OK #83 /x402/news-headlines {"timestamp":"2026-07-28T18:05:29.408Z","q":"crypto OR bitcoin OR AI agents","co
2026-07-28T18:05:29.498Z OK #83 /x402/news-headlines {"timestamp":"2026-07-28T18:05:29.408Z","q":"crypto OR bitcoin OR AI agents","co
2026-07-28T18:05:31.885Z OK #84 /x402/grants?keyword=ai {"source":"grants.gov/search2","total":138,"results":[{"id":"363121","number":"P
2026-07-28T18:05:31.885Z OK #84 /x402/grants?keyword=ai {"source":"grants.gov/search2","total":138,"results":[{"id":"363121","number":"P
2026-07-28T18:05:33.666Z OK #85 /x402/treasury-yields {"source":"home.treasury.gov/yield-curve","month":"202607","latest":{"date":"202
2026-07-28T18:05:33.666Z OK #85 /x402/treasury-yields {"source":"home.treasury.gov/yield-curve","month":"202607","latest":{"date":"202
2026-07-28T18:05:35.590Z OK #86 /x402/pha-lookup {"matches":[{"id":"nc-kinston-kha","name":"Kinston Housing Authority","hud_code"
2026-07-28T18:05:35.590Z OK #86 /x402/pha-lookup {"matches":[{"id":"nc-kinston-kha","name":"Kinston Housing Authority","hud_code"
2026-07-28T18:05:37.540Z OK #87 /x402/hcv-fmr {"area":"Lenoir County, NC","year":2025,"bedrooms":4,"fmr_monthly":1497,"schedul
2026-07-28T18:05:37.540Z OK #87 /x402/hcv-fmr {"area":"Lenoir County, NC","year":2025,"bedrooms":4,"fmr_monthly":1497,"schedul
2026-07-28T18:05:39.516Z OK #88 /x402/housing-windsor {"property":{"address":"1607 Windsor Rd","city":"Kinston","county":"Lenoir","sta
2026-07-28T18:05:39.516Z OK #88 /x402/housing-windsor {"property":{"address":"1607 Windsor Rd","city":"Kinston","county":"Lenoir","sta
2026-07-28T18:05:41.815Z OK #89 /x402/domain-enrich?domain=example.com {"timestamp":"2026-07-28T18:05:41.709Z","domain":"example.com","ips":["172.66.14
2026-07-28T18:05:41.815Z OK #89 /x402/domain-enrich?domain=example.com {"timestamp":"2026-07-28T18:05:41.709Z","domain":"example.com","ips":["172.66.14
2026-07-28T18:05:43.695Z OK #90 /x402/market?naics=541512 {"source":"usaspending.gov/api/v2","naics":"541512","window":{"start_date":"2023
2026-07-28T18:05:43.695Z OK #90 /x402/market?naics=541512 {"source":"usaspending.gov/api/v2","naics":"541512","window":{"start_date":"2023
2026-07-28T18:05:45.499Z OK #91 /x402/sec-8k?ticker=AAPL {"source":"sec.gov/EDGAR","ticker":"AAPL","company":"Apple Inc.","cik":"320193",
2026-07-28T18:05:45.499Z OK #91 /x402/sec-8k?ticker=AAPL {"source":"sec.gov/EDGAR","ticker":"AAPL","company":"Apple Inc.","cik":"320193",
2026-07-28T18:11:08.477Z START payer_eoa=0x523512A2Ab8aD92d16e6A6eB939811eC9914fA16 USDC=0.104843 rails=0x4e14B249D9A4c9c9352D780eCEB508A8eB7a7700 USDC=6.792 max=120 leave=0.015
2026-07-28T18:11:08.477Z START payer_eoa=0x523512A2Ab8aD92d16e6A6eB939811eC9914fA16 USDC=0.104843 rails=0x4e14B249D9A4c9c9352D780eCEB508A8eB7a7700 USDC=6.792 max=120 leave=0.015
2026-07-28T18:11:08.589Z payer is EOA ✓
2026-07-28T18:11:08.589Z payer is EOA ✓
2026-07-28T18:11:10.292Z OK #1 /x402/fx-rate?base=USD&symbols=EUR {"source":"frankfurter.dev/v2/rates","data":[{"date":"2026-07-28","base":"USD","
2026-07-28T18:11:10.292Z OK #1 /x402/fx-rate?base=USD&symbols=EUR {"source":"frankfurter.dev/v2/rates","data":[{"date":"2026-07-28","base":"USD","
2026-07-28T18:11:11.739Z OK #2 /x402/fx-rate?base=USD&symbols=JPY {"source":"frankfurter.dev/v2/rates","data":[{"date":"2026-07-28","base":"USD","
2026-07-28T18:11:11.739Z OK #2 /x402/fx-rate?base=USD&symbols=JPY {"source":"frankfurter.dev/v2/rates","data":[{"date":"2026-07-28","base":"USD","
2026-07-28T18:11:13.594Z OK #3 /x402/gas-tracker {"timestamp":"2026-07-28T18:11:13.501Z","chains":[{"chain":"ethereum","gas_gwei"
2026-07-28T18:11:13.594Z OK #3 /x402/gas-tracker {"timestamp":"2026-07-28T18:11:13.501Z","chains":[{"chain":"ethereum","gas_gwei"
2026-07-28T18:11:15.655Z OK #4 /x402/web-fetch?url=https://example.com {"timestamp":"2026-07-28T18:11:15.566Z","url":"https://example.com","status":200
2026-07-28T18:11:15.655Z OK #4 /x402/web-fetch?url=https://example.com {"timestamp":"2026-07-28T18:11:15.566Z","url":"https://example.com","status":200
2026-07-28T18:11:17.968Z OK #5 /x402/news-headlines {"timestamp":"2026-07-28T18:11:17.874Z","q":"crypto OR bitcoin OR AI agents","co
2026-07-28T18:11:17.968Z OK #5 /x402/news-headlines {"timestamp":"2026-07-28T18:11:17.874Z","q":"crypto OR bitcoin OR AI agents","co
2026-07-28T18:11:19.694Z OK #6 /x402/grants?keyword=ai {"source":"grants.gov/search2","total":138,"results":[{"id":"363121","number":"P
2026-07-28T18:11:19.694Z OK #6 /x402/grants?keyword=ai {"source":"grants.gov/search2","total":138,"results":[{"id":"363121","number":"P
2026-07-28T18:11:21.458Z OK #7 /x402/treasury-yields {"source":"home.treasury.gov/yield-curve","month":"202607","latest":{"date":"202
2026-07-28T18:11:21.458Z OK #7 /x402/treasury-yields {"source":"home.treasury.gov/yield-curve","month":"202607","latest":{"date":"202
2026-07-28T18:11:23.497Z OK #8 /x402/pha-lookup {"matches":[{"id":"nc-kinston-kha","name":"Kinston Housing Authority","hud_code"
2026-07-28T18:11:23.497Z OK #8 /x402/pha-lookup {"matches":[{"id":"nc-kinston-kha","name":"Kinston Housing Authority","hud_code"
2026-07-28T18:11:25.513Z OK #9 /x402/hcv-fmr {"area":"Lenoir County, NC","year":2025,"bedrooms":4,"fmr_monthly":1497,"schedul
2026-07-28T18:11:25.513Z OK #9 /x402/hcv-fmr {"area":"Lenoir County, NC","year":2025,"bedrooms":4,"fmr_monthly":1497,"schedul
2026-07-28T18:11:27.594Z OK #10 /x402/housing-windsor {"property":{"address":"1607 Windsor Rd","city":"Kinston","county":"Lenoir","sta
2026-07-28T18:11:27.594Z OK #10 /x402/housing-windsor {"property":{"address":"1607 Windsor Rd","city":"Kinston","county":"Lenoir","sta
2026-07-28T18:11:29.680Z OK #11 /x402/domain-enrich?domain=example.com {"timestamp":"2026-07-28T18:11:29.592Z","domain":"example.com","ips":["172.66.14
2026-07-28T18:11:29.680Z OK #11 /x402/domain-enrich?domain=example.com {"timestamp":"2026-07-28T18:11:29.592Z","domain":"example.com","ips":["172.66.14
2026-07-28T18:11:31.713Z OK #12 /x402/market?naics=541512 {"source":"usaspending.gov/api/v2","naics":"541512","window":{"start_date":"2023
2026-07-28T18:11:31.713Z OK #12 /x402/market?naics=541512 {"source":"usaspending.gov/api/v2","naics":"541512","window":{"start_date":"2023
2026-07-28T18:11:33.483Z OK #13 /x402/sec-8k?ticker=AAPL {"source":"sec.gov/EDGAR","ticker":"AAPL","company":"Apple Inc.","cik":"320193",
2026-07-28T18:11:33.483Z OK #13 /x402/sec-8k?ticker=AAPL {"source":"sec.gov/EDGAR","ticker":"AAPL","company":"Apple Inc.","cik":"320193",
2026-07-28T18:11:35.527Z OK #14 /x402/fx-rate?base=USD&symbols=EUR {"source":"frankfurter.dev/v2/rates","data":[{"date":"2026-07-28","base":"USD","
2026-07-28T18:11:35.527Z OK #14 /x402/fx-rate?base=USD&symbols=EUR {"source":"frankfurter.dev/v2/rates","data":[{"date":"2026-07-28","base":"USD","
2026-07-28T18:11:37.607Z OK #15 /x402/fx-rate?base=USD&symbols=JPY {"source":"frankfurter.dev/v2/rates","data":[{"date":"2026-07-28","base":"USD","
2026-07-28T18:11:37.607Z OK #15 /x402/fx-rate?base=USD&symbols=JPY {"source":"frankfurter.dev/v2/rates","data":[{"date":"2026-07-28","base":"USD","
2026-07-28T18:11:39.507Z OK #16 /x402/gas-tracker {"timestamp":"2026-07-28T18:11:39.415Z","chains":[{"chain":"ethereum","gas_gwei"
2026-07-28T18:11:39.507Z OK #16 /x402/gas-tracker {"timestamp":"2026-07-28T18:11:39.415Z","chains":[{"chain":"ethereum","gas_gwei"
2026-07-28T18:11:41.715Z OK #17 /x402/web-fetch?url=https://example.com {"timestamp":"2026-07-28T18:11:41.626Z","url":"https://example.com","status":200
2026-07-28T18:11:41.715Z OK #17 /x402/web-fetch?url=https://example.com {"timestamp":"2026-07-28T18:11:41.626Z","url":"https://example.com","status":200
2026-07-28T18:11:43.521Z OK #18 /x402/news-headlines {"timestamp":"2026-07-28T18:11:43.428Z","q":"crypto OR bitcoin OR AI agents","co
2026-07-28T18:11:43.521Z OK #18 /x402/news-headlines {"timestamp":"2026-07-28T18:11:43.428Z","q":"crypto OR bitcoin OR AI agents","co
2026-07-28T18:11:45.806Z OK #19 /x402/grants?keyword=ai {"source":"grants.gov/search2","total":138,"results":[{"id":"363121","number":"P
2026-07-28T18:11:45.806Z OK #19 /x402/grants?keyword=ai {"source":"grants.gov/search2","total":138,"results":[{"id":"363121","number":"P
2026-07-28T18:11:47.610Z OK #20 /x402/treasury-yields {"source":"home.treasury.gov/yield-curve","month":"202607","latest":{"date":"202
2026-07-28T18:11:47.610Z OK #20 /x402/treasury-yields {"source":"home.treasury.gov/yield-curve","month":"202607","latest":{"date":"202
2026-07-28T18:11:49.343Z OK #21 /x402/pha-lookup {"matches":[{"id":"nc-kinston-kha","name":"Kinston Housing Authority","hud_code"
2026-07-28T18:11:49.343Z OK #21 /x402/pha-lookup {"matches":[{"id":"nc-kinston-kha","name":"Kinston Housing Authority","hud_code"
2026-07-28T18:11:51.364Z OK #22 /x402/hcv-fmr {"area":"Lenoir County, NC","year":2025,"bedrooms":4,"fmr_monthly":1497,"schedul
2026-07-28T18:11:51.364Z OK #22 /x402/hcv-fmr {"area":"Lenoir County, NC","year":2025,"bedrooms":4,"fmr_monthly":1497,"schedul
2026-07-28T18:11:53.938Z OK #23 /x402/housing-windsor {"property":{"address":"1607 Windsor Rd","city":"Kinston","county":"Lenoir","sta
2026-07-28T18:11:53.938Z OK #23 /x402/housing-windsor {"property":{"address":"1607 Windsor Rd","city":"Kinston","county":"Lenoir","sta
2026-07-28T18:11:55.885Z OK #24 /x402/domain-enrich?domain=example.com {"timestamp":"2026-07-28T18:11:55.797Z","domain":"example.com","ips":["104.20.23
2026-07-28T18:11:55.885Z OK #24 /x402/domain-enrich?domain=example.com {"timestamp":"2026-07-28T18:11:55.797Z","domain":"example.com","ips":["104.20.23
2026-07-28T18:11:57.577Z OK #25 /x402/market?naics=541512 {"source":"usaspending.gov/api/v2","naics":"541512","window":{"start_date":"2023
2026-07-28T18:11:57.577Z OK #25 /x402/market?naics=541512 {"source":"usaspending.gov/api/v2","naics":"541512","window":{"start_date":"2023
2026-07-28T18:11:59.820Z OK #26 /x402/sec-8k?ticker=AAPL {"source":"sec.gov/EDGAR","ticker":"AAPL","company":"Apple Inc.","cik":"320193",
2026-07-28T18:11:59.820Z OK #26 /x402/sec-8k?ticker=AAPL {"source":"sec.gov/EDGAR","ticker":"AAPL","company":"Apple Inc.","cik":"320193",
2026-07-28T18:12:01.621Z OK #27 /x402/fx-rate?base=USD&symbols=EUR {"source":"frankfurter.dev/v2/rates","data":[{"date":"2026-07-28","base":"USD","
2026-07-28T18:12:01.621Z OK #27 /x402/fx-rate?base=USD&symbols=EUR {"source":"frankfurter.dev/v2/rates","data":[{"date":"2026-07-28","base":"USD","
2026-07-28T18:12:03.651Z OK #28 /x402/fx-rate?base=USD&symbols=JPY {"source":"frankfurter.dev/v2/rates","data":[{"date":"2026-07-28","base":"USD","
2026-07-28T18:12:03.651Z OK #28 /x402/fx-rate?base=USD&symbols=JPY {"source":"frankfurter.dev/v2/rates","data":[{"date":"2026-07-28","base":"USD","
2026-07-28T18:12:05.595Z OK #29 /x402/gas-tracker {"timestamp":"2026-07-28T18:12:05.502Z","chains":[{"chain":"ethereum","gas_gwei"
2026-07-28T18:12:05.595Z OK #29 /x402/gas-tracker {"timestamp":"2026-07-28T18:12:05.502Z","chains":[{"chain":"ethereum","gas_gwei"
2026-07-28T18:12:07.618Z OK #30 /x402/web-fetch?url=https://example.com {"timestamp":"2026-07-28T18:12:07.530Z","url":"https://example.com","status":200
2026-07-28T18:12:07.618Z OK #30 /x402/web-fetch?url=https://example.com {"timestamp":"2026-07-28T18:12:07.530Z","url":"https://example.com","status":200
2026-07-28T18:12:09.761Z OK #31 /x402/news-headlines {"timestamp":"2026-07-28T18:12:09.668Z","q":"crypto OR bitcoin OR AI agents","co
2026-07-28T18:12:09.761Z OK #31 /x402/news-headlines {"timestamp":"2026-07-28T18:12:09.668Z","q":"crypto OR bitcoin OR AI agents","co
2026-07-28T18:12:12.040Z OK #32 /x402/grants?keyword=ai {"source":"grants.gov/search2","total":138,"results":[{"id":"363121","number":"P
2026-07-28T18:12:12.040Z OK #32 /x402/grants?keyword=ai {"source":"grants.gov/search2","total":138,"results":[{"id":"363121","number":"P
2026-07-28T18:12:13.841Z OK #33 /x402/treasury-yields {"source":"home.treasury.gov/yield-curve","month":"202607","latest":{"date":"202
2026-07-28T18:12:13.841Z OK #33 /x402/treasury-yields {"source":"home.treasury.gov/yield-curve","month":"202607","latest":{"date":"202
2026-07-28T18:12:15.248Z OK #34 /x402/pha-lookup {"matches":[{"id":"nc-kinston-kha","name":"Kinston Housing Authority","hud_code"
2026-07-28T18:12:15.248Z OK #34 /x402/pha-lookup {"matches":[{"id":"nc-kinston-kha","name":"Kinston Housing Authority","hud_code"
2026-07-28T18:12:17.013Z OK #35 /x402/hcv-fmr {"area":"Lenoir County, NC","year":2025,"bedrooms":4,"fmr_monthly":1497,"schedul
2026-07-28T18:12:17.013Z OK #35 /x402/hcv-fmr {"area":"Lenoir County, NC","year":2025,"bedrooms":4,"fmr_monthly":1497,"schedul
2026-07-28T18:12:18.398Z OK #36 /x402/housing-windsor {"property":{"address":"1607 Windsor Rd","city":"Kinston","county":"Lenoir","sta
2026-07-28T18:12:18.398Z OK #36 /x402/housing-windsor {"property":{"address":"1607 Windsor Rd","city":"Kinston","county":"Lenoir","sta
2026-07-28T18:12:20.177Z OK #37 /x402/domain-enrich?domain=example.com {"timestamp":"2026-07-28T18:12:20.085Z","domain":"example.com","ips":["104.20.23
2026-07-28T18:12:20.177Z OK #37 /x402/domain-enrich?domain=example.com {"timestamp":"2026-07-28T18:12:20.085Z","domain":"example.com","ips":["104.20.23
2026-07-28T18:12:22.123Z OK #38 /x402/market?naics=541512 {"source":"usaspending.gov/api/v2","naics":"541512","window":{"start_date":"2023
2026-07-28T18:12:22.123Z OK #38 /x402/market?naics=541512 {"source":"usaspending.gov/api/v2","naics":"541512","window":{"start_date":"2023
2026-07-28T18:12:23.652Z OK #39 /x402/sec-8k?ticker=AAPL {"source":"sec.gov/EDGAR","ticker":"AAPL","company":"Apple Inc.","cik":"320193",
2026-07-28T18:12:23.652Z OK #39 /x402/sec-8k?ticker=AAPL {"source":"sec.gov/EDGAR","ticker":"AAPL","company":"Apple Inc.","cik":"320193",
2026-07-28T18:12:25.398Z OK #40 /x402/fx-rate?base=USD&symbols=EUR {"source":"frankfurter.dev/v2/rates","data":[{"date":"2026-07-28","base":"USD","
2026-07-28T18:12:25.398Z OK #40 /x402/fx-rate?base=USD&symbols=EUR {"source":"frankfurter.dev/v2/rates","data":[{"date":"2026-07-28","base":"USD","
2026-07-28T18:12:27.447Z OK #41 /x402/fx-rate?base=USD&symbols=JPY {"source":"frankfurter.dev/v2/rates","data":[{"date":"2026-07-28","base":"USD","
2026-07-28T18:12:27.447Z OK #41 /x402/fx-rate?base=USD&symbols=JPY {"source":"frankfurter.dev/v2/rates","data":[{"date":"2026-07-28","base":"USD","
2026-07-28T18:12:29.593Z OK #42 /x402/gas-tracker {"timestamp":"2026-07-28T18:12:29.501Z","chains":[{"chain":"ethereum","gas_gwei"
2026-07-28T18:12:29.593Z OK #42 /x402/gas-tracker {"timestamp":"2026-07-28T18:12:29.501Z","chains":[{"chain":"ethereum","gas_gwei"
2026-07-28T18:12:31.468Z OK #43 /x402/web-fetch?url=https://example.com {"timestamp":"2026-07-28T18:12:31.380Z","url":"https://example.com","status":200
2026-07-28T18:12:31.468Z OK #43 /x402/web-fetch?url=https://example.com {"timestamp":"2026-07-28T18:12:31.380Z","url":"https://example.com","status":200
2026-07-28T18:12:33.692Z OK #44 /x402/news-headlines {"timestamp":"2026-07-28T18:12:33.602Z","q":"crypto OR bitcoin OR AI agents","co
2026-07-28T18:12:33.692Z OK #44 /x402/news-headlines {"timestamp":"2026-07-28T18:12:33.602Z","q":"crypto OR bitcoin OR AI agents","co
2026-07-28T18:12:35.804Z OK #45 /x402/grants?keyword=ai {"source":"grants.gov/search2","total":138,"results":[{"id":"363121","number":"P
2026-07-28T18:12:35.804Z OK #45 /x402/grants?keyword=ai {"source":"grants.gov/search2","total":138,"results":[{"id":"363121","number":"P
2026-07-28T18:12:37.467Z OK #46 /x402/treasury-yields {"source":"home.treasury.gov/yield-curve","month":"202607","latest":{"date":"202
2026-07-28T18:12:37.467Z OK #46 /x402/treasury-yields {"source":"home.treasury.gov/yield-curve","month":"202607","latest":{"date":"202
2026-07-28T18:12:39.540Z OK #47 /x402/pha-lookup {"matches":[{"id":"nc-kinston-kha","name":"Kinston Housing Authority","hud_code"
2026-07-28T18:12:39.540Z OK #47 /x402/pha-lookup {"matches":[{"id":"nc-kinston-kha","name":"Kinston Housing Authority","hud_code"
2026-07-28T18:12:41.553Z OK #48 /x402/hcv-fmr {"area":"Lenoir County, NC","year":2025,"bedrooms":4,"fmr_monthly":1497,"schedul
2026-07-28T18:12:41.553Z OK #48 /x402/hcv-fmr {"area":"Lenoir County, NC","year":2025,"bedrooms":4,"fmr_monthly":1497,"schedul
2026-07-28T18:12:43.581Z OK #49 /x402/housing-windsor {"property":{"address":"1607 Windsor Rd","city":"Kinston","county":"Lenoir","sta
2026-07-28T18:12:43.581Z OK #49 /x402/housing-windsor {"property":{"address":"1607 Windsor Rd","city":"Kinston","county":"Lenoir","sta
2026-07-28T18:12:45.936Z OK #50 /x402/domain-enrich?domain=example.com {"timestamp":"2026-07-28T18:12:45.847Z","domain":"example.com","ips":["172.66.14
2026-07-28T18:12:45.936Z OK #50 /x402/domain-enrich?domain=example.com {"timestamp":"2026-07-28T18:12:45.847Z","domain":"example.com","ips":["172.66.14
2026-07-28T18:12:47.807Z OK #51 /x402/market?naics=541512 {"source":"usaspending.gov/api/v2","naics":"541512","window":{"start_date":"2023
2026-07-28T18:12:47.807Z OK #51 /x402/market?naics=541512 {"source":"usaspending.gov/api/v2","naics":"541512","window":{"start_date":"2023
2026-07-28T18:12:49.589Z OK #52 /x402/sec-8k?ticker=AAPL {"source":"sec.gov/EDGAR","ticker":"AAPL","company":"Apple Inc.","cik":"320193",
2026-07-28T18:12:49.589Z OK #52 /x402/sec-8k?ticker=AAPL {"source":"sec.gov/EDGAR","ticker":"AAPL","company":"Apple Inc.","cik":"320193",
2026-07-28T18:12:51.607Z OK #53 /x402/fx-rate?base=USD&symbols=EUR {"source":"frankfurter.dev/v2/rates","data":[{"date":"2026-07-28","base":"USD","
2026-07-28T18:12:51.607Z OK #53 /x402/fx-rate?base=USD&symbols=EUR {"source":"frankfurter.dev/v2/rates","data":[{"date":"2026-07-28","base":"USD","
2026-07-28T18:12:53.647Z OK #54 /x402/fx-rate?base=USD&symbols=JPY {"source":"frankfurter.dev/v2/rates","data":[{"date":"2026-07-28","base":"USD","
2026-07-28T18:12:53.647Z OK #54 /x402/fx-rate?base=USD&symbols=JPY {"source":"frankfurter.dev/v2/rates","data":[{"date":"2026-07-28","base":"USD","
2026-07-28T18:12:55.550Z OK #55 /x402/gas-tracker {"timestamp":"2026-07-28T18:12:55.461Z","chains":[{"chain":"ethereum","gas_gwei"
2026-07-28T18:12:55.550Z OK #55 /x402/gas-tracker {"timestamp":"2026-07-28T18:12:55.461Z","chains":[{"chain":"ethereum","gas_gwei"
2026-07-28T18:12:57.571Z OK #56 /x402/web-fetch?url=https://example.com {"timestamp":"2026-07-28T18:12:57.482Z","url":"https://example.com","status":200
2026-07-28T18:12:57.571Z OK #56 /x402/web-fetch?url=https://example.com {"timestamp":"2026-07-28T18:12:57.482Z","url":"https://example.com","status":200
2026-07-28T18:12:59.667Z OK #57 /x402/news-headlines {"timestamp":"2026-07-28T18:12:59.576Z","q":"crypto OR bitcoin OR AI agents","co
2026-07-28T18:12:59.667Z OK #57 /x402/news-headlines {"timestamp":"2026-07-28T18:12:59.576Z","q":"crypto OR bitcoin OR AI agents","co
2026-07-28T18:13:01.759Z OK #58 /x402/grants?keyword=ai {"source":"grants.gov/search2","total":138,"results":[{"id":"363121","number":"P
2026-07-28T18:13:01.759Z OK #58 /x402/grants?keyword=ai {"source":"grants.gov/search2","total":138,"results":[{"id":"363121","number":"P
2026-07-28T18:13:03.640Z OK #59 /x402/treasury-yields {"source":"home.treasury.gov/yield-curve","month":"202607","latest":{"date":"202
2026-07-28T18:13:03.640Z OK #59 /x402/treasury-yields {"source":"home.treasury.gov/yield-curve","month":"202607","latest":{"date":"202
2026-07-28T18:13:05.428Z OK #60 /x402/pha-lookup {"matches":[{"id":"nc-kinston-kha","name":"Kinston Housing Authority","hud_code"
2026-07-28T18:13:05.428Z OK #60 /x402/pha-lookup {"matches":[{"id":"nc-kinston-kha","name":"Kinston Housing Authority","hud_code"
2026-07-28T18:13:07.459Z OK #61 /x402/hcv-fmr {"area":"Lenoir County, NC","year":2025,"bedrooms":4,"fmr_monthly":1497,"schedul
2026-07-28T18:13:07.459Z OK #61 /x402/hcv-fmr {"area":"Lenoir County, NC","year":2025,"bedrooms":4,"fmr_monthly":1497,"schedul
2026-07-28T18:13:09.475Z OK #62 /x402/housing-windsor {"property":{"address":"1607 Windsor Rd","city":"Kinston","county":"Lenoir","sta
2026-07-28T18:13:09.475Z OK #62 /x402/housing-windsor {"property":{"address":"1607 Windsor Rd","city":"Kinston","county":"Lenoir","sta
2026-07-28T18:13:11.654Z OK #63 /x402/domain-enrich?domain=example.com {"timestamp":"2026-07-28T18:13:11.565Z","domain":"example.com","ips":["172.66.14
2026-07-28T18:13:11.654Z OK #63 /x402/domain-enrich?domain=example.com {"timestamp":"2026-07-28T18:13:11.565Z","domain":"example.com","ips":["172.66.14
2026-07-28T18:13:13.605Z OK #64 /x402/market?naics=541512 {"source":"usaspending.gov/api/v2","naics":"541512","window":{"start_date":"2023
2026-07-28T18:13:13.605Z OK #64 /x402/market?naics=541512 {"source":"usaspending.gov/api/v2","naics":"541512","window":{"start_date":"2023
2026-07-28T18:13:15.429Z OK #65 /x402/sec-8k?ticker=AAPL {"source":"sec.gov/EDGAR","ticker":"AAPL","company":"Apple Inc.","cik":"320193",
2026-07-28T18:13:15.429Z OK #65 /x402/sec-8k?ticker=AAPL {"source":"sec.gov/EDGAR","ticker":"AAPL","company":"Apple Inc.","cik":"320193",
2026-07-28T18:13:17.459Z OK #66 /x402/fx-rate?base=USD&symbols=EUR {"source":"frankfurter.dev/v2/rates","data":[{"date":"2026-07-28","base":"USD","
2026-07-28T18:13:17.459Z OK #66 /x402/fx-rate?base=USD&symbols=EUR {"source":"frankfurter.dev/v2/rates","data":[{"date":"2026-07-28","base":"USD","
2026-07-28T18:13:19.492Z OK #67 /x402/fx-rate?base=USD&symbols=JPY {"source":"frankfurter.dev/v2/rates","data":[{"date":"2026-07-28","base":"USD","
2026-07-28T18:13:19.492Z OK #67 /x402/fx-rate?base=USD&symbols=JPY {"source":"frankfurter.dev/v2/rates","data":[{"date":"2026-07-28","base":"USD","
2026-07-28T18:13:21.612Z OK #68 /x402/gas-tracker {"timestamp":"2026-07-28T18:13:21.524Z","chains":[{"chain":"ethereum","gas_gwei"
2026-07-28T18:13:21.612Z OK #68 /x402/gas-tracker {"timestamp":"2026-07-28T18:13:21.524Z","chains":[{"chain":"ethereum","gas_gwei"
2026-07-28T18:13:23.383Z OK #69 /x402/web-fetch?url=https://example.com {"timestamp":"2026-07-28T18:13:23.290Z","url":"https://example.com","status":200
2026-07-28T18:13:23.383Z OK #69 /x402/web-fetch?url=https://example.com {"timestamp":"2026-07-28T18:13:23.290Z","url":"https://example.com","status":200
2026-07-28T18:13:25.845Z OK #70 /x402/news-headlines {"timestamp":"2026-07-28T18:13:25.751Z","q":"crypto OR bitcoin OR AI agents","co
2026-07-28T18:13:25.845Z OK #70 /x402/news-headlines {"timestamp":"2026-07-28T18:13:25.751Z","q":"crypto OR bitcoin OR AI agents","co
2026-07-28T18:13:27.537Z OK #71 /x402/grants?keyword=ai {"source":"grants.gov/search2","total":138,"results":[{"id":"363121","number":"P
2026-07-28T18:13:27.537Z OK #71 /x402/grants?keyword=ai {"source":"grants.gov/search2","total":138,"results":[{"id":"363121","number":"P
2026-07-28T18:13:29.643Z OK #72 /x402/treasury-yields {"source":"home.treasury.gov/yield-curve","month":"202607","latest":{"date":"202
2026-07-28T18:13:29.643Z OK #72 /x402/treasury-yields {"source":"home.treasury.gov/yield-curve","month":"202607","latest":{"date":"202
2026-07-28T18:13:31.678Z OK #73 /x402/pha-lookup {"matches":[{"id":"nc-kinston-kha","name":"Kinston Housing Authority","hud_code"
2026-07-28T18:13:31.678Z OK #73 /x402/pha-lookup {"matches":[{"id":"nc-kinston-kha","name":"Kinston Housing Authority","hud_code"
2026-07-28T18:13:33.440Z OK #74 /x402/hcv-fmr {"area":"Lenoir County, NC","year":2025,"bedrooms":4,"fmr_monthly":1497,"schedul
2026-07-28T18:13:33.440Z OK #74 /x402/hcv-fmr {"area":"Lenoir County, NC","year":2025,"bedrooms":4,"fmr_monthly":1497,"schedul
2026-07-28T18:13:35.551Z OK #75 /x402/housing-windsor {"property":{"address":"1607 Windsor Rd","city":"Kinston","county":"Lenoir","sta
2026-07-28T18:13:35.551Z OK #75 /x402/housing-windsor {"property":{"address":"1607 Windsor Rd","city":"Kinston","county":"Lenoir","sta
2026-07-28T18:13:37.965Z OK #76 /x402/domain-enrich?domain=example.com {"timestamp":"2026-07-28T18:13:37.873Z","domain":"example.com","ips":["172.66.14
2026-07-28T18:13:37.965Z OK #76 /x402/domain-enrich?domain=example.com {"timestamp":"2026-07-28T18:13:37.873Z","domain":"example.com","ips":["172.66.14
2026-07-28T18:13:39.583Z OK #77 /x402/market?naics=541512 {"source":"usaspending.gov/api/v2","naics":"541512","window":{"start_date":"2023
2026-07-28T18:13:39.583Z OK #77 /x402/market?naics=541512 {"source":"usaspending.gov/api/v2","naics":"541512","window":{"start_date":"2023
2026-07-28T18:13:41.700Z OK #78 /x402/sec-8k?ticker=AAPL {"source":"sec.gov/EDGAR","ticker":"AAPL","company":"Apple Inc.","cik":"320193",
2026-07-28T18:13:41.700Z OK #78 /x402/sec-8k?ticker=AAPL {"source":"sec.gov/EDGAR","ticker":"AAPL","company":"Apple Inc.","cik":"320193",
2026-07-28T18:13:43.484Z OK #79 /x402/fx-rate?base=USD&symbols=EUR {"source":"frankfurter.dev/v2/rates","data":[{"date":"2026-07-28","base":"USD","
2026-07-28T18:13:43.484Z OK #79 /x402/fx-rate?base=USD&symbols=EUR {"source":"frankfurter.dev/v2/rates","data":[{"date":"2026-07-28","base":"USD","
2026-07-28T18:13:45.496Z OK #80 /x402/fx-rate?base=USD&symbols=JPY {"source":"frankfurter.dev/v2/rates","data":[{"date":"2026-07-28","base":"USD","
2026-07-28T18:13:45.496Z OK #80 /x402/fx-rate?base=USD&symbols=JPY {"source":"frankfurter.dev/v2/rates","data":[{"date":"2026-07-28","base":"USD","
2026-07-28T18:13:47.628Z OK #81 /x402/gas-tracker {"timestamp":"2026-07-28T18:13:47.536Z","chains":[{"chain":"ethereum","gas_gwei"
2026-07-28T18:13:47.628Z OK #81 /x402/gas-tracker {"timestamp":"2026-07-28T18:13:47.536Z","chains":[{"chain":"ethereum","gas_gwei"
2026-07-28T18:13:49.673Z OK #82 /x402/web-fetch?url=https://example.com {"timestamp":"2026-07-28T18:13:49.584Z","url":"https://example.com","status":200
2026-07-28T18:13:49.673Z OK #82 /x402/web-fetch?url=https://example.com {"timestamp":"2026-07-28T18:13:49.584Z","url":"https://example.com","status":200
2026-07-28T18:13:51.590Z OK #83 /x402/news-headlines {"timestamp":"2026-07-28T18:13:51.495Z","q":"crypto OR bitcoin OR AI agents","co
2026-07-28T18:13:51.590Z OK #83 /x402/news-headlines {"timestamp":"2026-07-28T18:13:51.495Z","q":"crypto OR bitcoin OR AI agents","co
2026-07-28T18:13:54.005Z OK #84 /x402/grants?keyword=ai {"source":"grants.gov/search2","total":138,"results":[{"id":"363121","number":"P
2026-07-28T18:13:54.005Z OK #84 /x402/grants?keyword=ai {"source":"grants.gov/search2","total":138,"results":[{"id":"363121","number":"P
2026-07-28T18:13:55.812Z OK #85 /x402/treasury-yields {"source":"home.treasury.gov/yield-curve","month":"202607","latest":{"date":"202
2026-07-28T18:13:55.812Z OK #85 /x402/treasury-yields {"source":"home.treasury.gov/yield-curve","month":"202607","latest":{"date":"202
2026-07-28T18:13:57.578Z OK #86 /x402/pha-lookup {"matches":[{"id":"nc-kinston-kha","name":"Kinston Housing Authority","hud_code"
2026-07-28T18:13:57.578Z OK #86 /x402/pha-lookup {"matches":[{"id":"nc-kinston-kha","name":"Kinston Housing Authority","hud_code"
2026-07-28T18:13:59.370Z OK #87 /x402/hcv-fmr {"area":"Lenoir County, NC","year":2025,"bedrooms":4,"fmr_monthly":1497,"schedul
2026-07-28T18:13:59.370Z OK #87 /x402/hcv-fmr {"area":"Lenoir County, NC","year":2025,"bedrooms":4,"fmr_monthly":1497,"schedul
2026-07-28T18:14:01.388Z OK #88 /x402/housing-windsor {"property":{"address":"1607 Windsor Rd","city":"Kinston","county":"Lenoir","sta
2026-07-28T18:14:01.388Z OK #88 /x402/housing-windsor {"property":{"address":"1607 Windsor Rd","city":"Kinston","county":"Lenoir","sta
2026-07-28T18:14:03.901Z OK #89 /x402/domain-enrich?domain=example.com {"timestamp":"2026-07-28T18:14:03.812Z","domain":"example.com","ips":["104.20.23
2026-07-28T18:14:03.901Z OK #89 /x402/domain-enrich?domain=example.com {"timestamp":"2026-07-28T18:14:03.812Z","domain":"example.com","ips":["104.20.23
2026-07-28T18:14:05.727Z OK #90 /x402/market?naics=541512 {"source":"usaspending.gov/api/v2","naics":"541512","window":{"start_date":"2023
2026-07-28T18:14:05.727Z OK #90 /x402/market?naics=541512 {"source":"usaspending.gov/api/v2","naics":"541512","window":{"start_date":"2023
2026-07-28T18:14:06.220Z STOP low bal 0.015843
2026-07-28T18:14:06.220Z STOP low bal 0.015843
2026-07-28T18:14:06.402Z DONE {"ok":90,"attempts":90,"eoa":"0x523512A2Ab8aD92d16e6A6eB939811eC9914fA16","rails":"0x4e14B249D9A4c9c9352D780eCEB508A8eB7a7700","usdc_eoa_before":0.104843,"usdc_eoa_after":0.015843,"rails_before":6.792,"rails_after":6.881,"moved_to_rails":0.08900000000000041,"note":"Facilitator self-settle EOA→rails. Closed-loop SML treasury."}
2026-07-28T18:14:06.402Z DONE {"ok":90,"attempts":90,"eoa":"0x523512A2Ab8aD92d16e6A6eB939811eC9914fA16","rails":"0x4e14B249D9A4c9c9352D780eCEB508A8eB7a7700","usdc_eoa_before":0.104843,"usdc_eoa_after":0.015843,"rails_before":6.792,"rails_after":6.881,"moved_to_rails":0.08900000000000041,"note":"Facilitator self-settle EOA→rails. Closed-loop SML treasury."}
2026-07-28T18:14:06.588Z STATS settledByFacilitator={"self":585} recentSettled=50
2026-07-28T18:14:06.588Z STATS settledByFacilitator={"self":585} recentSettled=50
EXIT:0
2026-07-28T18:36:25.375Z START payer_eoa=0x523512A2Ab8aD92d16e6A6eB939811eC9914fA16 USDC=0.014843 rails=0x4e14B249D9A4c9c9352D780eCEB508A8eB7a7700 USDC=6.882 max=50 leave=0.005
2026-07-28T18:36:25.375Z START payer_eoa=0x523512A2Ab8aD92d16e6A6eB939811eC9914fA16 USDC=0.014843 rails=0x4e14B249D9A4c9c9352D780eCEB508A8eB7a7700 USDC=6.882 max=50 leave=0.005
2026-07-28T18:36:25.489Z payer is EOA ✓
2026-07-28T18:36:25.489Z payer is EOA ✓
2026-07-28T18:36:26.840Z OK #1 /x402/fx-rate?base=USD&symbols=EUR {"source":"frankfurter.dev/v2/rates","data":[{"date":"2026-07-28","base":"USD","
2026-07-28T18:36:26.840Z OK #1 /x402/fx-rate?base=USD&symbols=EUR {"source":"frankfurter.dev/v2/rates","data":[{"date":"2026-07-28","base":"USD","
2026-07-28T18:36:28.559Z OK #2 /x402/fx-rate?base=USD&symbols=JPY {"source":"frankfurter.dev/v2/rates","data":[{"date":"2026-07-28","base":"USD","
2026-07-28T18:36:28.559Z OK #2 /x402/fx-rate?base=USD&symbols=JPY {"source":"frankfurter.dev/v2/rates","data":[{"date":"2026-07-28","base":"USD","
2026-07-28T18:36:30.184Z OK #3 /x402/gas-tracker {"timestamp":"2026-07-28T18:36:30.096Z","chains":[{"chain":"ethereum","gas_gwei"
2026-07-28T18:36:30.184Z OK #3 /x402/gas-tracker {"timestamp":"2026-07-28T18:36:30.096Z","chains":[{"chain":"ethereum","gas_gwei"
2026-07-28T18:36:31.609Z OK #4 /x402/web-fetch?url=https://example.com {"timestamp":"2026-07-28T18:36:31.520Z","url":"https://example.com","status":200
2026-07-28T18:36:31.609Z OK #4 /x402/web-fetch?url=https://example.com {"timestamp":"2026-07-28T18:36:31.520Z","url":"https://example.com","status":200
2026-07-28T18:36:34.085Z OK #5 /x402/news-headlines {"timestamp":"2026-07-28T18:36:33.990Z","q":"crypto OR bitcoin OR AI agents","co
2026-07-28T18:36:34.085Z OK #5 /x402/news-headlines {"timestamp":"2026-07-28T18:36:33.990Z","q":"crypto OR bitcoin OR AI agents","co
2026-07-28T18:36:36.065Z OK #6 /x402/grants?keyword=ai {"source":"grants.gov/search2","total":138,"results":[{"id":"363121","number":"P
2026-07-28T18:36:36.065Z OK #6 /x402/grants?keyword=ai {"source":"grants.gov/search2","total":138,"results":[{"id":"363121","number":"P
2026-07-28T18:36:38.607Z OK #7 /x402/treasury-yields {"source":"home.treasury.gov/yield-curve","month":"202607","latest":{"date":"202
2026-07-28T18:36:38.607Z OK #7 /x402/treasury-yields {"source":"home.treasury.gov/yield-curve","month":"202607","latest":{"date":"202
2026-07-28T18:36:40.039Z OK #8 /x402/pha-lookup {"matches":[{"id":"nc-kinston-kha","name":"Kinston Housing Authority","hud_code"
2026-07-28T18:36:40.039Z OK #8 /x402/pha-lookup {"matches":[{"id":"nc-kinston-kha","name":"Kinston Housing Authority","hud_code"
2026-07-28T18:36:42.086Z OK #9 /x402/hcv-fmr {"area":"Lenoir County, NC","year":2025,"bedrooms":4,"fmr_monthly":1497,"schedul
2026-07-28T18:36:42.086Z OK #9 /x402/hcv-fmr {"area":"Lenoir County, NC","year":2025,"bedrooms":4,"fmr_monthly":1497,"schedul
2026-07-28T18:36:43.576Z OK #10 /x402/housing-windsor {"property":{"address":"1607 Windsor Rd","city":"Kinston","county":"Lenoir","sta
2026-07-28T18:36:43.576Z OK #10 /x402/housing-windsor {"property":{"address":"1607 Windsor Rd","city":"Kinston","county":"Lenoir","sta
2026-07-28T18:36:44.061Z STOP low bal 0.005843
2026-07-28T18:36:44.061Z STOP low bal 0.005843
2026-07-28T18:36:44.243Z DONE {"ok":10,"attempts":10,"eoa":"0x523512A2Ab8aD92d16e6A6eB939811eC9914fA16","rails":"0x4e14B249D9A4c9c9352D780eCEB508A8eB7a7700","usdc_eoa_before":0.014843,"usdc_eoa_after":0.005843,"rails_before":6.882,"rails_after":6.891,"moved_to_rails":0.009000000000000341,"note":"Facilitator self-settle EOA→rails. Closed-loop SML treasury."}
2026-07-28T18:36:44.243Z DONE {"ok":10,"attempts":10,"eoa":"0x523512A2Ab8aD92d16e6A6eB939811eC9914fA16","rails":"0x4e14B249D9A4c9c9352D780eCEB508A8eB7a7700","usdc_eoa_before":0.014843,"usdc_eoa_after":0.005843,"rails_before":6.882,"rails_after":6.891,"moved_to_rails":0.009000000000000341,"note":"Facilitator self-settle EOA→rails. Closed-loop SML treasury."}
2026-07-28T18:36:44.447Z STATS settledByFacilitator={"self":595} recentSettled=50
2026-07-28T18:36:44.447Z STATS settledByFacilitator={"self":595} recentSettled=50
2026-07-28T19:13:17.634Z START payer_eoa=0x523512A2Ab8aD92d16e6A6eB939811eC9914fA16 USDC=1.864085 rails=0x4e14B249D9A4c9c9352D780eCEB508A8eB7a7700 USDC=6.892 max=2000 leave=0.02
2026-07-28T19:13:17.634Z START payer_eoa=0x523512A2Ab8aD92d16e6A6eB939811eC9914fA16 USDC=1.864085 rails=0x4e14B249D9A4c9c9352D780eCEB508A8eB7a7700 USDC=6.892 max=2000 leave=0.02
2026-07-28T19:13:17.717Z payer is EOA ✓
2026-07-28T19:13:17.717Z payer is EOA ✓
2026-07-28T19:13:19.856Z OK #1 /x402/fx-rate?base=USD&symbols=EUR {"source":"frankfurter.dev/v2/rates","data":[{"date":"2026-07-28","base":"USD","
2026-07-28T19:13:19.856Z OK #1 /x402/fx-rate?base=USD&symbols=EUR {"source":"frankfurter.dev/v2/rates","data":[{"date":"2026-07-28","base":"USD","
2026-07-28T19:13:21.801Z OK #2 /x402/fx-rate?base=USD&symbols=JPY {"source":"frankfurter.dev/v2/rates","data":[{"date":"2026-07-28","base":"USD","
2026-07-28T19:13:21.801Z OK #2 /x402/fx-rate?base=USD&symbols=JPY {"source":"frankfurter.dev/v2/rates","data":[{"date":"2026-07-28","base":"USD","
2026-07-28T19:13:23.599Z OK #3 /x402/gas-tracker {"timestamp":"2026-07-28T19:13:23.508Z","chains":[{"chain":"ethereum","gas_gwei"
2026-07-28T19:13:23.599Z OK #3 /x402/gas-tracker {"timestamp":"2026-07-28T19:13:23.508Z","chains":[{"chain":"ethereum","gas_gwei"
2026-07-28T19:13:25.623Z OK #4 /x402/web-fetch?url=https://example.com {"timestamp":"2026-07-28T19:13:25.516Z","url":"https://example.com","status":200
2026-07-28T19:13:25.623Z OK #4 /x402/web-fetch?url=https://example.com {"timestamp":"2026-07-28T19:13:25.516Z","url":"https://example.com","status":200
2026-07-28T19:13:28.118Z OK #5 /x402/news-headlines {"timestamp":"2026-07-28T19:13:28.029Z","q":"crypto OR bitcoin OR AI agents","co
2026-07-28T19:13:28.118Z OK #5 /x402/news-headlines {"timestamp":"2026-07-28T19:13:28.029Z","q":"crypto OR bitcoin OR AI agents","co
2026-07-28T19:13:30.084Z OK #6 /x402/grants?keyword=ai {"source":"grants.gov/search2","total":138,"results":[{"id":"363121","number":"P
2026-07-28T19:13:30.084Z OK #6 /x402/grants?keyword=ai {"source":"grants.gov/search2","total":138,"results":[{"id":"363121","number":"P
2026-07-28T19:13:31.780Z OK #7 /x402/treasury-yields {"source":"home.treasury.gov/yield-curve","month":"202607","latest":{"date":"202
2026-07-28T19:13:31.780Z OK #7 /x402/treasury-yields {"source":"home.treasury.gov/yield-curve","month":"202607","latest":{"date":"202
2026-07-28T19:13:33.459Z OK #8 /x402/pha-lookup {"matches":[{"id":"nc-kinston-kha","name":"Kinston Housing Authority","hud_code"
2026-07-28T19:13:33.459Z OK #8 /x402/pha-lookup {"matches":[{"id":"nc-kinston-kha","name":"Kinston Housing Authority","hud_code"
2026-07-28T19:13:35.389Z OK #9 /x402/hcv-fmr {"area":"Lenoir County, NC","year":2025,"bedrooms":4,"fmr_monthly":1497,"schedul
2026-07-28T19:13:35.389Z OK #9 /x402/hcv-fmr {"area":"Lenoir County, NC","year":2025,"bedrooms":4,"fmr_monthly":1497,"schedul
2026-07-28T19:13:36.733Z OK #10 /x402/housing-windsor {"property":{"address":"1607 Windsor Rd","city":"Kinston","county":"Lenoir","sta
2026-07-28T19:13:36.733Z OK #10 /x402/housing-windsor {"property":{"address":"1607 Windsor Rd","city":"Kinston","county":"Lenoir","sta
2026-07-28T19:13:38.389Z OK #11 /x402/domain-enrich?domain=example.com {"timestamp":"2026-07-28T19:13:38.302Z","domain":"example.com","ips":["172.66.14
2026-07-28T19:13:38.389Z OK #11 /x402/domain-enrich?domain=example.com {"timestamp":"2026-07-28T19:13:38.302Z","domain":"example.com","ips":["172.66.14
2026-07-28T19:13:40.287Z OK #12 /x402/market?naics=541512 {"source":"usaspending.gov/api/v2","naics":"541512","window":{"start_date":"2023
2026-07-28T19:13:40.287Z OK #12 /x402/market?naics=541512 {"source":"usaspending.gov/api/v2","naics":"541512","window":{"start_date":"2023
2026-07-28T19:13:41.985Z OK #13 /x402/sec-8k?ticker=AAPL {"source":"sec.gov/EDGAR","ticker":"AAPL","company":"Apple Inc.","cik":"320193",
2026-07-28T19:13:41.985Z OK #13 /x402/sec-8k?ticker=AAPL {"source":"sec.gov/EDGAR","ticker":"AAPL","company":"Apple Inc.","cik":"320193",
2026-07-28T19:13:43.627Z OK #14 /x402/fx-rate?base=USD&symbols=EUR {"source":"frankfurter.dev/v2/rates","data":[{"date":"2026-07-28","base":"USD","
2026-07-28T19:13:43.627Z OK #14 /x402/fx-rate?base=USD&symbols=EUR {"source":"frankfurter.dev/v2/rates","data":[{"date":"2026-07-28","base":"USD","
2026-07-28T19:13:45.625Z OK #15 /x402/fx-rate?base=USD&symbols=JPY {"source":"frankfurter.dev/v2/rates","data":[{"date":"2026-07-28","base":"USD","
2026-07-28T19:13:45.625Z OK #15 /x402/fx-rate?base=USD&symbols=JPY {"source":"frankfurter.dev/v2/rates","data":[{"date":"2026-07-28","base":"USD","
2026-07-28T19:13:47.509Z OK #16 /x402/gas-tracker {"timestamp":"2026-07-28T19:13:47.422Z","chains":[{"chain":"ethereum","gas_gwei"
2026-07-28T19:13:47.509Z OK #16 /x402/gas-tracker {"timestamp":"2026-07-28T19:13:47.422Z","chains":[{"chain":"ethereum","gas_gwei"
2026-07-28T19:13:49.550Z OK #17 /x402/web-fetch?url=https://example.com {"timestamp":"2026-07-28T19:13:49.463Z","url":"https://example.com","status":200
2026-07-28T19:13:49.550Z OK #17 /x402/web-fetch?url=https://example.com {"timestamp":"2026-07-28T19:13:49.463Z","url":"https://example.com","status":200
2026-07-28T19:13:51.695Z OK #18 /x402/news-headlines {"timestamp":"2026-07-28T19:13:51.607Z","q":"crypto OR bitcoin OR AI agents","co
2026-07-28T19:13:51.695Z OK #18 /x402/news-headlines {"timestamp":"2026-07-28T19:13:51.607Z","q":"crypto OR bitcoin OR AI agents","co
2026-07-28T19:13:53.839Z OK #19 /x402/grants?keyword=ai {"source":"grants.gov/search2","total":138,"results":[{"id":"363121","number":"P
2026-07-28T19:13:53.839Z OK #19 /x402/grants?keyword=ai {"source":"grants.gov/search2","total":138,"results":[{"id":"363121","number":"P
2026-07-28T19:13:55.339Z OK #20 /x402/treasury-yields {"source":"home.treasury.gov/yield-curve","month":"202607","latest":{"date":"202
2026-07-28T19:13:55.339Z OK #20 /x402/treasury-yields {"source":"home.treasury.gov/yield-curve","month":"202607","latest":{"date":"202
2026-07-28T19:13:56.942Z OK #21 /x402/pha-lookup {"matches":[{"id":"nc-kinston-kha","name":"Kinston Housing Authority","hud_code"
2026-07-28T19:13:56.942Z OK #21 /x402/pha-lookup {"matches":[{"id":"nc-kinston-kha","name":"Kinston Housing Authority","hud_code"
2026-07-28T19:13:58.928Z OK #22 /x402/hcv-fmr {"area":"Lenoir County, NC","year":2025,"bedrooms":4,"fmr_monthly":1497,"schedul
2026-07-28T19:13:58.928Z OK #22 /x402/hcv-fmr {"area":"Lenoir County, NC","year":2025,"bedrooms":4,"fmr_monthly":1497,"schedul
2026-07-28T19:14:00.576Z OK #23 /x402/housing-windsor {"property":{"address":"1607 Windsor Rd","city":"Kinston","county":"Lenoir","sta
2026-07-28T19:14:00.576Z OK #23 /x402/housing-windsor {"property":{"address":"1607 Windsor Rd","city":"Kinston","county":"Lenoir","sta
2026-07-28T19:14:02.720Z OK #24 /x402/domain-enrich?domain=example.com {"timestamp":"2026-07-28T19:14:02.612Z","domain":"example.com","ips":["172.66.14
2026-07-28T19:14:02.720Z OK #24 /x402/domain-enrich?domain=example.com {"timestamp":"2026-07-28T19:14:02.612Z","domain":"example.com","ips":["172.66.14
2026-07-28T19:14:04.575Z OK #25 /x402/market?naics=541512 {"source":"usaspending.gov/api/v2","naics":"541512","window":{"start_date":"2023
2026-07-28T19:14:04.575Z OK #25 /x402/market?naics=541512 {"source":"usaspending.gov/api/v2","naics":"541512","window":{"start_date":"2023
2026-07-28T19:14:06.330Z OK #26 /x402/sec-8k?ticker=AAPL {"source":"sec.gov/EDGAR","ticker":"AAPL","company":"Apple Inc.","cik":"320193",
2026-07-28T19:14:06.330Z OK #26 /x402/sec-8k?ticker=AAPL {"source":"sec.gov/EDGAR","ticker":"AAPL","company":"Apple Inc.","cik":"320193",
2026-07-28T19:14:07.961Z OK #27 /x402/fx-rate?base=USD&symbols=EUR {"source":"frankfurter.dev/v2/rates","data":[{"date":"2026-07-28","base":"USD","
2026-07-28T19:14:07.961Z OK #27 /x402/fx-rate?base=USD&symbols=EUR {"source":"frankfurter.dev/v2/rates","data":[{"date":"2026-07-28","base":"USD","
2026-07-28T19:14:09.370Z OK #28 /x402/fx-rate?base=USD&symbols=JPY {"source":"frankfurter.dev/v2/rates","data":[{"date":"2026-07-28","base":"USD","
2026-07-28T19:14:09.370Z OK #28 /x402/fx-rate?base=USD&symbols=JPY {"source":"frankfurter.dev/v2/rates","data":[{"date":"2026-07-28","base":"USD","
2026-07-28T19:14:11.167Z OK #29 /x402/gas-tracker {"timestamp":"2026-07-28T19:14:11.059Z","chains":[{"chain":"ethereum","gas_gwei"
2026-07-28T19:14:11.167Z OK #29 /x402/gas-tracker {"timestamp":"2026-07-28T19:14:11.059Z","chains":[{"chain":"ethereum","gas_gwei"
2026-07-28T19:14:12.878Z OK #30 /x402/web-fetch?url=https://example.com {"timestamp":"2026-07-28T19:14:12.791Z","url":"https://example.com","status":200
2026-07-28T19:14:12.878Z OK #30 /x402/web-fetch?url=https://example.com {"timestamp":"2026-07-28T19:14:12.791Z","url":"https://example.com","status":200
2026-07-28T19:14:14.715Z OK #31 /x402/news-headlines {"timestamp":"2026-07-28T19:14:14.624Z","q":"crypto OR bitcoin OR AI agents","co
2026-07-28T19:14:14.715Z OK #31 /x402/news-headlines {"timestamp":"2026-07-28T19:14:14.624Z","q":"crypto OR bitcoin OR AI agents","co
2026-07-28T19:14:16.375Z OK #32 /x402/grants?keyword=ai {"source":"grants.gov/search2","total":138,"results":[{"id":"363121","number":"P
2026-07-28T19:14:16.375Z OK #32 /x402/grants?keyword=ai {"source":"grants.gov/search2","total":138,"results":[{"id":"363121","number":"P
2026-07-28T19:14:17.786Z OK #33 /x402/treasury-yields {"source":"home.treasury.gov/yield-curve","month":"202607","latest":{"date":"202
2026-07-28T19:14:17.786Z OK #33 /x402/treasury-yields {"source":"home.treasury.gov/yield-curve","month":"202607","latest":{"date":"202
2026-07-28T19:14:19.518Z OK #34 /x402/pha-lookup {"matches":[{"id":"nc-kinston-kha","name":"Kinston Housing Authority","hud_code"
2026-07-28T19:14:19.518Z OK #34 /x402/pha-lookup {"matches":[{"id":"nc-kinston-kha","name":"Kinston Housing Authority","hud_code"
2026-07-28T19:14:21.467Z OK #35 /x402/hcv-fmr {"area":"Lenoir County, NC","year":2025,"bedrooms":4,"fmr_monthly":1497,"schedul
2026-07-28T19:14:21.467Z OK #35 /x402/hcv-fmr {"area":"Lenoir County, NC","year":2025,"bedrooms":4,"fmr_monthly":1497,"schedul
2026-07-28T19:14:23.352Z OK #36 /x402/housing-windsor {"property":{"address":"1607 Windsor Rd","city":"Kinston","county":"Lenoir","sta
2026-07-28T19:14:23.352Z OK #36 /x402/housing-windsor {"property":{"address":"1607 Windsor Rd","city":"Kinston","county":"Lenoir","sta
2026-07-28T19:14:25.163Z OK #37 /x402/domain-enrich?domain=example.com {"timestamp":"2026-07-28T19:14:25.076Z","domain":"example.com","ips":["104.20.23
2026-07-28T19:14:25.163Z OK #37 /x402/domain-enrich?domain=example.com {"timestamp":"2026-07-28T19:14:25.076Z","domain":"example.com","ips":["104.20.23
2026-07-28T19:14:26.984Z OK #38 /x402/market?naics=541512 {"source":"usaspending.gov/api/v2","naics":"541512","window":{"start_date":"2023
2026-07-28T19:14:26.984Z OK #38 /x402/market?naics=541512 {"source":"usaspending.gov/api/v2","naics":"541512","window":{"start_date":"2023
2026-07-28T19:14:28.462Z OK #39 /x402/sec-8k?ticker=AAPL {"source":"sec.gov/EDGAR","ticker":"AAPL","company":"Apple Inc.","cik":"320193",
2026-07-28T19:14:28.462Z OK #39 /x402/sec-8k?ticker=AAPL {"source":"sec.gov/EDGAR","ticker":"AAPL","company":"Apple Inc.","cik":"320193",
2026-07-28T19:14:30.147Z OK #40 /x402/fx-rate?base=USD&symbols=EUR {"source":"frankfurter.dev/v2/rates","data":[{"date":"2026-07-28","base":"USD","
2026-07-28T19:14:30.147Z OK #40 /x402/fx-rate?base=USD&symbols=EUR {"source":"frankfurter.dev/v2/rates","data":[{"date":"2026-07-28","base":"USD","
2026-07-28T19:14:31.557Z OK #41 /x402/fx-rate?base=USD&symbols=JPY {"source":"frankfurter.dev/v2/rates","data":[{"date":"2026-07-28","base":"USD","
2026-07-28T19:14:31.557Z OK #41 /x402/fx-rate?base=USD&symbols=JPY {"source":"frankfurter.dev/v2/rates","data":[{"date":"2026-07-28","base":"USD","
2026-07-28T19:14:33.636Z OK #42 /x402/gas-tracker {"timestamp":"2026-07-28T19:14:33.527Z","chains":[{"chain":"ethereum","gas_gwei"
2026-07-28T19:14:33.636Z OK #42 /x402/gas-tracker {"timestamp":"2026-07-28T19:14:33.527Z","chains":[{"chain":"ethereum","gas_gwei"
2026-07-28T19:14:35.569Z OK #43 /x402/web-fetch?url=https://example.com {"timestamp":"2026-07-28T19:14:35.482Z","url":"https://example.com","status":200
2026-07-28T19:14:35.569Z OK #43 /x402/web-fetch?url=https://example.com {"timestamp":"2026-07-28T19:14:35.482Z","url":"https://example.com","status":200
2026-07-28T19:14:37.731Z OK #44 /x402/news-headlines {"timestamp":"2026-07-28T19:14:37.644Z","q":"crypto OR bitcoin OR AI agents","co
2026-07-28T19:14:37.731Z OK #44 /x402/news-headlines {"timestamp":"2026-07-28T19:14:37.644Z","q":"crypto OR bitcoin OR AI agents","co
2026-07-28T19:14:40.056Z OK #45 /x402/grants?keyword=ai {"source":"grants.gov/search2","total":138,"results":[{"id":"363121","number":"P
2026-07-28T19:14:40.056Z OK #45 /x402/grants?keyword=ai {"source":"grants.gov/search2","total":138,"results":[{"id":"363121","number":"P
2026-07-28T19:14:41.439Z OK #46 /x402/treasury-yields {"source":"home.treasury.gov/yield-curve","month":"202607","latest":{"date":"202
2026-07-28T19:14:41.439Z OK #46 /x402/treasury-yields {"source":"home.treasury.gov/yield-curve","month":"202607","latest":{"date":"202
2026-07-28T19:14:43.336Z OK #47 /x402/pha-lookup {"matches":[{"id":"nc-kinston-kha","name":"Kinston Housing Authority","hud_code"
2026-07-28T19:14:43.336Z OK #47 /x402/pha-lookup {"matches":[{"id":"nc-kinston-kha","name":"Kinston Housing Authority","hud_code"
2026-07-28T19:14:44.730Z OK #48 /x402/hcv-fmr {"area":"Lenoir County, NC","year":2025,"bedrooms":4,"fmr_monthly":1497,"schedul
2026-07-28T19:14:44.730Z OK #48 /x402/hcv-fmr {"area":"Lenoir County, NC","year":2025,"bedrooms":4,"fmr_monthly":1497,"schedul
2026-07-28T19:14:46.090Z OK #49 /x402/housing-windsor {"property":{"address":"1607 Windsor Rd","city":"Kinston","county":"Lenoir","sta
2026-07-28T19:14:46.090Z OK #49 /x402/housing-windsor {"property":{"address":"1607 Windsor Rd","city":"Kinston","county":"Lenoir","sta
2026-07-28T19:14:47.965Z OK #50 /x402/domain-enrich?domain=example.com {"timestamp":"2026-07-28T19:14:47.878Z","domain":"example.com","ips":["172.66.14
2026-07-28T19:14:47.965Z OK #50 /x402/domain-enrich?domain=example.com {"timestamp":"2026-07-28T19:14:47.878Z","domain":"example.com","ips":["172.66.14
2026-07-28T19:14:49.602Z OK #51 /x402/market?naics=541512 {"source":"usaspending.gov/api/v2","naics":"541512","window":{"start_date":"2023
2026-07-28T19:14:49.602Z OK #51 /x402/market?naics=541512 {"source":"usaspending.gov/api/v2","naics":"541512","window":{"start_date":"2023
2026-07-28T19:14:51.610Z OK #52 /x402/sec-8k?ticker=AAPL {"source":"sec.gov/EDGAR","ticker":"AAPL","company":"Apple Inc.","cik":"320193",
2026-07-28T19:14:51.610Z OK #52 /x402/sec-8k?ticker=AAPL {"source":"sec.gov/EDGAR","ticker":"AAPL","company":"Apple Inc.","cik":"320193",
2026-07-28T19:14:53.641Z OK #53 /x402/fx-rate?base=USD&symbols=EUR {"source":"frankfurter.dev/v2/rates","data":[{"date":"2026-07-28","base":"USD","
2026-07-28T19:14:53.641Z OK #53 /x402/fx-rate?base=USD&symbols=EUR {"source":"frankfurter.dev/v2/rates","data":[{"date":"2026-07-28","base":"USD","
2026-07-28T19:14:55.561Z OK #54 /x402/fx-rate?base=USD&symbols=JPY {"source":"frankfurter.dev/v2/rates","data":[{"date":"2026-07-28","base":"USD","
2026-07-28T19:14:55.561Z OK #54 /x402/fx-rate?base=USD&symbols=JPY {"source":"frankfurter.dev/v2/rates","data":[{"date":"2026-07-28","base":"USD","
2026-07-28T19:14:57.644Z OK #55 /x402/gas-tracker {"timestamp":"2026-07-28T19:14:57.557Z","chains":[{"chain":"ethereum","gas_gwei"
2026-07-28T19:14:57.644Z OK #55 /x402/gas-tracker {"timestamp":"2026-07-28T19:14:57.557Z","chains":[{"chain":"ethereum","gas_gwei"
2026-07-28T19:14:59.394Z OK #56 /x402/web-fetch?url=https://example.com {"timestamp":"2026-07-28T19:14:59.307Z","url":"https://example.com","status":200
2026-07-28T19:14:59.394Z OK #56 /x402/web-fetch?url=https://example.com {"timestamp":"2026-07-28T19:14:59.307Z","url":"https://example.com","status":200
2026-07-28T19:15:01.959Z OK #57 /x402/news-headlines {"timestamp":"2026-07-28T19:15:01.872Z","q":"crypto OR bitcoin OR AI agents","co
2026-07-28T19:15:01.959Z OK #57 /x402/news-headlines {"timestamp":"2026-07-28T19:15:01.872Z","q":"crypto OR bitcoin OR AI agents","co
2026-07-28T19:15:03.921Z OK #58 /x402/grants?keyword=ai {"source":"grants.gov/search2","total":138,"results":[{"id":"363121","number":"P
2026-07-28T19:15:03.921Z OK #58 /x402/grants?keyword=ai {"source":"grants.gov/search2","total":138,"results":[{"id":"363121","number":"P
2026-07-28T19:15:05.660Z OK #59 /x402/treasury-yields {"source":"home.treasury.gov/yield-curve","month":"202607","latest":{"date":"202
2026-07-28T19:15:05.660Z OK #59 /x402/treasury-yields {"source":"home.treasury.gov/yield-curve","month":"202607","latest":{"date":"202
2026-07-28T19:15:07.303Z OK #60 /x402/pha-lookup {"matches":[{"id":"nc-kinston-kha","name":"Kinston Housing Authority","hud_code"
2026-07-28T19:15:07.303Z OK #60 /x402/pha-lookup {"matches":[{"id":"nc-kinston-kha","name":"Kinston Housing Authority","hud_code"
2026-07-28T19:15:09.435Z OK #61 /x402/hcv-fmr {"area":"Lenoir County, NC","year":2025,"bedrooms":4,"fmr_monthly":1497,"schedul
2026-07-28T19:15:09.435Z OK #61 /x402/hcv-fmr {"area":"Lenoir County, NC","year":2025,"bedrooms":4,"fmr_monthly":1497,"schedul
2026-07-28T19:15:11.423Z OK #62 /x402/housing-windsor {"property":{"address":"1607 Windsor Rd","city":"Kinston","county":"Lenoir","sta
2026-07-28T19:15:11.423Z OK #62 /x402/housing-windsor {"property":{"address":"1607 Windsor Rd","city":"Kinston","county":"Lenoir","sta
2026-07-28T19:15:13.632Z OK #63 /x402/domain-enrich?domain=example.com {"timestamp":"2026-07-28T19:15:13.545Z","domain":"example.com","ips":["172.66.14
2026-07-28T19:15:13.632Z OK #63 /x402/domain-enrich?domain=example.com {"timestamp":"2026-07-28T19:15:13.545Z","domain":"example.com","ips":["172.66.14
2026-07-28T19:15:15.766Z OK #64 /x402/market?naics=541512 {"source":"usaspending.gov/api/v2","naics":"541512","window":{"start_date":"2023
2026-07-28T19:15:15.766Z OK #64 /x402/market?naics=541512 {"source":"usaspending.gov/api/v2","naics":"541512","window":{"start_date":"2023
2026-07-28T19:15:17.831Z OK #65 /x402/sec-8k?ticker=AAPL {"source":"sec.gov/EDGAR","ticker":"AAPL","company":"Apple Inc.","cik":"320193",
2026-07-28T19:15:17.831Z OK #65 /x402/sec-8k?ticker=AAPL {"source":"sec.gov/EDGAR","ticker":"AAPL","company":"Apple Inc.","cik":"320193",
2026-07-28T19:15:19.541Z OK #66 /x402/fx-rate?base=USD&symbols=EUR {"source":"frankfurter.dev/v2/rates","data":[{"date":"2026-07-28","base":"USD","
2026-07-28T19:15:19.541Z OK #66 /x402/fx-rate?base=USD&symbols=EUR {"source":"frankfurter.dev/v2/rates","data":[{"date":"2026-07-28","base":"USD","
2026-07-28T19:15:21.532Z OK #67 /x402/fx-rate?base=USD&symbols=JPY {"source":"frankfurter.dev/v2/rates","data":[{"date":"2026-07-28","base":"USD","
2026-07-28T19:15:21.532Z OK #67 /x402/fx-rate?base=USD&symbols=JPY {"source":"frankfurter.dev/v2/rates","data":[{"date":"2026-07-28","base":"USD","
2026-07-28T19:15:23.733Z OK #68 /x402/gas-tracker {"timestamp":"2026-07-28T19:15:23.646Z","chains":[{"chain":"ethereum","gas_gwei"
2026-07-28T19:15:23.733Z OK #68 /x402/gas-tracker {"timestamp":"2026-07-28T19:15:23.646Z","chains":[{"chain":"ethereum","gas_gwei"
2026-07-28T19:15:25.410Z OK #69 /x402/web-fetch?url=https://example.com {"timestamp":"2026-07-28T19:15:25.315Z","url":"https://example.com","status":200
2026-07-28T19:15:25.410Z OK #69 /x402/web-fetch?url=https://example.com {"timestamp":"2026-07-28T19:15:25.315Z","url":"https://example.com","status":200
2026-07-28T19:15:27.471Z OK #70 /x402/news-headlines {"timestamp":"2026-07-28T19:15:27.378Z","q":"crypto OR bitcoin OR AI agents","co
2026-07-28T19:15:27.471Z OK #70 /x402/news-headlines {"timestamp":"2026-07-28T19:15:27.378Z","q":"crypto OR bitcoin OR AI agents","co
2026-07-28T19:15:30.225Z OK #71 /x402/grants?keyword=ai {"source":"grants.gov/search2","total":138,"results":[{"id":"363121","number":"P
2026-07-28T19:15:30.225Z OK #71 /x402/grants?keyword=ai {"source":"grants.gov/search2","total":138,"results":[{"id":"363121","number":"P
2026-07-28T19:15:31.608Z OK #72 /x402/treasury-yields {"source":"home.treasury.gov/yield-curve","month":"202607","latest":{"date":"202
2026-07-28T19:15:31.608Z OK #72 /x402/treasury-yields {"source":"home.treasury.gov/yield-curve","month":"202607","latest":{"date":"202
2026-07-28T19:15:33.634Z OK #73 /x402/pha-lookup {"matches":[{"id":"nc-kinston-kha","name":"Kinston Housing Authority","hud_code"
2026-07-28T19:15:33.634Z OK #73 /x402/pha-lookup {"matches":[{"id":"nc-kinston-kha","name":"Kinston Housing Authority","hud_code"
2026-07-28T19:15:35.566Z OK #74 /x402/hcv-fmr {"area":"Lenoir County, NC","year":2025,"bedrooms":4,"fmr_monthly":1497,"schedul
2026-07-28T19:15:35.566Z OK #74 /x402/hcv-fmr {"area":"Lenoir County, NC","year":2025,"bedrooms":4,"fmr_monthly":1497,"schedul
2026-07-28T19:15:37.476Z OK #75 /x402/housing-windsor {"property":{"address":"1607 Windsor Rd","city":"Kinston","county":"Lenoir","sta
2026-07-28T19:15:37.476Z OK #75 /x402/housing-windsor {"property":{"address":"1607 Windsor Rd","city":"Kinston","county":"Lenoir","sta
2026-07-28T19:15:39.569Z OK #76 /x402/domain-enrich?domain=example.com {"timestamp":"2026-07-28T19:15:39.482Z","domain":"example.com","ips":["172.66.14
2026-07-28T19:15:39.569Z OK #76 /x402/domain-enrich?domain=example.com {"timestamp":"2026-07-28T19:15:39.482Z","domain":"example.com","ips":["172.66.14
2026-07-28T19:15:41.860Z OK #77 /x402/market?naics=541512 {"source":"usaspending.gov/api/v2","naics":"541512","window":{"start_date":"2023
2026-07-28T19:15:41.860Z OK #77 /x402/market?naics=541512 {"source":"usaspending.gov/api/v2","naics":"541512","window":{"start_date":"2023
2026-07-28T19:15:43.657Z OK #78 /x402/sec-8k?ticker=AAPL {"source":"sec.gov/EDGAR","ticker":"AAPL","company":"Apple Inc.","cik":"320193",
2026-07-28T19:15:43.657Z OK #78 /x402/sec-8k?ticker=AAPL {"source":"sec.gov/EDGAR","ticker":"AAPL","company":"Apple Inc.","cik":"320193",
2026-07-28T19:15:45.665Z OK #79 /x402/fx-rate?base=USD&symbols=EUR {"source":"frankfurter.dev/v2/rates","data":[{"date":"2026-07-28","base":"USD","
2026-07-28T19:15:45.665Z OK #79 /x402/fx-rate?base=USD&symbols=EUR {"source":"frankfurter.dev/v2/rates","data":[{"date":"2026-07-28","base":"USD","
2026-07-28T19:15:47.589Z OK #80 /x402/fx-rate?base=USD&symbols=JPY {"source":"frankfurter.dev/v2/rates","data":[{"date":"2026-07-28","base":"USD","
2026-07-28T19:15:47.589Z OK #80 /x402/fx-rate?base=USD&symbols=JPY {"source":"frankfurter.dev/v2/rates","data":[{"date":"2026-07-28","base":"USD","
2026-07-28T19:15:49.617Z OK #81 /x402/gas-tracker {"timestamp":"2026-07-28T19:15:49.523Z","chains":[{"chain":"ethereum","gas_gwei"
2026-07-28T19:15:49.617Z OK #81 /x402/gas-tracker {"timestamp":"2026-07-28T19:15:49.523Z","chains":[{"chain":"ethereum","gas_gwei"
2026-07-28T19:15:51.601Z OK #82 /x402/web-fetch?url=https://example.com {"timestamp":"2026-07-28T19:15:51.515Z","url":"https://example.com","status":200
2026-07-28T19:15:51.601Z OK #82 /x402/web-fetch?url=https://example.com {"timestamp":"2026-07-28T19:15:51.515Z","url":"https://example.com","status":200
2026-07-28T19:15:54.505Z OK #83 /x402/news-headlines {"timestamp":"2026-07-28T19:15:54.411Z","q":"crypto OR bitcoin OR AI agents","co
2026-07-28T19:15:54.505Z OK #83 /x402/news-headlines {"timestamp":"2026-07-28T19:15:54.411Z","q":"crypto OR bitcoin OR AI agents","co
2026-07-28T19:15:56.477Z OK #84 /x402/grants?keyword=ai {"source":"grants.gov/search2","total":138,"results":[{"id":"363121","number":"P
2026-07-28T19:15:56.477Z OK #84 /x402/grants?keyword=ai {"source":"grants.gov/search2","total":138,"results":[{"id":"363121","number":"P
2026-07-28T19:15:58.182Z OK #85 /x402/treasury-yields {"source":"home.treasury.gov/yield-curve","month":"202607","latest":{"date":"202
2026-07-28T19:15:58.182Z OK #85 /x402/treasury-yields {"source":"home.treasury.gov/yield-curve","month":"202607","latest":{"date":"202
2026-07-28T19:15:59.529Z OK #86 /x402/pha-lookup {"matches":[{"id":"nc-kinston-kha","name":"Kinston Housing Authority","hud_code"
2026-07-28T19:15:59.529Z OK #86 /x402/pha-lookup {"matches":[{"id":"nc-kinston-kha","name":"Kinston Housing Authority","hud_code"
2026-07-28T19:16:01.540Z OK #87 /x402/hcv-fmr {"area":"Lenoir County, NC","year":2025,"bedrooms":4,"fmr_monthly":1497,"schedul
2026-07-28T19:16:01.540Z OK #87 /x402/hcv-fmr {"area":"Lenoir County, NC","year":2025,"bedrooms":4,"fmr_monthly":1497,"schedul
2026-07-28T19:16:03.470Z OK #88 /x402/housing-windsor {"property":{"address":"1607 Windsor Rd","city":"Kinston","county":"Lenoir","sta
2026-07-28T19:16:03.470Z OK #88 /x402/housing-windsor {"property":{"address":"1607 Windsor Rd","city":"Kinston","county":"Lenoir","sta
2026-07-28T19:16:06.105Z OK #89 /x402/domain-enrich?domain=example.com {"timestamp":"2026-07-28T19:16:06.019Z","domain":"example.com","ips":["172.66.14
2026-07-28T19:16:06.105Z OK #89 /x402/domain-enrich?domain=example.com {"timestamp":"2026-07-28T19:16:06.019Z","domain":"example.com","ips":["172.66.14
2026-07-28T19:16:08.140Z OK #90 /x402/market?naics=541512 {"source":"usaspending.gov/api/v2","naics":"541512","window":{"start_date":"2023
2026-07-28T19:16:08.140Z OK #90 /x402/market?naics=541512 {"source":"usaspending.gov/api/v2","naics":"541512","window":{"start_date":"2023
2026-07-28T19:16:09.966Z OK #91 /x402/sec-8k?ticker=AAPL {"source":"sec.gov/EDGAR","ticker":"AAPL","company":"Apple Inc.","cik":"320193",
2026-07-28T19:16:09.966Z OK #91 /x402/sec-8k?ticker=AAPL {"source":"sec.gov/EDGAR","ticker":"AAPL","company":"Apple Inc.","cik":"320193",
2026-07-28T19:16:11.781Z OK #92 /x402/fx-rate?base=USD&symbols=EUR {"source":"frankfurter.dev/v2/rates","data":[{"date":"2026-07-28","base":"USD","
2026-07-28T19:16:11.781Z OK #92 /x402/fx-rate?base=USD&symbols=EUR {"source":"frankfurter.dev/v2/rates","data":[{"date":"2026-07-28","base":"USD","
2026-07-28T19:16:13.536Z OK #93 /x402/fx-rate?base=USD&symbols=JPY {"source":"frankfurter.dev/v2/rates","data":[{"date":"2026-07-28","base":"USD","
2026-07-28T19:16:13.536Z OK #93 /x402/fx-rate?base=USD&symbols=JPY {"source":"frankfurter.dev/v2/rates","data":[{"date":"2026-07-28","base":"USD","
2026-07-28T19:16:15.797Z OK #94 /x402/gas-tracker {"timestamp":"2026-07-28T19:16:15.712Z","chains":[{"chain":"ethereum","gas_gwei"
2026-07-28T19:16:15.797Z OK #94 /x402/gas-tracker {"timestamp":"2026-07-28T19:16:15.712Z","chains":[{"chain":"ethereum","gas_gwei"
2026-07-28T19:16:17.495Z OK #95 /x402/web-fetch?url=https://example.com {"timestamp":"2026-07-28T19:16:17.402Z","url":"https://example.com","status":200
2026-07-28T19:16:17.495Z OK #95 /x402/web-fetch?url=https://example.com {"timestamp":"2026-07-28T19:16:17.402Z","url":"https://example.com","status":200
2026-07-28T19:16:19.578Z OK #96 /x402/news-headlines {"timestamp":"2026-07-28T19:16:19.467Z","q":"crypto OR bitcoin OR AI agents","co
2026-07-28T19:16:19.578Z OK #96 /x402/news-headlines {"timestamp":"2026-07-28T19:16:19.467Z","q":"crypto OR bitcoin OR AI agents","co
2026-07-28T19:16:21.836Z OK #97 /x402/grants?keyword=ai {"source":"grants.gov/search2","total":138,"results":[{"id":"363121","number":"P
2026-07-28T19:16:21.836Z OK #97 /x402/grants?keyword=ai {"source":"grants.gov/search2","total":138,"results":[{"id":"363121","number":"P
2026-07-28T19:16:23.653Z OK #98 /x402/treasury-yields {"source":"home.treasury.gov/yield-curve","month":"202607","latest":{"date":"202
2026-07-28T19:16:23.653Z OK #98 /x402/treasury-yields {"source":"home.treasury.gov/yield-curve","month":"202607","latest":{"date":"202
2026-07-28T19:16:25.622Z OK #99 /x402/pha-lookup {"matches":[{"id":"nc-kinston-kha","name":"Kinston Housing Authority","hud_code"
2026-07-28T19:16:25.622Z OK #99 /x402/pha-lookup {"matches":[{"id":"nc-kinston-kha","name":"Kinston Housing Authority","hud_code"
2026-07-28T19:16:27.581Z OK #100 /x402/hcv-fmr {"area":"Lenoir County, NC","year":2025,"bedrooms":4,"fmr_monthly":1497,"schedul
2026-07-28T19:16:27.581Z OK #100 /x402/hcv-fmr {"area":"Lenoir County, NC","year":2025,"bedrooms":4,"fmr_monthly":1497,"schedul
2026-07-28T19:16:29.559Z OK #101 /x402/housing-windsor {"property":{"address":"1607 Windsor Rd","city":"Kinston","county":"Lenoir","sta
2026-07-28T19:16:29.559Z OK #101 /x402/housing-windsor {"property":{"address":"1607 Windsor Rd","city":"Kinston","county":"Lenoir","sta
2026-07-28T19:16:31.828Z OK #102 /x402/domain-enrich?domain=example.com {"timestamp":"2026-07-28T19:16:31.741Z","domain":"example.com","ips":["172.66.14
2026-07-28T19:16:31.828Z OK #102 /x402/domain-enrich?domain=example.com {"timestamp":"2026-07-28T19:16:31.741Z","domain":"example.com","ips":["172.66.14
2026-07-28T19:16:33.687Z OK #103 /x402/market?naics=541512 {"source":"usaspending.gov/api/v2","naics":"541512","window":{"start_date":"2023
2026-07-28T19:16:33.687Z OK #103 /x402/market?naics=541512 {"source":"usaspending.gov/api/v2","naics":"541512","window":{"start_date":"2023
2026-07-28T19:16:35.703Z OK #104 /x402/sec-8k?ticker=AAPL {"source":"sec.gov/EDGAR","ticker":"AAPL","company":"Apple Inc.","cik":"320193",
2026-07-28T19:16:35.703Z OK #104 /x402/sec-8k?ticker=AAPL {"source":"sec.gov/EDGAR","ticker":"AAPL","company":"Apple Inc.","cik":"320193",
2026-07-28T19:16:37.421Z OK #105 /x402/fx-rate?base=USD&symbols=EUR {"source":"frankfurter.dev/v2/rates","data":[{"date":"2026-07-28","base":"USD","
2026-07-28T19:16:37.421Z OK #105 /x402/fx-rate?base=USD&symbols=EUR {"source":"frankfurter.dev/v2/rates","data":[{"date":"2026-07-28","base":"USD","
2026-07-28T19:16:39.419Z OK #106 /x402/fx-rate?base=USD&symbols=JPY {"source":"frankfurter.dev/v2/rates","data":[{"date":"2026-07-28","base":"USD","
2026-07-28T19:16:39.419Z OK #106 /x402/fx-rate?base=USD&symbols=JPY {"source":"frankfurter.dev/v2/rates","data":[{"date":"2026-07-28","base":"USD","
2026-07-28T19:16:42.006Z OK #107 /x402/gas-tracker {"timestamp":"2026-07-28T19:16:41.912Z","chains":[{"chain":"ethereum","gas_gwei"
2026-07-28T19:16:42.006Z OK #107 /x402/gas-tracker {"timestamp":"2026-07-28T19:16:41.912Z","chains":[{"chain":"ethereum","gas_gwei"
2026-07-28T19:16:43.740Z OK #108 /x402/web-fetch?url=https://example.com {"timestamp":"2026-07-28T19:16:43.653Z","url":"https://example.com","status":200
2026-07-28T19:16:43.740Z OK #108 /x402/web-fetch?url=https://example.com {"timestamp":"2026-07-28T19:16:43.653Z","url":"https://example.com","status":200
2026-07-28T19:16:45.535Z OK #109 /x402/news-headlines {"timestamp":"2026-07-28T19:16:45.441Z","q":"crypto OR bitcoin OR AI agents","co
2026-07-28T19:16:45.535Z OK #109 /x402/news-headlines {"timestamp":"2026-07-28T19:16:45.441Z","q":"crypto OR bitcoin OR AI agents","co
2026-07-28T19:16:48.062Z OK #110 /x402/grants?keyword=ai {"source":"grants.gov/search2","total":138,"results":[{"id":"363121","number":"P
2026-07-28T19:16:48.062Z OK #110 /x402/grants?keyword=ai {"source":"grants.gov/search2","total":138,"results":[{"id":"363121","number":"P
2026-07-28T19:16:49.804Z OK #111 /x402/treasury-yields {"source":"home.treasury.gov/yield-curve","month":"202607","latest":{"date":"202
2026-07-28T19:16:49.804Z OK #111 /x402/treasury-yields {"source":"home.treasury.gov/yield-curve","month":"202607","latest":{"date":"202
2026-07-28T19:16:51.453Z OK #112 /x402/pha-lookup {"matches":[{"id":"nc-kinston-kha","name":"Kinston Housing Authority","hud_code"
2026-07-28T19:16:51.453Z OK #112 /x402/pha-lookup {"matches":[{"id":"nc-kinston-kha","name":"Kinston Housing Authority","hud_code"
2026-07-28T19:16:53.898Z OK #113 /x402/hcv-fmr {"area":"Lenoir County, NC","year":2025,"bedrooms":4,"fmr_monthly":1497,"schedul
2026-07-28T19:16:53.898Z OK #113 /x402/hcv-fmr {"area":"Lenoir County, NC","year":2025,"bedrooms":4,"fmr_monthly":1497,"schedul
2026-07-28T19:16:55.579Z OK #114 /x402/housing-windsor {"property":{"address":"1607 Windsor Rd","city":"Kinston","county":"Lenoir","sta
2026-07-28T19:16:55.579Z OK #114 /x402/housing-windsor {"property":{"address":"1607 Windsor Rd","city":"Kinston","county":"Lenoir","sta
2026-07-28T19:16:57.783Z OK #115 /x402/domain-enrich?domain=example.com {"timestamp":"2026-07-28T19:16:57.696Z","domain":"example.com","ips":["104.20.23
2026-07-28T19:16:57.783Z OK #115 /x402/domain-enrich?domain=example.com {"timestamp":"2026-07-28T19:16:57.696Z","domain":"example.com","ips":["104.20.23
2026-07-28T19:17:00.018Z OK #116 /x402/market?naics=541512 {"source":"usaspending.gov/api/v2","naics":"541512","window":{"start_date":"2023
2026-07-28T19:17:00.018Z OK #116 /x402/market?naics=541512 {"source":"usaspending.gov/api/v2","naics":"541512","window":{"start_date":"2023
2026-07-28T19:17:01.442Z OK #117 /x402/sec-8k?ticker=AAPL {"source":"sec.gov/EDGAR","ticker":"AAPL","company":"Apple Inc.","cik":"320193",
2026-07-28T19:17:01.442Z OK #117 /x402/sec-8k?ticker=AAPL {"source":"sec.gov/EDGAR","ticker":"AAPL","company":"Apple Inc.","cik":"320193",
2026-07-28T19:17:03.417Z OK #118 /x402/fx-rate?base=USD&symbols=EUR {"source":"frankfurter.dev/v2/rates","data":[{"date":"2026-07-28","base":"USD","
2026-07-28T19:17:03.417Z OK #118 /x402/fx-rate?base=USD&symbols=EUR {"source":"frankfurter.dev/v2/rates","data":[{"date":"2026-07-28","base":"USD","
2026-07-28T19:17:04.768Z OK #119 /x402/fx-rate?base=USD&symbols=JPY {"source":"frankfurter.dev/v2/rates","data":[{"date":"2026-07-28","base":"USD","
2026-07-28T19:17:04.768Z OK #119 /x402/fx-rate?base=USD&symbols=JPY {"source":"frankfurter.dev/v2/rates","data":[{"date":"2026-07-28","base":"USD","
2026-07-28T19:17:06.524Z OK #120 /x402/gas-tracker {"timestamp":"2026-07-28T19:17:06.437Z","chains":[{"chain":"ethereum","gas_gwei"
2026-07-28T19:17:06.524Z OK #120 /x402/gas-tracker {"timestamp":"2026-07-28T19:17:06.437Z","chains":[{"chain":"ethereum","gas_gwei"
2026-07-28T19:17:07.916Z OK #121 /x402/web-fetch?url=https://example.com {"timestamp":"2026-07-28T19:17:07.822Z","url":"https://example.com","status":200
2026-07-28T19:17:07.916Z OK #121 /x402/web-fetch?url=https://example.com {"timestamp":"2026-07-28T19:17:07.822Z","url":"https://example.com","status":200
2026-07-28T19:17:09.659Z OK #122 /x402/news-headlines {"timestamp":"2026-07-28T19:17:09.573Z","q":"crypto OR bitcoin OR AI agents","co
2026-07-28T19:17:09.659Z OK #122 /x402/news-headlines {"timestamp":"2026-07-28T19:17:09.573Z","q":"crypto OR bitcoin OR AI agents","co
2026-07-28T19:17:11.847Z OK #123 /x402/grants?keyword=ai {"source":"grants.gov/search2","total":138,"results":[{"id":"363121","number":"P
2026-07-28T19:17:11.847Z OK #123 /x402/grants?keyword=ai {"source":"grants.gov/search2","total":138,"results":[{"id":"363121","number":"P
2026-07-28T19:17:13.570Z OK #124 /x402/treasury-yields {"source":"home.treasury.gov/yield-curve","month":"202607","latest":{"date":"202
2026-07-28T19:17:13.570Z OK #124 /x402/treasury-yields {"source":"home.treasury.gov/yield-curve","month":"202607","latest":{"date":"202
2026-07-28T19:17:15.526Z OK #125 /x402/pha-lookup {"matches":[{"id":"nc-kinston-kha","name":"Kinston Housing Authority","hud_code"
2026-07-28T19:17:15.526Z OK #125 /x402/pha-lookup {"matches":[{"id":"nc-kinston-kha","name":"Kinston Housing Authority","hud_code"
2026-07-28T19:17:17.491Z OK #126 /x402/hcv-fmr {"area":"Lenoir County, NC","year":2025,"bedrooms":4,"fmr_monthly":1497,"schedul
2026-07-28T19:17:17.491Z OK #126 /x402/hcv-fmr {"area":"Lenoir County, NC","year":2025,"bedrooms":4,"fmr_monthly":1497,"schedul
2026-07-28T19:17:19.627Z OK #127 /x402/housing-windsor {"property":{"address":"1607 Windsor Rd","city":"Kinston","county":"Lenoir","sta
2026-07-28T19:17:19.627Z OK #127 /x402/housing-windsor {"property":{"address":"1607 Windsor Rd","city":"Kinston","county":"Lenoir","sta
2026-07-28T19:17:21.823Z OK #128 /x402/domain-enrich?domain=example.com {"timestamp":"2026-07-28T19:17:21.736Z","domain":"example.com","ips":["104.20.23
2026-07-28T19:17:21.823Z OK #128 /x402/domain-enrich?domain=example.com {"timestamp":"2026-07-28T19:17:21.736Z","domain":"example.com","ips":["104.20.23
2026-07-28T19:17:25.355Z OK #129 /x402/market?naics=541512 {"source":"usaspending.gov/api/v2","naics":"541512","window":{"start_date":"2023
2026-07-28T19:17:25.355Z OK #129 /x402/market?naics=541512 {"source":"usaspending.gov/api/v2","naics":"541512","window":{"start_date":"2023
2026-07-28T19:17:27.027Z OK #130 /x402/sec-8k?ticker=AAPL {"source":"sec.gov/EDGAR","ticker":"AAPL","company":"Apple Inc.","cik":"320193",
2026-07-28T19:17:27.027Z OK #130 /x402/sec-8k?ticker=AAPL {"source":"sec.gov/EDGAR","ticker":"AAPL","company":"Apple Inc.","cik":"320193",
2026-07-28T19:17:28.434Z OK #131 /x402/fx-rate?base=USD&symbols=EUR {"source":"frankfurter.dev/v2/rates","data":[{"date":"2026-07-28","base":"USD","
2026-07-28T19:17:28.434Z OK #131 /x402/fx-rate?base=USD&symbols=EUR {"source":"frankfurter.dev/v2/rates","data":[{"date":"2026-07-28","base":"USD","
2026-07-28T19:17:30.129Z OK #132 /x402/fx-rate?base=USD&symbols=JPY {"source":"frankfurter.dev/v2/rates","data":[{"date":"2026-07-28","base":"USD","
2026-07-28T19:17:30.129Z OK #132 /x402/fx-rate?base=USD&symbols=JPY {"source":"frankfurter.dev/v2/rates","data":[{"date":"2026-07-28","base":"USD","
2026-07-28T19:17:31.953Z OK #133 /x402/gas-tracker {"timestamp":"2026-07-28T19:17:31.860Z","chains":[{"chain":"ethereum","gas_gwei"
2026-07-28T19:17:31.953Z OK #133 /x402/gas-tracker {"timestamp":"2026-07-28T19:17:31.860Z","chains":[{"chain":"ethereum","gas_gwei"
2026-07-28T19:17:33.629Z OK #134 /x402/web-fetch?url=https://example.com {"timestamp":"2026-07-28T19:17:33.543Z","url":"https://example.com","status":200
2026-07-28T19:17:33.629Z OK #134 /x402/web-fetch?url=https://example.com {"timestamp":"2026-07-28T19:17:33.543Z","url":"https://example.com","status":200
2026-07-28T19:17:36.053Z OK #135 /x402/news-headlines {"timestamp":"2026-07-28T19:17:35.944Z","q":"crypto OR bitcoin OR AI agents","co
2026-07-28T19:17:36.053Z OK #135 /x402/news-headlines {"timestamp":"2026-07-28T19:17:35.944Z","q":"crypto OR bitcoin OR AI agents","co
2026-07-28T19:17:38.035Z OK #136 /x402/grants?keyword=ai {"source":"grants.gov/search2","total":138,"results":[{"id":"363121","number":"P
2026-07-28T19:17:38.035Z OK #136 /x402/grants?keyword=ai {"source":"grants.gov/search2","total":138,"results":[{"id":"363121","number":"P
2026-07-28T19:17:39.771Z OK #137 /x402/treasury-yields {"source":"home.treasury.gov/yield-curve","month":"202607","latest":{"date":"202
2026-07-28T19:17:39.771Z OK #137 /x402/treasury-yields {"source":"home.treasury.gov/yield-curve","month":"202607","latest":{"date":"202
2026-07-28T19:17:41.434Z OK #138 /x402/pha-lookup {"matches":[{"id":"nc-kinston-kha","name":"Kinston Housing Authority","hud_code"
2026-07-28T19:17:41.434Z OK #138 /x402/pha-lookup {"matches":[{"id":"nc-kinston-kha","name":"Kinston Housing Authority","hud_code"
2026-07-28T19:17:43.446Z OK #139 /x402/hcv-fmr {"area":"Lenoir County, NC","year":2025,"bedrooms":4,"fmr_monthly":1497,"schedul
2026-07-28T19:17:43.446Z OK #139 /x402/hcv-fmr {"area":"Lenoir County, NC","year":2025,"bedrooms":4,"fmr_monthly":1497,"schedul
2026-07-28T19:17:45.480Z OK #140 /x402/housing-windsor {"property":{"address":"1607 Windsor Rd","city":"Kinston","county":"Lenoir","sta
2026-07-28T19:17:45.480Z OK #140 /x402/housing-windsor {"property":{"address":"1607 Windsor Rd","city":"Kinston","county":"Lenoir","sta
2026-07-28T19:17:47.648Z OK #141 /x402/domain-enrich?domain=example.com {"timestamp":"2026-07-28T19:17:47.561Z","domain":"example.com","ips":["104.20.23
2026-07-28T19:17:47.648Z OK #141 /x402/domain-enrich?domain=example.com {"timestamp":"2026-07-28T19:17:47.561Z","domain":"example.com","ips":["104.20.23
2026-07-28T19:17:49.589Z OK #142 /x402/market?naics=541512 {"source":"usaspending.gov/api/v2","naics":"541512","window":{"start_date":"2023
2026-07-28T19:17:49.589Z OK #142 /x402/market?naics=541512 {"source":"usaspending.gov/api/v2","naics":"541512","window":{"start_date":"2023
2026-07-28T19:17:51.604Z OK #143 /x402/sec-8k?ticker=AAPL {"source":"sec.gov/EDGAR","ticker":"AAPL","company":"Apple Inc.","cik":"320193",
2026-07-28T19:17:51.604Z OK #143 /x402/sec-8k?ticker=AAPL {"source":"sec.gov/EDGAR","ticker":"AAPL","company":"Apple Inc.","cik":"320193",
2026-07-28T19:17:53.650Z OK #144 /x402/fx-rate?base=USD&symbols=EUR {"source":"frankfurter.dev/v2/rates","data":[{"date":"2026-07-28","base":"USD","
2026-07-28T19:17:53.650Z OK #144 /x402/fx-rate?base=USD&symbols=EUR {"source":"frankfurter.dev/v2/rates","data":[{"date":"2026-07-28","base":"USD","
2026-07-28T19:17:55.692Z OK #145 /x402/fx-rate?base=USD&symbols=JPY {"source":"frankfurter.dev/v2/rates","data":[{"date":"2026-07-28","base":"USD","
2026-07-28T19:17:55.692Z OK #145 /x402/fx-rate?base=USD&symbols=JPY {"source":"frankfurter.dev/v2/rates","data":[{"date":"2026-07-28","base":"USD","
2026-07-28T19:17:57.478Z OK #146 /x402/gas-tracker {"timestamp":"2026-07-28T19:17:57.391Z","chains":[{"chain":"ethereum","gas_gwei"
2026-07-28T19:17:57.478Z OK #146 /x402/gas-tracker {"timestamp":"2026-07-28T19:17:57.391Z","chains":[{"chain":"ethereum","gas_gwei"
2026-07-28T19:17:59.954Z OK #147 /x402/web-fetch?url=https://example.com {"timestamp":"2026-07-28T19:17:59.868Z","url":"https://example.com","status":200
2026-07-28T19:17:59.954Z OK #147 /x402/web-fetch?url=https://example.com {"timestamp":"2026-07-28T19:17:59.868Z","url":"https://example.com","status":200
2026-07-28T19:18:01.867Z OK #148 /x402/news-headlines {"timestamp":"2026-07-28T19:18:01.774Z","q":"crypto OR bitcoin OR AI agents","co
2026-07-28T19:18:01.867Z OK #148 /x402/news-headlines {"timestamp":"2026-07-28T19:18:01.774Z","q":"crypto OR bitcoin OR AI agents","co
2026-07-28T19:18:03.904Z OK #149 /x402/grants?keyword=ai {"source":"grants.gov/search2","total":138,"results":[{"id":"363121","number":"P
2026-07-28T19:18:03.904Z OK #149 /x402/grants?keyword=ai {"source":"grants.gov/search2","total":138,"results":[{"id":"363121","number":"P
2026-07-28T19:18:05.676Z OK #150 /x402/treasury-yields {"source":"home.treasury.gov/yield-curve","month":"202607","latest":{"date":"202
2026-07-28T19:18:05.676Z OK #150 /x402/treasury-yields {"source":"home.treasury.gov/yield-curve","month":"202607","latest":{"date":"202
2026-07-28T19:18:07.832Z OK #151 /x402/pha-lookup {"matches":[{"id":"nc-kinston-kha","name":"Kinston Housing Authority","hud_code"
2026-07-28T19:18:07.832Z OK #151 /x402/pha-lookup {"matches":[{"id":"nc-kinston-kha","name":"Kinston Housing Authority","hud_code"
2026-07-28T19:18:09.565Z OK #152 /x402/hcv-fmr {"area":"Lenoir County, NC","year":2025,"bedrooms":4,"fmr_monthly":1497,"schedul
2026-07-28T19:18:09.565Z OK #152 /x402/hcv-fmr {"area":"Lenoir County, NC","year":2025,"bedrooms":4,"fmr_monthly":1497,"schedul
2026-07-28T19:18:11.599Z OK #153 /x402/housing-windsor {"property":{"address":"1607 Windsor Rd","city":"Kinston","county":"Lenoir","sta
2026-07-28T19:18:11.599Z OK #153 /x402/housing-windsor {"property":{"address":"1607 Windsor Rd","city":"Kinston","county":"Lenoir","sta
2026-07-28T19:18:13.826Z OK #154 /x402/domain-enrich?domain=example.com {"timestamp":"2026-07-28T19:18:13.738Z","domain":"example.com","ips":["172.66.14
2026-07-28T19:18:13.826Z OK #154 /x402/domain-enrich?domain=example.com {"timestamp":"2026-07-28T19:18:13.738Z","domain":"example.com","ips":["172.66.14
2026-07-28T19:18:15.752Z OK #155 /x402/market?naics=541512 {"source":"usaspending.gov/api/v2","naics":"541512","window":{"start_date":"2023
2026-07-28T19:18:15.752Z OK #155 /x402/market?naics=541512 {"source":"usaspending.gov/api/v2","naics":"541512","window":{"start_date":"2023
2026-07-28T19:18:17.553Z OK #156 /x402/sec-8k?ticker=AAPL {"source":"sec.gov/EDGAR","ticker":"AAPL","company":"Apple Inc.","cik":"320193",
2026-07-28T19:18:17.553Z OK #156 /x402/sec-8k?ticker=AAPL {"source":"sec.gov/EDGAR","ticker":"AAPL","company":"Apple Inc.","cik":"320193",
2026-07-28T19:18:20.149Z OK #157 /x402/fx-rate?base=USD&symbols=EUR {"source":"frankfurter.dev/v2/rates","data":[{"date":"2026-07-28","base":"USD","
2026-07-28T19:18:20.149Z OK #157 /x402/fx-rate?base=USD&symbols=EUR {"source":"frankfurter.dev/v2/rates","data":[{"date":"2026-07-28","base":"USD","
2026-07-28T19:18:22.081Z OK #158 /x402/fx-rate?base=USD&symbols=JPY {"source":"frankfurter.dev/v2/rates","data":[{"date":"2026-07-28","base":"USD","
2026-07-28T19:18:22.081Z OK #158 /x402/fx-rate?base=USD&symbols=JPY {"source":"frankfurter.dev/v2/rates","data":[{"date":"2026-07-28","base":"USD","
2026-07-28T19:18:23.837Z OK #159 /x402/gas-tracker {"timestamp":"2026-07-28T19:18:23.747Z","chains":[{"chain":"ethereum","gas_gwei"
2026-07-28T19:18:23.837Z OK #159 /x402/gas-tracker {"timestamp":"2026-07-28T19:18:23.747Z","chains":[{"chain":"ethereum","gas_gwei"
2026-07-28T19:18:25.579Z OK #160 /x402/web-fetch?url=https://example.com {"timestamp":"2026-07-28T19:18:25.492Z","url":"https://example.com","status":200
2026-07-28T19:18:25.579Z OK #160 /x402/web-fetch?url=https://example.com {"timestamp":"2026-07-28T19:18:25.492Z","url":"https://example.com","status":200
2026-07-28T19:18:27.780Z OK #161 /x402/news-headlines {"timestamp":"2026-07-28T19:18:27.687Z","q":"crypto OR bitcoin OR AI agents","co
2026-07-28T19:18:27.780Z OK #161 /x402/news-headlines {"timestamp":"2026-07-28T19:18:27.687Z","q":"crypto OR bitcoin OR AI agents","co
2026-07-28T19:18:29.810Z OK #162 /x402/grants?keyword=ai {"source":"grants.gov/search2","total":138,"results":[{"id":"363121","number":"P
2026-07-28T19:18:29.810Z OK #162 /x402/grants?keyword=ai {"source":"grants.gov/search2","total":138,"results":[{"id":"363121","number":"P
2026-07-28T19:18:31.581Z OK #163 /x402/treasury-yields {"source":"home.treasury.gov/yield-curve","month":"202607","latest":{"date":"202
2026-07-28T19:18:31.581Z OK #163 /x402/treasury-yields {"source":"home.treasury.gov/yield-curve","month":"202607","latest":{"date":"202
2026-07-28T19:18:33.578Z OK #164 /x402/pha-lookup {"matches":[{"id":"nc-kinston-kha","name":"Kinston Housing Authority","hud_code"
2026-07-28T19:18:33.578Z OK #164 /x402/pha-lookup {"matches":[{"id":"nc-kinston-kha","name":"Kinston Housing Authority","hud_code"
2026-07-28T19:18:35.652Z OK #165 /x402/hcv-fmr {"area":"Lenoir County, NC","year":2025,"bedrooms":4,"fmr_monthly":1497,"schedul
2026-07-28T19:18:35.652Z OK #165 /x402/hcv-fmr {"area":"Lenoir County, NC","year":2025,"bedrooms":4,"fmr_monthly":1497,"schedul
2026-07-28T19:18:37.714Z OK #166 /x402/housing-windsor {"property":{"address":"1607 Windsor Rd","city":"Kinston","county":"Lenoir","sta
2026-07-28T19:18:37.714Z OK #166 /x402/housing-windsor {"property":{"address":"1607 Windsor Rd","city":"Kinston","county":"Lenoir","sta
2026-07-28T19:18:39.707Z OK #167 /x402/domain-enrich?domain=example.com {"timestamp":"2026-07-28T19:18:39.613Z","domain":"example.com","ips":["104.20.23
2026-07-28T19:18:39.707Z OK #167 /x402/domain-enrich?domain=example.com {"timestamp":"2026-07-28T19:18:39.613Z","domain":"example.com","ips":["104.20.23
2026-07-28T19:18:41.931Z OK #168 /x402/market?naics=541512 {"source":"usaspending.gov/api/v2","naics":"541512","window":{"start_date":"2023
2026-07-28T19:18:41.931Z OK #168 /x402/market?naics=541512 {"source":"usaspending.gov/api/v2","naics":"541512","window":{"start_date":"2023
2026-07-28T19:18:43.982Z OK #169 /x402/sec-8k?ticker=AAPL {"source":"sec.gov/EDGAR","ticker":"AAPL","company":"Apple Inc.","cik":"320193",
2026-07-28T19:18:43.982Z OK #169 /x402/sec-8k?ticker=AAPL {"source":"sec.gov/EDGAR","ticker":"AAPL","company":"Apple Inc.","cik":"320193",
2026-07-28T19:18:45.741Z OK #170 /x402/fx-rate?base=USD&symbols=EUR {"source":"frankfurter.dev/v2/rates","data":[{"date":"2026-07-28","base":"USD","
2026-07-28T19:18:45.741Z OK #170 /x402/fx-rate?base=USD&symbols=EUR {"source":"frankfurter.dev/v2/rates","data":[{"date":"2026-07-28","base":"USD","
2026-07-28T19:18:47.480Z OK #171 /x402/fx-rate?base=USD&symbols=JPY {"source":"frankfurter.dev/v2/rates","data":[{"date":"2026-07-28","base":"USD","
2026-07-28T19:18:47.480Z OK #171 /x402/fx-rate?base=USD&symbols=JPY {"source":"frankfurter.dev/v2/rates","data":[{"date":"2026-07-28","base":"USD","
2026-07-28T19:18:49.597Z OK #172 /x402/gas-tracker {"timestamp":"2026-07-28T19:18:49.510Z","chains":[{"chain":"ethereum","gas_gwei"
2026-07-28T19:18:49.597Z OK #172 /x402/gas-tracker {"timestamp":"2026-07-28T19:18:49.510Z","chains":[{"chain":"ethereum","gas_gwei"
2026-07-28T19:18:51.652Z OK #173 /x402/web-fetch?url=https://example.com {"timestamp":"2026-07-28T19:18:51.566Z","url":"https://example.com","status":200
2026-07-28T19:18:51.652Z OK #173 /x402/web-fetch?url=https://example.com {"timestamp":"2026-07-28T19:18:51.566Z","url":"https://example.com","status":200
2026-07-28T19:18:53.781Z OK #174 /x402/news-headlines {"timestamp":"2026-07-28T19:18:53.687Z","q":"crypto OR bitcoin OR AI agents","co
2026-07-28T19:18:53.781Z OK #174 /x402/news-headlines {"timestamp":"2026-07-28T19:18:53.687Z","q":"crypto OR bitcoin OR AI agents","co
2026-07-28T19:18:55.814Z OK #175 /x402/grants?keyword=ai {"source":"grants.gov/search2","total":138,"results":[{"id":"363121","number":"P
2026-07-28T19:18:55.814Z OK #175 /x402/grants?keyword=ai {"source":"grants.gov/search2","total":138,"results":[{"id":"363121","number":"P
2026-07-28T19:18:57.654Z OK #176 /x402/treasury-yields {"source":"home.treasury.gov/yield-curve","month":"202607","latest":{"date":"202
2026-07-28T19:18:57.654Z OK #176 /x402/treasury-yields {"source":"home.treasury.gov/yield-curve","month":"202607","latest":{"date":"202
2026-07-28T19:18:59.352Z OK #177 /x402/pha-lookup {"matches":[{"id":"nc-kinston-kha","name":"Kinston Housing Authority","hud_code"
2026-07-28T19:18:59.352Z OK #177 /x402/pha-lookup {"matches":[{"id":"nc-kinston-kha","name":"Kinston Housing Authority","hud_code"
2026-07-28T19:19:00.777Z OK #178 /x402/hcv-fmr {"area":"Lenoir County, NC","year":2025,"bedrooms":4,"fmr_monthly":1497,"schedul
2026-07-28T19:19:00.777Z OK #178 /x402/hcv-fmr {"area":"Lenoir County, NC","year":2025,"bedrooms":4,"fmr_monthly":1497,"schedul
2026-07-28T19:19:02.231Z OK #179 /x402/housing-windsor {"property":{"address":"1607 Windsor Rd","city":"Kinston","county":"Lenoir","sta
2026-07-28T19:19:02.231Z OK #179 /x402/housing-windsor {"property":{"address":"1607 Windsor Rd","city":"Kinston","county":"Lenoir","sta
2026-07-28T19:19:04.308Z OK #180 /x402/domain-enrich?domain=example.com {"timestamp":"2026-07-28T19:19:04.214Z","domain":"example.com","ips":["172.66.14
2026-07-28T19:19:04.308Z OK #180 /x402/domain-enrich?domain=example.com {"timestamp":"2026-07-28T19:19:04.214Z","domain":"example.com","ips":["172.66.14
2026-07-28T19:19:06.333Z OK #181 /x402/market?naics=541512 {"source":"usaspending.gov/api/v2","naics":"541512","window":{"start_date":"2023
2026-07-28T19:19:06.333Z OK #181 /x402/market?naics=541512 {"source":"usaspending.gov/api/v2","naics":"541512","window":{"start_date":"2023
2026-07-28T19:19:07.760Z OK #182 /x402/sec-8k?ticker=AAPL {"source":"sec.gov/EDGAR","ticker":"AAPL","company":"Apple Inc.","cik":"320193",
2026-07-28T19:19:07.760Z OK #182 /x402/sec-8k?ticker=AAPL {"source":"sec.gov/EDGAR","ticker":"AAPL","company":"Apple Inc.","cik":"320193",
2026-07-28T19:19:09.573Z OK #183 /x402/fx-rate?base=USD&symbols=EUR {"source":"frankfurter.dev/v2/rates","data":[{"date":"2026-07-28","base":"USD","
2026-07-28T19:19:09.573Z OK #183 /x402/fx-rate?base=USD&symbols=EUR {"source":"frankfurter.dev/v2/rates","data":[{"date":"2026-07-28","base":"USD","
2026-07-28T19:19:11.357Z OK #184 /x402/fx-rate?base=USD&symbols=JPY {"source":"frankfurter.dev/v2/rates","data":[{"date":"2026-07-28","base":"USD","
2026-07-28T19:19:11.357Z OK #184 /x402/fx-rate?base=USD&symbols=JPY {"source":"frankfurter.dev/v2/rates","data":[{"date":"2026-07-28","base":"USD","
2026-07-28T19:19:12.847Z OK #185 /x402/gas-tracker {"timestamp":"2026-07-28T19:19:12.760Z","chains":[{"chain":"ethereum","gas_gwei"
2026-07-28T19:19:12.847Z OK #185 /x402/gas-tracker {"timestamp":"2026-07-28T19:19:12.760Z","chains":[{"chain":"ethereum","gas_gwei"
2026-07-28T19:19:14.722Z OK #186 /x402/web-fetch?url=https://example.com {"timestamp":"2026-07-28T19:19:14.636Z","url":"https://example.com","status":200
2026-07-28T19:19:14.722Z OK #186 /x402/web-fetch?url=https://example.com {"timestamp":"2026-07-28T19:19:14.636Z","url":"https://example.com","status":200
2026-07-28T19:19:16.540Z OK #187 /x402/news-headlines {"timestamp":"2026-07-28T19:19:16.446Z","q":"crypto OR bitcoin OR AI agents","co
2026-07-28T19:19:16.540Z OK #187 /x402/news-headlines {"timestamp":"2026-07-28T19:19:16.446Z","q":"crypto OR bitcoin OR AI agents","co
2026-07-28T19:19:18.625Z OK #188 /x402/grants?keyword=ai {"source":"grants.gov/search2","total":138,"results":[{"id":"363121","number":"P
2026-07-28T19:19:18.625Z OK #188 /x402/grants?keyword=ai {"source":"grants.gov/search2","total":138,"results":[{"id":"363121","number":"P
2026-07-28T19:19:20.342Z OK #189 /x402/treasury-yields {"source":"home.treasury.gov/yield-curve","month":"202607","latest":{"date":"202
2026-07-28T19:19:20.342Z OK #189 /x402/treasury-yields {"source":"home.treasury.gov/yield-curve","month":"202607","latest":{"date":"202
2026-07-28T19:19:22.085Z OK #190 /x402/pha-lookup {"matches":[{"id":"nc-kinston-kha","name":"Kinston Housing Authority","hud_code"
2026-07-28T19:19:22.085Z OK #190 /x402/pha-lookup {"matches":[{"id":"nc-kinston-kha","name":"Kinston Housing Authority","hud_code"
2026-07-28T19:19:23.785Z OK #191 /x402/hcv-fmr {"area":"Lenoir County, NC","year":2025,"bedrooms":4,"fmr_monthly":1497,"schedul
2026-07-28T19:19:23.785Z OK #191 /x402/hcv-fmr {"area":"Lenoir County, NC","year":2025,"bedrooms":4,"fmr_monthly":1497,"schedul
2026-07-28T19:19:25.473Z OK #192 /x402/housing-windsor {"property":{"address":"1607 Windsor Rd","city":"Kinston","county":"Lenoir","sta
2026-07-28T19:19:25.473Z OK #192 /x402/housing-windsor {"property":{"address":"1607 Windsor Rd","city":"Kinston","county":"Lenoir","sta
2026-07-28T19:19:27.648Z OK #193 /x402/domain-enrich?domain=example.com {"timestamp":"2026-07-28T19:19:27.561Z","domain":"example.com","ips":["104.20.23
2026-07-28T19:19:27.648Z OK #193 /x402/domain-enrich?domain=example.com {"timestamp":"2026-07-28T19:19:27.561Z","domain":"example.com","ips":["104.20.23
2026-07-28T19:19:29.872Z OK #194 /x402/market?naics=541512 {"source":"usaspending.gov/api/v2","naics":"541512","window":{"start_date":"2023
2026-07-28T19:19:29.872Z OK #194 /x402/market?naics=541512 {"source":"usaspending.gov/api/v2","naics":"541512","window":{"start_date":"2023
2026-07-28T19:19:31.560Z OK #195 /x402/sec-8k?ticker=AAPL {"source":"sec.gov/EDGAR","ticker":"AAPL","company":"Apple Inc.","cik":"320193",
2026-07-28T19:19:31.560Z OK #195 /x402/sec-8k?ticker=AAPL {"source":"sec.gov/EDGAR","ticker":"AAPL","company":"Apple Inc.","cik":"320193",
2026-07-28T19:19:33.407Z OK #196 /x402/fx-rate?base=USD&symbols=EUR {"source":"frankfurter.dev/v2/rates","data":[{"date":"2026-07-28","base":"USD","
2026-07-28T19:19:33.407Z OK #196 /x402/fx-rate?base=USD&symbols=EUR {"source":"frankfurter.dev/v2/rates","data":[{"date":"2026-07-28","base":"USD","
2026-07-28T19:19:35.378Z OK #197 /x402/fx-rate?base=USD&symbols=JPY {"source":"frankfurter.dev/v2/rates","data":[{"date":"2026-07-28","base":"USD","
2026-07-28T19:19:35.378Z OK #197 /x402/fx-rate?base=USD&symbols=JPY {"source":"frankfurter.dev/v2/rates","data":[{"date":"2026-07-28","base":"USD","
2026-07-28T19:19:37.480Z OK #198 /x402/gas-tracker {"timestamp":"2026-07-28T19:19:37.393Z","chains":[{"chain":"ethereum","gas_gwei"
2026-07-28T19:19:37.480Z OK #198 /x402/gas-tracker {"timestamp":"2026-07-28T19:19:37.393Z","chains":[{"chain":"ethereum","gas_gwei"
2026-07-28T19:19:39.579Z OK #199 /x402/web-fetch?url=https://example.com {"timestamp":"2026-07-28T19:19:39.492Z","url":"https://example.com","status":200
2026-07-28T19:19:39.579Z OK #199 /x402/web-fetch?url=https://example.com {"timestamp":"2026-07-28T19:19:39.492Z","url":"https://example.com","status":200
2026-07-28T19:19:42.154Z OK #200 /x402/news-headlines {"timestamp":"2026-07-28T19:19:42.060Z","q":"crypto OR bitcoin OR AI agents","co
2026-07-28T19:19:42.154Z OK #200 /x402/news-headlines {"timestamp":"2026-07-28T19:19:42.060Z","q":"crypto OR bitcoin OR AI agents","co
2026-07-28T19:19:43.831Z OK #201 /x402/grants?keyword=ai {"source":"grants.gov/search2","total":138,"results":[{"id":"363121","number":"P
2026-07-28T19:19:43.831Z OK #201 /x402/grants?keyword=ai {"source":"grants.gov/search2","total":138,"results":[{"id":"363121","number":"P
2026-07-28T19:19:45.674Z OK #202 /x402/treasury-yields {"source":"home.treasury.gov/yield-curve","month":"202607","latest":{"date":"202
2026-07-28T19:19:45.674Z OK #202 /x402/treasury-yields {"source":"home.treasury.gov/yield-curve","month":"202607","latest":{"date":"202
2026-07-28T19:19:47.428Z OK #203 /x402/pha-lookup {"matches":[{"id":"nc-kinston-kha","name":"Kinston Housing Authority","hud_code"
2026-07-28T19:19:47.428Z OK #203 /x402/pha-lookup {"matches":[{"id":"nc-kinston-kha","name":"Kinston Housing Authority","hud_code"
2026-07-28T19:19:49.566Z OK #204 /x402/hcv-fmr {"area":"Lenoir County, NC","year":2025,"bedrooms":4,"fmr_monthly":1497,"schedul
2026-07-28T19:19:49.566Z OK #204 /x402/hcv-fmr {"area":"Lenoir County, NC","year":2025,"bedrooms":4,"fmr_monthly":1497,"schedul
2026-07-28T19:19:51.638Z OK #205 /x402/housing-windsor {"property":{"address":"1607 Windsor Rd","city":"Kinston","county":"Lenoir","sta
2026-07-28T19:19:51.638Z OK #205 /x402/housing-windsor {"property":{"address":"1607 Windsor Rd","city":"Kinston","county":"Lenoir","sta
2026-07-28T19:19:53.680Z OK #206 /x402/domain-enrich?domain=example.com {"timestamp":"2026-07-28T19:19:53.594Z","domain":"example.com","ips":["104.20.23
2026-07-28T19:19:53.680Z OK #206 /x402/domain-enrich?domain=example.com {"timestamp":"2026-07-28T19:19:53.594Z","domain":"example.com","ips":["104.20.23
2026-07-28T19:19:55.618Z OK #207 /x402/market?naics=541512 {"source":"usaspending.gov/api/v2","naics":"541512","window":{"start_date":"2023
2026-07-28T19:19:55.618Z OK #207 /x402/market?naics=541512 {"source":"usaspending.gov/api/v2","naics":"541512","window":{"start_date":"2023
2026-07-28T19:19:57.661Z OK #208 /x402/sec-8k?ticker=AAPL {"source":"sec.gov/EDGAR","ticker":"AAPL","company":"Apple Inc.","cik":"320193",
2026-07-28T19:19:57.661Z OK #208 /x402/sec-8k?ticker=AAPL {"source":"sec.gov/EDGAR","ticker":"AAPL","company":"Apple Inc.","cik":"320193",
2026-07-28T19:19:59.464Z OK #209 /x402/fx-rate?base=USD&symbols=EUR {"source":"frankfurter.dev/v2/rates","data":[{"date":"2026-07-28","base":"USD","
2026-07-28T19:19:59.464Z OK #209 /x402/fx-rate?base=USD&symbols=EUR {"source":"frankfurter.dev/v2/rates","data":[{"date":"2026-07-28","base":"USD","
2026-07-28T19:20:01.496Z OK #210 /x402/fx-rate?base=USD&symbols=JPY {"source":"frankfurter.dev/v2/rates","data":[{"date":"2026-07-28","base":"USD","
2026-07-28T19:20:01.496Z OK #210 /x402/fx-rate?base=USD&symbols=JPY {"source":"frankfurter.dev/v2/rates","data":[{"date":"2026-07-28","base":"USD","
2026-07-28T19:20:03.629Z OK #211 /x402/gas-tracker {"timestamp":"2026-07-28T19:20:03.542Z","chains":[{"chain":"ethereum","gas_gwei"
2026-07-28T19:20:03.629Z OK #211 /x402/gas-tracker {"timestamp":"2026-07-28T19:20:03.542Z","chains":[{"chain":"ethereum","gas_gwei"
2026-07-28T19:20:05.688Z OK #212 /x402/web-fetch?url=https://example.com {"timestamp":"2026-07-28T19:20:05.601Z","url":"https://example.com","status":200
2026-07-28T19:20:05.688Z OK #212 /x402/web-fetch?url=https://example.com {"timestamp":"2026-07-28T19:20:05.601Z","url":"https://example.com","status":200
2026-07-28T19:20:07.588Z OK #213 /x402/news-headlines {"timestamp":"2026-07-28T19:20:07.495Z","q":"crypto OR bitcoin OR AI agents","co
2026-07-28T19:20:07.588Z OK #213 /x402/news-headlines {"timestamp":"2026-07-28T19:20:07.495Z","q":"crypto OR bitcoin OR AI agents","co
2026-07-28T19:20:09.706Z OK #214 /x402/grants?keyword=ai {"source":"grants.gov/search2","total":138,"results":[{"id":"363121","number":"P
2026-07-28T19:20:09.706Z OK #214 /x402/grants?keyword=ai {"source":"grants.gov/search2","total":138,"results":[{"id":"363121","number":"P
2026-07-28T19:20:11.705Z OK #215 /x402/treasury-yields {"source":"home.treasury.gov/yield-curve","month":"202607","latest":{"date":"202
2026-07-28T19:20:11.705Z OK #215 /x402/treasury-yields {"source":"home.treasury.gov/yield-curve","month":"202607","latest":{"date":"202
2026-07-28T19:20:13.539Z OK #216 /x402/pha-lookup {"matches":[{"id":"nc-kinston-kha","name":"Kinston Housing Authority","hud_code"
2026-07-28T19:20:13.539Z OK #216 /x402/pha-lookup {"matches":[{"id":"nc-kinston-kha","name":"Kinston Housing Authority","hud_code"
2026-07-28T19:20:15.551Z OK #217 /x402/hcv-fmr {"area":"Lenoir County, NC","year":2025,"bedrooms":4,"fmr_monthly":1497,"schedul
2026-07-28T19:20:15.551Z OK #217 /x402/hcv-fmr {"area":"Lenoir County, NC","year":2025,"bedrooms":4,"fmr_monthly":1497,"schedul
2026-07-28T19:20:17.756Z OK #218 /x402/housing-windsor {"property":{"address":"1607 Windsor Rd","city":"Kinston","county":"Lenoir","sta
2026-07-28T19:20:17.756Z OK #218 /x402/housing-windsor {"property":{"address":"1607 Windsor Rd","city":"Kinston","county":"Lenoir","sta
2026-07-28T19:20:19.737Z OK #219 /x402/domain-enrich?domain=example.com {"timestamp":"2026-07-28T19:20:19.644Z","domain":"example.com","ips":["172.66.14
2026-07-28T19:20:19.737Z OK #219 /x402/domain-enrich?domain=example.com {"timestamp":"2026-07-28T19:20:19.644Z","domain":"example.com","ips":["172.66.14
2026-07-28T19:20:21.734Z OK #220 /x402/market?naics=541512 {"source":"usaspending.gov/api/v2","naics":"541512","window":{"start_date":"2023
2026-07-28T19:20:21.734Z OK #220 /x402/market?naics=541512 {"source":"usaspending.gov/api/v2","naics":"541512","window":{"start_date":"2023
2026-07-28T19:20:23.556Z OK #221 /x402/sec-8k?ticker=AAPL {"source":"sec.gov/EDGAR","ticker":"AAPL","company":"Apple Inc.","cik":"320193",
2026-07-28T19:20:23.556Z OK #221 /x402/sec-8k?ticker=AAPL {"source":"sec.gov/EDGAR","ticker":"AAPL","company":"Apple Inc.","cik":"320193",
2026-07-28T19:20:25.617Z OK #222 /x402/fx-rate?base=USD&symbols=EUR {"source":"frankfurter.dev/v2/rates","data":[{"date":"2026-07-28","base":"USD","
2026-07-28T19:20:25.617Z OK #222 /x402/fx-rate?base=USD&symbols=EUR {"source":"frankfurter.dev/v2/rates","data":[{"date":"2026-07-28","base":"USD","
2026-07-28T19:20:27.430Z OK #223 /x402/fx-rate?base=USD&symbols=JPY {"source":"frankfurter.dev/v2/rates","data":[{"date":"2026-07-28","base":"USD","
2026-07-28T19:20:27.430Z OK #223 /x402/fx-rate?base=USD&symbols=JPY {"source":"frankfurter.dev/v2/rates","data":[{"date":"2026-07-28","base":"USD","
2026-07-28T19:20:29.572Z OK #224 /x402/gas-tracker {"timestamp":"2026-07-28T19:20:29.485Z","chains":[{"chain":"ethereum","gas_gwei"
2026-07-28T19:20:29.572Z OK #224 /x402/gas-tracker {"timestamp":"2026-07-28T19:20:29.485Z","chains":[{"chain":"ethereum","gas_gwei"
2026-07-28T19:20:31.424Z OK #225 /x402/web-fetch?url=https://example.com {"timestamp":"2026-07-28T19:20:31.338Z","url":"https://example.com","status":200
2026-07-28T19:20:31.424Z OK #225 /x402/web-fetch?url=https://example.com {"timestamp":"2026-07-28T19:20:31.338Z","url":"https://example.com","status":200
2026-07-28T19:20:33.627Z OK #226 /x402/news-headlines {"timestamp":"2026-07-28T19:20:33.534Z","q":"crypto OR bitcoin OR AI agents","co
2026-07-28T19:20:33.627Z OK #226 /x402/news-headlines {"timestamp":"2026-07-28T19:20:33.534Z","q":"crypto OR bitcoin OR AI agents","co
2026-07-28T19:20:35.719Z OK #227 /x402/grants?keyword=ai {"source":"grants.gov/search2","total":138,"results":[{"id":"363121","number":"P
2026-07-28T19:20:35.719Z OK #227 /x402/grants?keyword=ai {"source":"grants.gov/search2","total":138,"results":[{"id":"363121","number":"P
2026-07-28T19:20:37.527Z OK #228 /x402/treasury-yields {"source":"home.treasury.gov/yield-curve","month":"202607","latest":{"date":"202
2026-07-28T19:20:37.527Z OK #228 /x402/treasury-yields {"source":"home.treasury.gov/yield-curve","month":"202607","latest":{"date":"202
2026-07-28T19:20:39.572Z OK #229 /x402/pha-lookup {"matches":[{"id":"nc-kinston-kha","name":"Kinston Housing Authority","hud_code"
2026-07-28T19:20:39.572Z OK #229 /x402/pha-lookup {"matches":[{"id":"nc-kinston-kha","name":"Kinston Housing Authority","hud_code"
2026-07-28T19:20:41.580Z OK #230 /x402/hcv-fmr {"area":"Lenoir County, NC","year":2025,"bedrooms":4,"fmr_monthly":1497,"schedul
2026-07-28T19:20:41.580Z OK #230 /x402/hcv-fmr {"area":"Lenoir County, NC","year":2025,"bedrooms":4,"fmr_monthly":1497,"schedul
2026-07-28T19:20:43.625Z OK #231 /x402/housing-windsor {"property":{"address":"1607 Windsor Rd","city":"Kinston","county":"Lenoir","sta
2026-07-28T19:20:43.625Z OK #231 /x402/housing-windsor {"property":{"address":"1607 Windsor Rd","city":"Kinston","county":"Lenoir","sta
2026-07-28T19:20:45.779Z OK #232 /x402/domain-enrich?domain=example.com {"timestamp":"2026-07-28T19:20:45.681Z","domain":"example.com","ips":["172.66.14
2026-07-28T19:20:45.779Z OK #232 /x402/domain-enrich?domain=example.com {"timestamp":"2026-07-28T19:20:45.681Z","domain":"example.com","ips":["172.66.14
2026-07-28T19:20:47.693Z OK #233 /x402/market?naics=541512 {"source":"usaspending.gov/api/v2","naics":"541512","window":{"start_date":"2023
2026-07-28T19:20:47.693Z OK #233 /x402/market?naics=541512 {"source":"usaspending.gov/api/v2","naics":"541512","window":{"start_date":"2023
2026-07-28T19:20:49.561Z OK #234 /x402/sec-8k?ticker=AAPL {"source":"sec.gov/EDGAR","ticker":"AAPL","company":"Apple Inc.","cik":"320193",
2026-07-28T19:20:49.561Z OK #234 /x402/sec-8k?ticker=AAPL {"source":"sec.gov/EDGAR","ticker":"AAPL","company":"Apple Inc.","cik":"320193",
2026-07-28T19:20:51.625Z OK #235 /x402/fx-rate?base=USD&symbols=EUR {"source":"frankfurter.dev/v2/rates","data":[{"date":"2026-07-28","base":"USD","
2026-07-28T19:20:51.625Z OK #235 /x402/fx-rate?base=USD&symbols=EUR {"source":"frankfurter.dev/v2/rates","data":[{"date":"2026-07-28","base":"USD","
2026-07-28T19:20:53.690Z OK #236 /x402/fx-rate?base=USD&symbols=JPY {"source":"frankfurter.dev/v2/rates","data":[{"date":"2026-07-28","base":"USD","
2026-07-28T19:20:53.690Z OK #236 /x402/fx-rate?base=USD&symbols=JPY {"source":"frankfurter.dev/v2/rates","data":[{"date":"2026-07-28","base":"USD","
2026-07-28T19:20:55.508Z OK #237 /x402/gas-tracker {"timestamp":"2026-07-28T19:20:55.422Z","chains":[{"chain":"ethereum","gas_gwei"
2026-07-28T19:20:55.508Z OK #237 /x402/gas-tracker {"timestamp":"2026-07-28T19:20:55.422Z","chains":[{"chain":"ethereum","gas_gwei"
2026-07-28T19:20:58.053Z OK #238 /x402/web-fetch?url=https://example.com {"timestamp":"2026-07-28T19:20:57.967Z","url":"https://example.com","status":200
2026-07-28T19:20:58.053Z OK #238 /x402/web-fetch?url=https://example.com {"timestamp":"2026-07-28T19:20:57.967Z","url":"https://example.com","status":200
2026-07-28T19:20:59.870Z OK #239 /x402/news-headlines {"timestamp":"2026-07-28T19:20:59.776Z","q":"crypto OR bitcoin OR AI agents","co
2026-07-28T19:20:59.870Z OK #239 /x402/news-headlines {"timestamp":"2026-07-28T19:20:59.776Z","q":"crypto OR bitcoin OR AI agents","co
2026-07-28T19:21:01.880Z OK #240 /x402/grants?keyword=ai {"source":"grants.gov/search2","total":138,"results":[{"id":"363121","number":"P
2026-07-28T19:21:01.880Z OK #240 /x402/grants?keyword=ai {"source":"grants.gov/search2","total":138,"results":[{"id":"363121","number":"P
2026-07-28T19:21:03.684Z OK #241 /x402/treasury-yields {"source":"home.treasury.gov/yield-curve","month":"202607","latest":{"date":"202
2026-07-28T19:21:03.684Z OK #241 /x402/treasury-yields {"source":"home.treasury.gov/yield-curve","month":"202607","latest":{"date":"202
2026-07-28T19:21:05.696Z OK #242 /x402/pha-lookup {"matches":[{"id":"nc-kinston-kha","name":"Kinston Housing Authority","hud_code"
2026-07-28T19:21:05.696Z OK #242 /x402/pha-lookup {"matches":[{"id":"nc-kinston-kha","name":"Kinston Housing Authority","hud_code"
2026-07-28T19:21:07.472Z OK #243 /x402/hcv-fmr {"area":"Lenoir County, NC","year":2025,"bedrooms":4,"fmr_monthly":1497,"schedul
2026-07-28T19:21:07.472Z OK #243 /x402/hcv-fmr {"area":"Lenoir County, NC","year":2025,"bedrooms":4,"fmr_monthly":1497,"schedul
2026-07-28T19:21:09.614Z OK #244 /x402/housing-windsor {"property":{"address":"1607 Windsor Rd","city":"Kinston","county":"Lenoir","sta
2026-07-28T19:21:09.614Z OK #244 /x402/housing-windsor {"property":{"address":"1607 Windsor Rd","city":"Kinston","county":"Lenoir","sta
2026-07-28T19:21:11.880Z OK #245 /x402/domain-enrich?domain=example.com {"timestamp":"2026-07-28T19:21:11.794Z","domain":"example.com","ips":["104.20.23
2026-07-28T19:21:11.880Z OK #245 /x402/domain-enrich?domain=example.com {"timestamp":"2026-07-28T19:21:11.794Z","domain":"example.com","ips":["104.20.23
2026-07-28T19:21:13.825Z OK #246 /x402/market?naics=541512 {"source":"usaspending.gov/api/v2","naics":"541512","window":{"start_date":"2023
2026-07-28T19:21:13.825Z OK #246 /x402/market?naics=541512 {"source":"usaspending.gov/api/v2","naics":"541512","window":{"start_date":"2023
2026-07-28T19:21:15.349Z OK #247 /x402/sec-8k?ticker=AAPL {"source":"sec.gov/EDGAR","ticker":"AAPL","company":"Apple Inc.","cik":"320193",
2026-07-28T19:21:15.349Z OK #247 /x402/sec-8k?ticker=AAPL {"source":"sec.gov/EDGAR","ticker":"AAPL","company":"Apple Inc.","cik":"320193",
2026-07-28T19:21:17.588Z OK #248 /x402/fx-rate?base=USD&symbols=EUR {"source":"frankfurter.dev/v2/rates","data":[{"date":"2026-07-28","base":"USD","
2026-07-28T19:21:17.588Z OK #248 /x402/fx-rate?base=USD&symbols=EUR {"source":"frankfurter.dev/v2/rates","data":[{"date":"2026-07-28","base":"USD","
2026-07-28T19:21:19.597Z OK #249 /x402/fx-rate?base=USD&symbols=JPY {"source":"frankfurter.dev/v2/rates","data":[{"date":"2026-07-28","base":"USD","
2026-07-28T19:21:19.597Z OK #249 /x402/fx-rate?base=USD&symbols=JPY {"source":"frankfurter.dev/v2/rates","data":[{"date":"2026-07-28","base":"USD","
2026-07-28T19:21:21.691Z OK #250 /x402/gas-tracker {"timestamp":"2026-07-28T19:21:21.597Z","chains":[{"chain":"ethereum","gas_gwei"
2026-07-28T19:21:21.691Z OK #250 /x402/gas-tracker {"timestamp":"2026-07-28T19:21:21.597Z","chains":[{"chain":"ethereum","gas_gwei"
2026-07-28T19:21:23.422Z OK #251 /x402/web-fetch?url=https://example.com {"timestamp":"2026-07-28T19:21:23.335Z","url":"https://example.com","status":200
2026-07-28T19:21:23.422Z OK #251 /x402/web-fetch?url=https://example.com {"timestamp":"2026-07-28T19:21:23.335Z","url":"https://example.com","status":200
2026-07-28T19:21:26.300Z OK #252 /x402/news-headlines {"timestamp":"2026-07-28T19:21:26.211Z","q":"crypto OR bitcoin OR AI agents","co
2026-07-28T19:21:26.300Z OK #252 /x402/news-headlines {"timestamp":"2026-07-28T19:21:26.211Z","q":"crypto OR bitcoin OR AI agents","co
2026-07-28T19:21:28.268Z OK #253 /x402/grants?keyword=ai {"source":"grants.gov/search2","total":138,"results":[{"id":"363121","number":"P
2026-07-28T19:21:28.268Z OK #253 /x402/grants?keyword=ai {"source":"grants.gov/search2","total":138,"results":[{"id":"363121","number":"P
2026-07-28T19:21:30.043Z OK #254 /x402/treasury-yields {"source":"home.treasury.gov/yield-curve","month":"202607","latest":{"date":"202
2026-07-28T19:21:30.043Z OK #254 /x402/treasury-yields {"source":"home.treasury.gov/yield-curve","month":"202607","latest":{"date":"202
2026-07-28T19:21:31.749Z OK #255 /x402/pha-lookup {"matches":[{"id":"nc-kinston-kha","name":"Kinston Housing Authority","hud_code"
2026-07-28T19:21:31.749Z OK #255 /x402/pha-lookup {"matches":[{"id":"nc-kinston-kha","name":"Kinston Housing Authority","hud_code"
2026-07-28T19:21:33.461Z OK #256 /x402/hcv-fmr {"area":"Lenoir County, NC","year":2025,"bedrooms":4,"fmr_monthly":1497,"schedul
2026-07-28T19:21:33.461Z OK #256 /x402/hcv-fmr {"area":"Lenoir County, NC","year":2025,"bedrooms":4,"fmr_monthly":1497,"schedul
2026-07-28T19:21:35.471Z OK #257 /x402/housing-windsor {"property":{"address":"1607 Windsor Rd","city":"Kinston","county":"Lenoir","sta
2026-07-28T19:21:35.471Z OK #257 /x402/housing-windsor {"property":{"address":"1607 Windsor Rd","city":"Kinston","county":"Lenoir","sta
2026-07-28T19:21:37.697Z OK #258 /x402/domain-enrich?domain=example.com {"timestamp":"2026-07-28T19:21:37.603Z","domain":"example.com","ips":["104.20.23
2026-07-28T19:21:37.697Z OK #258 /x402/domain-enrich?domain=example.com {"timestamp":"2026-07-28T19:21:37.603Z","domain":"example.com","ips":["104.20.23
2026-07-28T19:21:39.603Z OK #259 /x402/market?naics=541512 {"source":"usaspending.gov/api/v2","naics":"541512","window":{"start_date":"2023
2026-07-28T19:21:39.603Z OK #259 /x402/market?naics=541512 {"source":"usaspending.gov/api/v2","naics":"541512","window":{"start_date":"2023
2026-07-28T19:21:41.605Z OK #260 /x402/sec-8k?ticker=AAPL {"source":"sec.gov/EDGAR","ticker":"AAPL","company":"Apple Inc.","cik":"320193",
2026-07-28T19:21:41.605Z OK #260 /x402/sec-8k?ticker=AAPL {"source":"sec.gov/EDGAR","ticker":"AAPL","company":"Apple Inc.","cik":"320193",
2026-07-28T19:21:43.671Z OK #261 /x402/fx-rate?base=USD&symbols=EUR {"source":"frankfurter.dev/v2/rates","data":[{"date":"2026-07-28","base":"USD","
2026-07-28T19:21:43.671Z OK #261 /x402/fx-rate?base=USD&symbols=EUR {"source":"frankfurter.dev/v2/rates","data":[{"date":"2026-07-28","base":"USD","
2026-07-28T19:21:45.387Z OK #262 /x402/fx-rate?base=USD&symbols=JPY {"source":"frankfurter.dev/v2/rates","data":[{"date":"2026-07-28","base":"USD","
2026-07-28T19:21:45.387Z OK #262 /x402/fx-rate?base=USD&symbols=JPY {"source":"frankfurter.dev/v2/rates","data":[{"date":"2026-07-28","base":"USD","
2026-07-28T19:21:47.587Z OK #263 /x402/gas-tracker {"timestamp":"2026-07-28T19:21:47.500Z","chains":[{"chain":"ethereum","gas_gwei"
2026-07-28T19:21:47.587Z OK #263 /x402/gas-tracker {"timestamp":"2026-07-28T19:21:47.500Z","chains":[{"chain":"ethereum","gas_gwei"
2026-07-28T19:21:49.530Z OK #264 /x402/web-fetch?url=https://example.com {"timestamp":"2026-07-28T19:21:49.437Z","url":"https://example.com","status":200
2026-07-28T19:21:49.530Z OK #264 /x402/web-fetch?url=https://example.com {"timestamp":"2026-07-28T19:21:49.437Z","url":"https://example.com","status":200
2026-07-28T19:21:51.660Z OK #265 /x402/news-headlines {"timestamp":"2026-07-28T19:21:51.550Z","q":"crypto OR bitcoin OR AI agents","co
2026-07-28T19:21:51.660Z OK #265 /x402/news-headlines {"timestamp":"2026-07-28T19:21:51.550Z","q":"crypto OR bitcoin OR AI agents","co
2026-07-28T19:21:53.924Z OK #266 /x402/grants?keyword=ai {"source":"grants.gov/search2","total":138,"results":[{"id":"363121","number":"P
2026-07-28T19:21:53.924Z OK #266 /x402/grants?keyword=ai {"source":"grants.gov/search2","total":138,"results":[{"id":"363121","number":"P
2026-07-28T19:21:55.476Z OK #267 /x402/treasury-yields {"source":"home.treasury.gov/yield-curve","month":"202607","latest":{"date":"202
2026-07-28T19:21:55.476Z OK #267 /x402/treasury-yields {"source":"home.treasury.gov/yield-curve","month":"202607","latest":{"date":"202
2026-07-28T19:21:57.641Z OK #268 /x402/pha-lookup {"matches":[{"id":"nc-kinston-kha","name":"Kinston Housing Authority","hud_code"
2026-07-28T19:21:57.641Z OK #268 /x402/pha-lookup {"matches":[{"id":"nc-kinston-kha","name":"Kinston Housing Authority","hud_code"
2026-07-28T19:21:59.403Z OK #269 /x402/hcv-fmr {"area":"Lenoir County, NC","year":2025,"bedrooms":4,"fmr_monthly":1497,"schedul
2026-07-28T19:21:59.403Z OK #269 /x402/hcv-fmr {"area":"Lenoir County, NC","year":2025,"bedrooms":4,"fmr_monthly":1497,"schedul
2026-07-28T19:22:01.427Z OK #270 /x402/housing-windsor {"property":{"address":"1607 Windsor Rd","city":"Kinston","county":"Lenoir","sta
2026-07-28T19:22:01.427Z OK #270 /x402/housing-windsor {"property":{"address":"1607 Windsor Rd","city":"Kinston","county":"Lenoir","sta
2026-07-28T19:22:03.701Z OK #271 /x402/domain-enrich?domain=example.com {"timestamp":"2026-07-28T19:22:03.609Z","domain":"example.com","ips":["172.66.14
2026-07-28T19:22:03.701Z OK #271 /x402/domain-enrich?domain=example.com {"timestamp":"2026-07-28T19:22:03.609Z","domain":"example.com","ips":["172.66.14
2026-07-28T19:22:05.665Z OK #272 /x402/market?naics=541512 {"source":"usaspending.gov/api/v2","naics":"541512","window":{"start_date":"2023
2026-07-28T19:22:05.665Z OK #272 /x402/market?naics=541512 {"source":"usaspending.gov/api/v2","naics":"541512","window":{"start_date":"2023
2026-07-28T19:22:07.793Z OK #273 /x402/sec-8k?ticker=AAPL {"source":"sec.gov/EDGAR","ticker":"AAPL","company":"Apple Inc.","cik":"320193",
2026-07-28T19:22:07.793Z OK #273 /x402/sec-8k?ticker=AAPL {"source":"sec.gov/EDGAR","ticker":"AAPL","company":"Apple Inc.","cik":"320193",
2026-07-28T19:22:09.503Z OK #274 /x402/fx-rate?base=USD&symbols=EUR {"source":"frankfurter.dev/v2/rates","data":[{"date":"2026-07-28","base":"USD","
2026-07-28T19:22:09.503Z OK #274 /x402/fx-rate?base=USD&symbols=EUR {"source":"frankfurter.dev/v2/rates","data":[{"date":"2026-07-28","base":"USD","
2026-07-28T19:22:11.554Z OK #275 /x402/fx-rate?base=USD&symbols=JPY {"source":"frankfurter.dev/v2/rates","data":[{"date":"2026-07-28","base":"USD","
2026-07-28T19:22:11.554Z OK #275 /x402/fx-rate?base=USD&symbols=JPY {"source":"frankfurter.dev/v2/rates","data":[{"date":"2026-07-28","base":"USD","
2026-07-28T19:22:13.686Z OK #276 /x402/gas-tracker {"timestamp":"2026-07-28T19:22:13.600Z","chains":[{"chain":"ethereum","gas_gwei"
2026-07-28T19:22:13.686Z OK #276 /x402/gas-tracker {"timestamp":"2026-07-28T19:22:13.600Z","chains":[{"chain":"ethereum","gas_gwei"
2026-07-28T19:22:15.655Z OK #277 /x402/web-fetch?url=https://example.com {"timestamp":"2026-07-28T19:22:15.562Z","url":"https://example.com","status":200
2026-07-28T19:22:15.655Z OK #277 /x402/web-fetch?url=https://example.com {"timestamp":"2026-07-28T19:22:15.562Z","url":"https://example.com","status":200
2026-07-28T19:22:17.726Z OK #278 /x402/news-headlines {"timestamp":"2026-07-28T19:22:17.634Z","q":"crypto OR bitcoin OR AI agents","co
2026-07-28T19:22:17.726Z OK #278 /x402/news-headlines {"timestamp":"2026-07-28T19:22:17.634Z","q":"crypto OR bitcoin OR AI agents","co
2026-07-28T19:22:20.077Z OK #279 /x402/grants?keyword=ai {"source":"grants.gov/search2","total":138,"results":[{"id":"363121","number":"P
2026-07-28T19:22:20.077Z OK #279 /x402/grants?keyword=ai {"source":"grants.gov/search2","total":138,"results":[{"id":"363121","number":"P
2026-07-28T19:22:21.923Z OK #280 /x402/treasury-yields {"source":"home.treasury.gov/yield-curve","month":"202607","latest":{"date":"202
2026-07-28T19:22:21.923Z OK #280 /x402/treasury-yields {"source":"home.treasury.gov/yield-curve","month":"202607","latest":{"date":"202
2026-07-28T19:22:23.552Z OK #281 /x402/pha-lookup {"matches":[{"id":"nc-kinston-kha","name":"Kinston Housing Authority","hud_code"
2026-07-28T19:22:23.552Z OK #281 /x402/pha-lookup {"matches":[{"id":"nc-kinston-kha","name":"Kinston Housing Authority","hud_code"
2026-07-28T19:22:25.463Z OK #282 /x402/hcv-fmr {"area":"Lenoir County, NC","year":2025,"bedrooms":4,"fmr_monthly":1497,"schedul
2026-07-28T19:22:25.463Z OK #282 /x402/hcv-fmr {"area":"Lenoir County, NC","year":2025,"bedrooms":4,"fmr_monthly":1497,"schedul
2026-07-28T19:22:27.485Z OK #283 /x402/housing-windsor {"property":{"address":"1607 Windsor Rd","city":"Kinston","county":"Lenoir","sta
2026-07-28T19:22:27.485Z OK #283 /x402/housing-windsor {"property":{"address":"1607 Windsor Rd","city":"Kinston","county":"Lenoir","sta
2026-07-28T19:22:29.609Z OK #284 /x402/domain-enrich?domain=example.com {"timestamp":"2026-07-28T19:22:29.503Z","domain":"example.com","ips":["172.66.14
2026-07-28T19:22:29.609Z OK #284 /x402/domain-enrich?domain=example.com {"timestamp":"2026-07-28T19:22:29.503Z","domain":"example.com","ips":["172.66.14
2026-07-28T19:22:31.848Z OK #285 /x402/market?naics=541512 {"source":"usaspending.gov/api/v2","naics":"541512","window":{"start_date":"2023
2026-07-28T19:22:31.848Z OK #285 /x402/market?naics=541512 {"source":"usaspending.gov/api/v2","naics":"541512","window":{"start_date":"2023
2026-07-28T19:22:33.684Z OK #286 /x402/sec-8k?ticker=AAPL {"source":"sec.gov/EDGAR","ticker":"AAPL","company":"Apple Inc.","cik":"320193",
2026-07-28T19:22:33.684Z OK #286 /x402/sec-8k?ticker=AAPL {"source":"sec.gov/EDGAR","ticker":"AAPL","company":"Apple Inc.","cik":"320193",
2026-07-28T19:22:35.654Z OK #287 /x402/fx-rate?base=USD&symbols=EUR {"source":"frankfurter.dev/v2/rates","data":[{"date":"2026-07-28","base":"USD","
2026-07-28T19:22:35.654Z OK #287 /x402/fx-rate?base=USD&symbols=EUR {"source":"frankfurter.dev/v2/rates","data":[{"date":"2026-07-28","base":"USD","
2026-07-28T19:22:37.592Z OK #288 /x402/fx-rate?base=USD&symbols=JPY {"source":"frankfurter.dev/v2/rates","data":[{"date":"2026-07-28","base":"USD","
2026-07-28T19:22:37.592Z OK #288 /x402/fx-rate?base=USD&symbols=JPY {"source":"frankfurter.dev/v2/rates","data":[{"date":"2026-07-28","base":"USD","
2026-07-28T19:22:39.613Z OK #289 /x402/gas-tracker {"timestamp":"2026-07-28T19:22:39.520Z","chains":[{"chain":"ethereum","gas_gwei"
2026-07-28T19:22:39.613Z OK #289 /x402/gas-tracker {"timestamp":"2026-07-28T19:22:39.520Z","chains":[{"chain":"ethereum","gas_gwei"
2026-07-28T19:22:41.612Z OK #290 /x402/web-fetch?url=https://example.com {"timestamp":"2026-07-28T19:22:41.526Z","url":"https://example.com","status":200
2026-07-28T19:22:41.612Z OK #290 /x402/web-fetch?url=https://example.com {"timestamp":"2026-07-28T19:22:41.526Z","url":"https://example.com","status":200
2026-07-28T19:22:43.672Z OK #291 /x402/news-headlines {"timestamp":"2026-07-28T19:22:43.563Z","q":"crypto OR bitcoin OR AI agents","co
2026-07-28T19:22:43.672Z OK #291 /x402/news-headlines {"timestamp":"2026-07-28T19:22:43.563Z","q":"crypto OR bitcoin OR AI agents","co
2026-07-28T19:22:45.940Z OK #292 /x402/grants?keyword=ai {"source":"grants.gov/search2","total":138,"results":[{"id":"363121","number":"P
2026-07-28T19:22:45.940Z OK #292 /x402/grants?keyword=ai {"source":"grants.gov/search2","total":138,"results":[{"id":"363121","number":"P
2026-07-28T19:22:47.675Z OK #293 /x402/treasury-yields {"source":"home.treasury.gov/yield-curve","month":"202607","latest":{"date":"202
2026-07-28T19:22:47.675Z OK #293 /x402/treasury-yields {"source":"home.treasury.gov/yield-curve","month":"202607","latest":{"date":"202
2026-07-28T19:22:49.611Z OK #294 /x402/pha-lookup {"matches":[{"id":"nc-kinston-kha","name":"Kinston Housing Authority","hud_code"
2026-07-28T19:22:49.611Z OK #294 /x402/pha-lookup {"matches":[{"id":"nc-kinston-kha","name":"Kinston Housing Authority","hud_code"
2026-07-28T19:22:51.546Z OK #295 /x402/hcv-fmr {"area":"Lenoir County, NC","year":2025,"bedrooms":4,"fmr_monthly":1497,"schedul
2026-07-28T19:22:51.546Z OK #295 /x402/hcv-fmr {"area":"Lenoir County, NC","year":2025,"bedrooms":4,"fmr_monthly":1497,"schedul
2026-07-28T19:22:53.659Z OK #296 /x402/housing-windsor {"property":{"address":"1607 Windsor Rd","city":"Kinston","county":"Lenoir","sta
2026-07-28T19:22:53.659Z OK #296 /x402/housing-windsor {"property":{"address":"1607 Windsor Rd","city":"Kinston","county":"Lenoir","sta
2026-07-28T19:22:55.824Z OK #297 /x402/domain-enrich?domain=example.com {"timestamp":"2026-07-28T19:22:55.729Z","domain":"example.com","ips":["104.20.23
2026-07-28T19:22:55.824Z OK #297 /x402/domain-enrich?domain=example.com {"timestamp":"2026-07-28T19:22:55.729Z","domain":"example.com","ips":["104.20.23
2026-07-28T19:22:57.666Z OK #298 /x402/market?naics=541512 {"source":"usaspending.gov/api/v2","naics":"541512","window":{"start_date":"2023
2026-07-28T19:22:57.666Z OK #298 /x402/market?naics=541512 {"source":"usaspending.gov/api/v2","naics":"541512","window":{"start_date":"2023
2026-07-28T19:22:59.631Z OK #299 /x402/sec-8k?ticker=AAPL {"source":"sec.gov/EDGAR","ticker":"AAPL","company":"Apple Inc.","cik":"320193",
2026-07-28T19:22:59.631Z OK #299 /x402/sec-8k?ticker=AAPL {"source":"sec.gov/EDGAR","ticker":"AAPL","company":"Apple Inc.","cik":"320193",
2026-07-28T19:23:01.569Z OK #300 /x402/fx-rate?base=USD&symbols=EUR {"source":"frankfurter.dev/v2/rates","data":[{"date":"2026-07-28","base":"USD","
2026-07-28T19:23:01.569Z OK #300 /x402/fx-rate?base=USD&symbols=EUR {"source":"frankfurter.dev/v2/rates","data":[{"date":"2026-07-28","base":"USD","
2026-07-28T19:23:03.579Z OK #301 /x402/fx-rate?base=USD&symbols=JPY {"source":"frankfurter.dev/v2/rates","data":[{"date":"2026-07-28","base":"USD","
2026-07-28T19:23:03.579Z OK #301 /x402/fx-rate?base=USD&symbols=JPY {"source":"frankfurter.dev/v2/rates","data":[{"date":"2026-07-28","base":"USD","
2026-07-28T19:23:05.628Z OK #302 /x402/gas-tracker {"timestamp":"2026-07-28T19:23:05.538Z","chains":[{"chain":"ethereum","gas_gwei"
2026-07-28T19:23:05.628Z OK #302 /x402/gas-tracker {"timestamp":"2026-07-28T19:23:05.538Z","chains":[{"chain":"ethereum","gas_gwei"
2026-07-28T19:23:07.370Z OK #303 /x402/web-fetch?url=https://example.com {"timestamp":"2026-07-28T19:23:07.276Z","url":"https://example.com","status":200
2026-07-28T19:23:07.370Z OK #303 /x402/web-fetch?url=https://example.com {"timestamp":"2026-07-28T19:23:07.276Z","url":"https://example.com","status":200
2026-07-28T19:23:08.203Z FAIL 502 /x402/news-headlines <!DOCTYPE html> <html lang="en">   <head>     <meta charset="utf-8">     <meta name="viewport" content="width=device-width, initial-scale=1">     <title>502</title>     <style>@fon
2026-07-28T19:23:08.203Z FAIL 502 /x402/news-headlines <!DOCTYPE html> <html lang="en">   <head>     <meta charset="utf-8">     <meta name="viewport" content="width=device-width, initial-scale=1">     <title>502</title>     <style>@fon
2026-07-28T19:23:11.215Z FAIL 502 /x402/grants?keyword=ai <!DOCTYPE html> <html lang="en">   <head>     <meta charset="utf-8">     <meta name="viewport" content="width=device-width, initial-scale=1">     <title>502</title>     <style>@fon
2026-07-28T19:23:11.215Z FAIL 502 /x402/grants?keyword=ai <!DOCTYPE html> <html lang="en">   <head>     <meta charset="utf-8">     <meta name="viewport" content="width=device-width, initial-scale=1">     <title>502</title>     <style>@fon
2026-07-28T19:23:14.286Z FAIL 502 /x402/treasury-yields <!DOCTYPE html> <html lang="en">   <head>     <meta charset="utf-8">     <meta name="viewport" content="width=device-width, initial-scale=1">     <title>502</title>     <style>@fon
2026-07-28T19:23:14.286Z FAIL 502 /x402/treasury-yields <!DOCTYPE html> <html lang="en">   <head>     <meta charset="utf-8">     <meta name="viewport" content="width=device-width, initial-scale=1">     <title>502</title>     <style>@fon
2026-07-28T19:23:17.092Z FAIL 502 /x402/pha-lookup <!DOCTYPE html> <html lang="en">   <head>     <meta charset="utf-8">     <meta name="viewport" content="width=device-width, initial-scale=1">     <title>502</title>     <style>@fon
2026-07-28T19:23:17.092Z FAIL 502 /x402/pha-lookup <!DOCTYPE html> <html lang="en">   <head>     <meta charset="utf-8">     <meta name="viewport" content="width=device-width, initial-scale=1">     <title>502</title>     <style>@fon
2026-07-28T19:23:20.456Z FAIL 502 /x402/hcv-fmr <!DOCTYPE html> <html lang="en">   <head>     <meta charset="utf-8">     <meta name="viewport" content="width=device-width, initial-scale=1">     <title>502</title>     <style>@fon
2026-07-28T19:23:20.456Z FAIL 502 /x402/hcv-fmr <!DOCTYPE html> <html lang="en">   <head>     <meta charset="utf-8">     <meta name="viewport" content="width=device-width, initial-scale=1">     <title>502</title>     <style>@fon
2026-07-28T19:23:20.456Z STOP consecutive fails
2026-07-28T19:23:20.456Z STOP consecutive fails
2026-07-28T19:23:20.630Z DONE {"ok":303,"attempts":308,"eoa":"0x523512A2Ab8aD92d16e6A6eB939811eC9914fA16","rails":"0x4e14B249D9A4c9c9352D780eCEB508A8eB7a7700","usdc_eoa_before":1.864085,"usdc_eoa_after":1.561085,"rails_before":6.892,"rails_after":7.195,"moved_to_rails":0.30299999999999994,"note":"Facilitator self-settle EOA→rails. Closed-loop SML treasury."}
2026-07-28T19:23:20.630Z DONE {"ok":303,"attempts":308,"eoa":"0x523512A2Ab8aD92d16e6A6eB939811eC9914fA16","rails":"0x4e14B249D9A4c9c9352D780eCEB508A8eB7a7700","usdc_eoa_before":1.864085,"usdc_eoa_after":1.561085,"rails_before":6.892,"rails_after":7.195,"moved_to_rails":0.30299999999999994,"note":"Facilitator self-settle EOA→rails. Closed-loop SML treasury."}
2026-07-28T19:23:47.412Z START payer_eoa=0x523512A2Ab8aD92d16e6A6eB939811eC9914fA16 USDC=1.561085 rails=0x4e14B249D9A4c9c9352D780eCEB508A8eB7a7700 USDC=7.195 max=1 leave=0.01
2026-07-28T19:23:47.520Z payer is EOA ✓
2026-07-28T19:23:48.867Z FAIL 502 /x402/fx-rate?base=USD&symbols=EUR <!DOCTYPE html> <html lang="en">   <head>     <meta charset="utf-8">     <meta name="viewport" content="width=device-width, initial-scale=1">     <title>502</title>     <style>@fon
2026-07-28T19:23:51.244Z FAIL 502 /x402/fx-rate?base=USD&symbols=JPY <!DOCTYPE html> <html lang="en">   <head>     <meta charset="utf-8">     <meta name="viewport" content="width=device-width, initial-scale=1">     <title>502</title>     <style>@fon
2026-07-28T19:23:54.824Z OK #1 /x402/gas-tracker {"timestamp":"2026-07-28T19:23:54.730Z","chains":[{"chain":"ethereum","gas_gwei"
2026-07-28T19:23:55.425Z DONE {"ok":1,"attempts":3,"eoa":"0x523512A2Ab8aD92d16e6A6eB939811eC9914fA16","rails":"0x4e14B249D9A4c9c9352D780eCEB508A8eB7a7700","usdc_eoa_before":1.561085,"usdc_eoa_after":1.560085,"rails_before":7.195,"rails_after":7.196,"moved_to_rails":0.0009999999999994458,"note":"Facilitator self-settle EOA→rails. Closed-loop SML treasury."}
2026-07-28T19:23:55.618Z STATS settledByFacilitator={"cdp":1} recentSettled=1
2026-07-28T19:27:56.013Z START payer_eoa=0x523512A2Ab8aD92d16e6A6eB939811eC9914fA16 USDC=1.560085 rails=0x4e14B249D9A4c9c9352D780eCEB508A8eB7a7700 USDC=7.196 max=1 leave=0.01
2026-07-28T19:27:56.103Z payer is EOA ✓
2026-07-28T19:27:57.485Z OK #1 /x402/fx-rate?base=USD&symbols=EUR {"source":"frankfurter.dev/v2/rates","data":[{"date":"2026-07-28","base":"USD","
2026-07-28T19:27:58.068Z DONE {"ok":1,"attempts":1,"eoa":"0x523512A2Ab8aD92d16e6A6eB939811eC9914fA16","rails":"0x4e14B249D9A4c9c9352D780eCEB508A8eB7a7700","usdc_eoa_before":1.560085,"usdc_eoa_after":1.560085,"rails_before":7.196,"rails_after":7.196,"moved_to_rails":0,"note":"Facilitator self-settle EOA→rails. Closed-loop SML treasury."}
2026-07-28T19:27:58.254Z STATS settledByFacilitator={"cdp":1} recentSettled=1
2026-07-28T19:28:08.136Z START payer_eoa=0x523512A2Ab8aD92d16e6A6eB939811eC9914fA16 USDC=1.559085 rails=0x4e14B249D9A4c9c9352D780eCEB508A8eB7a7700 USDC=7.197 max=2000 leave=0.02
2026-07-28T19:28:08.218Z payer is EOA ✓
2026-07-28T19:28:09.439Z OK #1 /x402/fx-rate?base=USD&symbols=EUR {"source":"frankfurter.dev/v2/rates","data":[{"date":"2026-07-28","base":"USD","
2026-07-28T19:28:11.412Z OK #2 /x402/fx-rate?base=USD&symbols=JPY {"source":"frankfurter.dev/v2/rates","data":[{"date":"2026-07-28","base":"USD","
2026-07-28T19:28:13.450Z OK #3 /x402/gas-tracker {"timestamp":"2026-07-28T19:28:13.359Z","chains":[{"chain":"ethereum","gas_gwei"
2026-07-28T19:28:15.018Z OK #4 /x402/web-fetch?url=https://example.com {"timestamp":"2026-07-28T19:28:14.932Z","url":"https://example.com","status":200
2026-07-28T19:28:17.366Z OK #5 /x402/news-headlines {"timestamp":"2026-07-28T19:28:17.274Z","q":"crypto OR bitcoin OR AI agents","co
2026-07-28T19:28:19.317Z OK #6 /x402/grants?keyword=ai {"source":"grants.gov/search2","total":138,"results":[{"id":"363121","number":"P
2026-07-28T19:28:20.923Z OK #7 /x402/treasury-yields {"source":"home.treasury.gov/yield-curve","month":"202607","latest":{"date":"202
2026-07-28T19:28:22.539Z OK #8 /x402/pha-lookup {"matches":[{"id":"nc-kinston-kha","name":"Kinston Housing Authority","hud_code"
2026-07-28T19:28:24.369Z OK #9 /x402/hcv-fmr {"area":"Lenoir County, NC","year":2025,"bedrooms":4,"fmr_monthly":1497,"schedul
2026-07-28T19:28:25.909Z OK #10 /x402/housing-windsor {"property":{"address":"1607 Windsor Rd","city":"Kinston","county":"Lenoir","sta
2026-07-28T19:28:27.823Z OK #11 /x402/domain-enrich?domain=example.com {"timestamp":"2026-07-28T19:28:27.739Z","domain":"example.com","ips":["172.66.14
2026-07-28T19:28:29.752Z OK #12 /x402/market?naics=541512 {"source":"usaspending.gov/api/v2","naics":"541512","window":{"start_date":"2023
2026-07-28T19:28:32.033Z OK #13 /x402/sec-8k?ticker=AAPL {"source":"sec.gov/EDGAR","ticker":"AAPL","company":"Apple Inc.","cik":"320193",
2026-07-28T19:28:33.637Z OK #14 /x402/fx-rate?base=USD&symbols=EUR {"source":"frankfurter.dev/v2/rates","data":[{"date":"2026-07-28","base":"USD","
2026-07-28T19:28:35.549Z OK #15 /x402/fx-rate?base=USD&symbols=JPY {"source":"frankfurter.dev/v2/rates","data":[{"date":"2026-07-28","base":"USD","
2026-07-28T19:28:37.476Z OK #16 /x402/gas-tracker {"timestamp":"2026-07-28T19:28:37.385Z","chains":[{"chain":"ethereum","gas_gwei"
2026-07-28T19:28:39.426Z OK #17 /x402/web-fetch?url=https://example.com {"timestamp":"2026-07-28T19:28:39.337Z","url":"https://example.com","status":200
2026-07-28T19:28:42.111Z OK #18 /x402/news-headlines {"timestamp":"2026-07-28T19:28:42.008Z","q":"crypto OR bitcoin OR AI agents","co
2026-07-28T19:28:43.878Z OK #19 /x402/grants?keyword=ai {"source":"grants.gov/search2","total":138,"results":[{"id":"363121","number":"P
2026-07-28T19:28:45.557Z OK #20 /x402/treasury-yields {"source":"home.treasury.gov/yield-curve","month":"202607","latest":{"date":"202
2026-07-28T19:28:47.428Z OK #21 /x402/pha-lookup {"matches":[{"id":"nc-kinston-kha","name":"Kinston Housing Authority","hud_code"
2026-07-28T19:28:49.361Z OK #22 /x402/hcv-fmr {"area":"Lenoir County, NC","year":2025,"bedrooms":4,"fmr_monthly":1497,"schedul
2026-07-28T19:28:50.964Z OK #23 /x402/housing-windsor {"property":{"address":"1607 Windsor Rd","city":"Kinston","county":"Lenoir","sta
2026-07-28T19:28:53.031Z OK #24 /x402/domain-enrich?domain=example.com {"timestamp":"2026-07-28T19:28:52.939Z","domain":"example.com","ips":["104.20.23
2026-07-28T19:28:54.764Z OK #25 /x402/market?naics=541512 {"source":"usaspending.gov/api/v2","naics":"541512","window":{"start_date":"2023
2026-07-28T19:28:56.356Z OK #26 /x402/sec-8k?ticker=AAPL {"source":"sec.gov/EDGAR","ticker":"AAPL","company":"Apple Inc.","cik":"320193",
2026-07-28T19:28:58.032Z OK #27 /x402/fx-rate?base=USD&symbols=EUR {"source":"frankfurter.dev/v2/rates","data":[{"date":"2026-07-28","base":"USD","
2026-07-28T19:28:59.719Z OK #28 /x402/fx-rate?base=USD&symbols=JPY {"source":"frankfurter.dev/v2/rates","data":[{"date":"2026-07-28","base":"USD","
2026-07-28T19:29:01.607Z OK #29 /x402/gas-tracker {"timestamp":"2026-07-28T19:29:01.523Z","chains":[{"chain":"ethereum","gas_gwei"
2026-07-28T19:29:03.617Z OK #30 /x402/web-fetch?url=https://example.com {"timestamp":"2026-07-28T19:29:03.525Z","url":"https://example.com","status":200
2026-07-28T19:29:05.954Z OK #31 /x402/news-headlines {"timestamp":"2026-07-28T19:29:05.846Z","q":"crypto OR bitcoin OR AI agents","co
2026-07-28T19:29:08.166Z OK #32 /x402/grants?keyword=ai {"source":"grants.gov/search2","total":138,"results":[{"id":"363121","number":"P
2026-07-28T19:29:09.836Z OK #33 /x402/treasury-yields {"source":"home.treasury.gov/yield-curve","month":"202607","latest":{"date":"202
2026-07-28T19:29:11.478Z OK #34 /x402/pha-lookup {"matches":[{"id":"nc-kinston-kha","name":"Kinston Housing Authority","hud_code"
2026-07-28T19:29:13.354Z OK #35 /x402/hcv-fmr {"area":"Lenoir County, NC","year":2025,"bedrooms":4,"fmr_monthly":1497,"schedul
2026-07-28T19:29:14.866Z OK #36 /x402/housing-windsor {"property":{"address":"1607 Windsor Rd","city":"Kinston","county":"Lenoir","sta
2026-07-28T19:29:16.554Z OK #37 /x402/domain-enrich?domain=example.com {"timestamp":"2026-07-28T19:29:16.463Z","domain":"example.com","ips":["172.66.14
2026-07-28T19:29:18.330Z OK #38 /x402/market?naics=541512 {"source":"usaspending.gov/api/v2","naics":"541512","window":{"start_date":"2023
2026-07-28T19:29:20.270Z OK #39 /x402/sec-8k?ticker=AAPL {"source":"sec.gov/EDGAR","ticker":"AAPL","company":"Apple Inc.","cik":"320193",
2026-07-28T19:29:21.911Z OK #40 /x402/fx-rate?base=USD&symbols=EUR {"source":"frankfurter.dev/v2/rates","data":[{"date":"2026-07-28","base":"USD","
2026-07-28T19:29:23.540Z OK #41 /x402/fx-rate?base=USD&symbols=JPY {"source":"frankfurter.dev/v2/rates","data":[{"date":"2026-07-28","base":"USD","
2026-07-28T19:29:25.553Z OK #42 /x402/gas-tracker {"timestamp":"2026-07-28T19:29:25.465Z","chains":[{"chain":"ethereum","gas_gwei"
2026-07-28T19:29:27.411Z OK #43 /x402/web-fetch?url=https://example.com {"timestamp":"2026-07-28T19:29:27.322Z","url":"https://example.com","status":200
2026-07-28T19:29:29.205Z OK #44 /x402/news-headlines {"timestamp":"2026-07-28T19:29:29.119Z","q":"crypto OR bitcoin OR AI agents","co
2026-07-28T19:29:31.050Z OK #45 /x402/grants?keyword=ai {"source":"grants.gov/search2","total":138,"results":[{"id":"363121","number":"P
2026-07-28T19:29:32.748Z OK #46 /x402/treasury-yields {"source":"home.treasury.gov/yield-curve","month":"202607","latest":{"date":"202
2026-07-28T19:29:34.218Z OK #47 /x402/pha-lookup {"matches":[{"id":"nc-kinston-kha","name":"Kinston Housing Authority","hud_code"
2026-07-28T19:29:35.904Z OK #48 /x402/hcv-fmr {"area":"Lenoir County, NC","year":2025,"bedrooms":4,"fmr_monthly":1497,"schedul
2026-07-28T19:29:37.493Z OK #49 /x402/housing-windsor {"property":{"address":"1607 Windsor Rd","city":"Kinston","county":"Lenoir","sta
2026-07-28T19:29:39.911Z OK #50 /x402/domain-enrich?domain=example.com {"timestamp":"2026-07-28T19:29:39.820Z","domain":"example.com","ips":["104.20.23
2026-07-28T19:29:41.680Z OK #51 /x402/market?naics=541512 {"source":"usaspending.gov/api/v2","naics":"541512","window":{"start_date":"2023
2026-07-28T19:29:43.723Z OK #52 /x402/sec-8k?ticker=AAPL {"source":"sec.gov/EDGAR","ticker":"AAPL","company":"Apple Inc.","cik":"320193",
2026-07-28T19:29:45.481Z OK #53 /x402/fx-rate?base=USD&symbols=EUR {"source":"frankfurter.dev/v2/rates","data":[{"date":"2026-07-28","base":"USD","
2026-07-28T19:29:47.692Z OK #54 /x402/fx-rate?base=USD&symbols=JPY {"source":"frankfurter.dev/v2/rates","data":[{"date":"2026-07-28","base":"USD","
2026-07-28T19:29:49.376Z OK #55 /x402/gas-tracker {"timestamp":"2026-07-28T19:29:49.285Z","chains":[{"chain":"ethereum","gas_gwei"
2026-07-28T19:29:50.933Z OK #56 /x402/web-fetch?url=https://example.com {"timestamp":"2026-07-28T19:29:50.850Z","url":"https://example.com","status":200
2026-07-28T19:29:52.592Z OK #57 /x402/news-headlines {"timestamp":"2026-07-28T19:29:52.492Z","q":"crypto OR bitcoin OR AI agents","co
2026-07-28T19:29:54.426Z OK #58 /x402/grants?keyword=ai {"source":"grants.gov/search2","total":138,"results":[{"id":"363121","number":"P
2026-07-28T19:29:56.323Z OK #59 /x402/treasury-yields {"source":"home.treasury.gov/yield-curve","month":"202607","latest":{"date":"202
2026-07-28T19:29:57.825Z OK #60 /x402/pha-lookup {"matches":[{"id":"nc-kinston-kha","name":"Kinston Housing Authority","hud_code"
2026-07-28T19:29:59.465Z OK #61 /x402/hcv-fmr {"area":"Lenoir County, NC","year":2025,"bedrooms":4,"fmr_monthly":1497,"schedul
2026-07-28T19:30:01.401Z OK #62 /x402/housing-windsor {"property":{"address":"1607 Windsor Rd","city":"Kinston","county":"Lenoir","sta
2026-07-28T19:30:03.652Z OK #63 /x402/domain-enrich?domain=example.com {"timestamp":"2026-07-28T19:30:03.560Z","domain":"example.com","ips":["172.66.14
2026-07-28T19:30:05.936Z OK #64 /x402/market?naics=541512 {"source":"usaspending.gov/api/v2","naics":"541512","window":{"start_date":"2023
2026-07-28T19:30:07.639Z OK #65 /x402/sec-8k?ticker=AAPL {"source":"sec.gov/EDGAR","ticker":"AAPL","company":"Apple Inc.","cik":"320193",
2026-07-28T19:30:09.473Z OK #66 /x402/fx-rate?base=USD&symbols=EUR {"source":"frankfurter.dev/v2/rates","data":[{"date":"2026-07-28","base":"USD","
2026-07-28T19:30:11.622Z OK #67 /x402/fx-rate?base=USD&symbols=JPY {"source":"frankfurter.dev/v2/rates","data":[{"date":"2026-07-28","base":"USD","
2026-07-28T19:30:13.744Z OK #68 /x402/gas-tracker {"timestamp":"2026-07-28T19:30:13.653Z","chains":[{"chain":"ethereum","gas_gwei"
2026-07-28T19:30:15.637Z OK #69 /x402/web-fetch?url=https://example.com {"timestamp":"2026-07-28T19:30:15.546Z","url":"https://example.com","status":200
2026-07-28T19:30:17.703Z OK #70 /x402/news-headlines {"timestamp":"2026-07-28T19:30:17.618Z","q":"crypto OR bitcoin OR AI agents","co
2026-07-28T19:30:19.662Z OK #71 /x402/grants?keyword=ai {"source":"grants.gov/search2","total":138,"results":[{"id":"363121","number":"P
2026-07-28T19:30:21.398Z OK #72 /x402/treasury-yields {"source":"home.treasury.gov/yield-curve","month":"202607","latest":{"date":"202
2026-07-28T19:30:23.006Z OK #73 /x402/pha-lookup {"matches":[{"id":"nc-kinston-kha","name":"Kinston Housing Authority","hud_code"
2026-07-28T19:30:24.584Z OK #74 /x402/hcv-fmr {"area":"Lenoir County, NC","year":2025,"bedrooms":4,"fmr_monthly":1497,"schedul
2026-07-28T19:30:26.158Z OK #75 /x402/housing-windsor {"property":{"address":"1607 Windsor Rd","city":"Kinston","county":"Lenoir","sta
2026-07-28T19:30:28.075Z OK #76 /x402/domain-enrich?domain=example.com {"timestamp":"2026-07-28T19:30:27.984Z","domain":"example.com","ips":["104.20.23
2026-07-28T19:30:29.905Z OK #77 /x402/market?naics=541512 {"source":"usaspending.gov/api/v2","naics":"541512","window":{"start_date":"2023
2026-07-28T19:30:31.503Z OK #78 /x402/sec-8k?ticker=AAPL {"source":"sec.gov/EDGAR","ticker":"AAPL","company":"Apple Inc.","cik":"320193",
2026-07-28T19:30:33.547Z OK #79 /x402/fx-rate?base=USD&symbols=EUR {"source":"frankfurter.dev/v2/rates","data":[{"date":"2026-07-28","base":"USD","
2026-07-28T19:30:35.727Z OK #80 /x402/fx-rate?base=USD&symbols=JPY {"source":"frankfurter.dev/v2/rates","data":[{"date":"2026-07-28","base":"USD","
2026-07-28T19:30:37.662Z OK #81 /x402/gas-tracker {"timestamp":"2026-07-28T19:30:37.571Z","chains":[{"chain":"ethereum","gas_gwei"
2026-07-28T19:30:39.535Z OK #82 /x402/web-fetch?url=https://example.com {"timestamp":"2026-07-28T19:30:39.444Z","url":"https://example.com","status":200
2026-07-28T19:30:41.468Z OK #83 /x402/news-headlines {"timestamp":"2026-07-28T19:30:41.383Z","q":"crypto OR bitcoin OR AI agents","co
2026-07-28T19:30:43.772Z OK #84 /x402/grants?keyword=ai {"source":"grants.gov/search2","total":138,"results":[{"id":"363121","number":"P
2026-07-28T19:30:45.438Z OK #85 /x402/treasury-yields {"source":"home.treasury.gov/yield-curve","month":"202607","latest":{"date":"202
2026-07-28T19:30:47.580Z OK #86 /x402/pha-lookup {"matches":[{"id":"nc-kinston-kha","name":"Kinston Housing Authority","hud_code"
2026-07-28T19:30:49.556Z OK #87 /x402/hcv-fmr {"area":"Lenoir County, NC","year":2025,"bedrooms":4,"fmr_monthly":1497,"schedul
2026-07-28T19:30:51.695Z OK #88 /x402/housing-windsor {"property":{"address":"1607 Windsor Rd","city":"Kinston","county":"Lenoir","sta
2026-07-28T19:30:53.780Z OK #89 /x402/domain-enrich?domain=example.com {"timestamp":"2026-07-28T19:30:53.689Z","domain":"example.com","ips":["104.20.23
2026-07-28T19:30:55.517Z OK #90 /x402/market?naics=541512 {"source":"usaspending.gov/api/v2","naics":"541512","window":{"start_date":"2023
2026-07-28T19:30:57.710Z OK #91 /x402/sec-8k?ticker=AAPL {"source":"sec.gov/EDGAR","ticker":"AAPL","company":"Apple Inc.","cik":"320193",
2026-07-28T19:30:59.313Z OK #92 /x402/fx-rate?base=USD&symbols=EUR {"source":"frankfurter.dev/v2/rates","data":[{"date":"2026-07-28","base":"USD","
2026-07-28T19:31:01.040Z OK #93 /x402/fx-rate?base=USD&symbols=JPY {"source":"frankfurter.dev/v2/rates","data":[{"date":"2026-07-28","base":"USD","
2026-07-28T19:31:02.766Z OK #94 /x402/gas-tracker {"timestamp":"2026-07-28T19:31:02.675Z","chains":[{"chain":"ethereum","gas_gwei"
2026-07-28T19:31:04.416Z OK #95 /x402/web-fetch?url=https://example.com {"timestamp":"2026-07-28T19:31:04.325Z","url":"https://example.com","status":200
2026-07-28T19:31:06.368Z OK #96 /x402/news-headlines {"timestamp":"2026-07-28T19:31:06.279Z","q":"crypto OR bitcoin OR AI agents","co
2026-07-28T19:31:32.487Z START payer_eoa=0x523512A2Ab8aD92d16e6A6eB939811eC9914fA16 USDC=1.462085 rails=0x4e14B249D9A4c9c9352D780eCEB508A8eB7a7700 USDC=7.294 max=2000 leave=0.02
2026-07-28T19:31:32.568Z payer is EOA ✓
2026-07-28T19:31:33.775Z OK #1 /x402/fx-rate?base=USD&symbols=EUR {"source":"frankfurter.dev/v2/rates","data":[{"date":"2026-07-28","base":"USD","
2026-07-28T19:31:35.404Z OK #2 /x402/fx-rate?base=USD&symbols=JPY {"source":"frankfurter.dev/v2/rates","data":[{"date":"2026-07-28","base":"USD","
2026-07-28T19:31:37.170Z OK #3 /x402/gas-tracker {"timestamp":"2026-07-28T19:31:37.081Z","chains":[{"chain":"ethereum","gas_gwei"
2026-07-28T19:31:39.884Z OK #4 /x402/web-fetch?url=https://example.com {"timestamp":"2026-07-28T19:31:39.791Z","url":"https://example.com","status":200
2026-07-28T19:31:41.631Z OK #5 /x402/news-headlines {"timestamp":"2026-07-28T19:31:41.545Z","q":"crypto OR bitcoin OR AI agents","co
2026-07-28T19:31:43.927Z OK #6 /x402/grants?keyword=ai {"source":"grants.gov/search2","total":138,"results":[{"id":"363121","number":"P
2026-07-28T19:31:45.543Z OK #7 /x402/treasury-yields {"source":"home.treasury.gov/yield-curve","month":"202607","latest":{"date":"202
2026-07-28T19:31:47.522Z OK #8 /x402/pha-lookup {"matches":[{"id":"nc-kinston-kha","name":"Kinston Housing Authority","hud_code"
2026-07-28T19:31:49.476Z OK #9 /x402/hcv-fmr {"area":"Lenoir County, NC","year":2025,"bedrooms":4,"fmr_monthly":1497,"schedul
2026-07-28T19:31:51.715Z OK #10 /x402/housing-windsor {"property":{"address":"1607 Windsor Rd","city":"Kinston","county":"Lenoir","sta
2026-07-28T19:31:53.360Z OK #11 /x402/domain-enrich?domain=example.com {"timestamp":"2026-07-28T19:31:53.271Z","domain":"example.com","ips":["104.20.23
2026-07-28T19:31:56.053Z OK #12 /x402/market?naics=541512 {"source":"usaspending.gov/api/v2","naics":"541512","window":{"start_date":"2023
2026-07-28T19:31:57.689Z OK #13 /x402/sec-8k?ticker=AAPL {"source":"sec.gov/EDGAR","ticker":"AAPL","company":"Apple Inc.","cik":"320193",
2026-07-28T19:31:59.580Z OK #14 /x402/fx-rate?base=USD&symbols=EUR {"source":"frankfurter.dev/v2/rates","data":[{"date":"2026-07-28","base":"USD","
2026-07-28T19:32:01.518Z OK #15 /x402/fx-rate?base=USD&symbols=JPY {"source":"frankfurter.dev/v2/rates","data":[{"date":"2026-07-28","base":"USD","
2026-07-28T19:32:03.779Z OK #16 /x402/gas-tracker {"timestamp":"2026-07-28T19:32:03.692Z","chains":[{"chain":"ethereum","gas_gwei"
2026-07-28T19:32:05.464Z OK #17 /x402/web-fetch?url=https://example.com {"timestamp":"2026-07-28T19:32:05.376Z","url":"https://example.com","status":200
2026-07-28T19:32:07.534Z OK #18 /x402/news-headlines {"timestamp":"2026-07-28T19:32:07.444Z","q":"crypto OR bitcoin OR AI agents","co
2026-07-28T19:32:09.787Z OK #19 /x402/grants?keyword=ai {"source":"grants.gov/search2","total":138,"results":[{"id":"363121","number":"P
2026-07-28T19:32:11.689Z OK #20 /x402/treasury-yields {"source":"home.treasury.gov/yield-curve","month":"202607","latest":{"date":"202
2026-07-28T19:32:13.202Z OK #21 /x402/pha-lookup {"matches":[{"id":"nc-kinston-kha","name":"Kinston Housing Authority","hud_code"
2026-07-28T19:32:14.813Z OK #22 /x402/hcv-fmr {"area":"Lenoir County, NC","year":2025,"bedrooms":4,"fmr_monthly":1497,"schedul
2026-07-28T19:32:16.335Z OK #23 /x402/housing-windsor {"property":{"address":"1607 Windsor Rd","city":"Kinston","county":"Lenoir","sta
2026-07-28T19:32:18.248Z OK #24 /x402/domain-enrich?domain=example.com {"timestamp":"2026-07-28T19:32:18.164Z","domain":"example.com","ips":["172.66.14
2026-07-28T19:32:20.046Z OK #25 /x402/market?naics=541512 {"source":"usaspending.gov/api/v2","naics":"541512","window":{"start_date":"2023
2026-07-28T19:32:21.755Z OK #26 /x402/sec-8k?ticker=AAPL {"source":"sec.gov/EDGAR","ticker":"AAPL","company":"Apple Inc.","cik":"320193",
2026-07-28T19:32:23.394Z OK #27 /x402/fx-rate?base=USD&symbols=EUR {"source":"frankfurter.dev/v2/rates","data":[{"date":"2026-07-28","base":"USD","
2026-07-28T19:32:25.004Z OK #28 /x402/fx-rate?base=USD&symbols=JPY {"source":"frankfurter.dev/v2/rates","data":[{"date":"2026-07-28","base":"USD","
2026-07-28T19:32:26.630Z OK #29 /x402/gas-tracker {"timestamp":"2026-07-28T19:32:26.546Z","chains":[{"chain":"ethereum","gas_gwei"
2026-07-28T19:32:28.240Z OK #30 /x402/web-fetch?url=https://example.com {"timestamp":"2026-07-28T19:32:28.156Z","url":"https://example.com","status":200
2026-07-28T19:32:29.888Z OK #31 /x402/news-headlines {"timestamp":"2026-07-28T19:32:29.801Z","q":"crypto OR bitcoin OR AI agents","co
2026-07-28T19:32:31.724Z OK #32 /x402/grants?keyword=ai {"source":"grants.gov/search2","total":138,"results":[{"id":"363121","number":"P
2026-07-28T19:32:33.758Z OK #33 /x402/treasury-yields {"source":"home.treasury.gov/yield-curve","month":"202607","latest":{"date":"202
2026-07-28T19:32:35.647Z OK #34 /x402/pha-lookup {"matches":[{"id":"nc-kinston-kha","name":"Kinston Housing Authority","hud_code"
2026-07-28T19:32:37.296Z OK #35 /x402/hcv-fmr {"area":"Lenoir County, NC","year":2025,"bedrooms":4,"fmr_monthly":1497,"schedul
2026-07-28T19:32:38.907Z OK #36 /x402/housing-windsor {"property":{"address":"1607 Windsor Rd","city":"Kinston","county":"Lenoir","sta
2026-07-28T19:32:40.820Z OK #37 /x402/domain-enrich?domain=example.com {"timestamp":"2026-07-28T19:32:40.736Z","domain":"example.com","ips":["104.20.23
2026-07-28T19:32:42.463Z OK #38 /x402/market?naics=541512 {"source":"usaspending.gov/api/v2","naics":"541512","window":{"start_date":"2023
2026-07-28T19:32:44.093Z OK #39 /x402/sec-8k?ticker=AAPL {"source":"sec.gov/EDGAR","ticker":"AAPL","company":"Apple Inc.","cik":"320193",
2026-07-28T19:32:45.662Z OK #40 /x402/fx-rate?base=USD&symbols=EUR {"source":"frankfurter.dev/v2/rates","data":[{"date":"2026-07-28","base":"USD","
2026-07-28T19:32:47.315Z OK #41 /x402/fx-rate?base=USD&symbols=JPY {"source":"frankfurter.dev/v2/rates","data":[{"date":"2026-07-28","base":"USD","
2026-07-28T19:32:49.074Z OK #42 /x402/gas-tracker {"timestamp":"2026-07-28T19:32:48.991Z","chains":[{"chain":"ethereum","gas_gwei"
2026-07-28T19:32:50.681Z OK #43 /x402/web-fetch?url=https://example.com {"timestamp":"2026-07-28T19:32:50.578Z","url":"https://example.com","status":200
2026-07-28T19:32:52.351Z OK #44 /x402/news-headlines {"timestamp":"2026-07-28T19:32:52.264Z","q":"crypto OR bitcoin OR AI agents","co
2026-07-28T19:32:54.336Z OK #45 /x402/grants?keyword=ai {"source":"grants.gov/search2","total":138,"results":[{"id":"363121","number":"P
2026-07-28T19:32:55.956Z OK #46 /x402/treasury-yields {"source":"home.treasury.gov/yield-curve","month":"202607","latest":{"date":"202
2026-07-28T19:32:57.458Z OK #47 /x402/pha-lookup {"matches":[{"id":"nc-kinston-kha","name":"Kinston Housing Authority","hud_code"
2026-07-28T19:32:59.679Z OK #48 /x402/hcv-fmr {"area":"Lenoir County, NC","year":2025,"bedrooms":4,"fmr_monthly":1497,"schedul
2026-07-28T19:33:01.278Z OK #49 /x402/housing-windsor {"property":{"address":"1607 Windsor Rd","city":"Kinston","county":"Lenoir","sta
2026-07-28T19:33:03.193Z OK #50 /x402/domain-enrich?domain=example.com {"timestamp":"2026-07-28T19:33:03.090Z","domain":"example.com","ips":["172.66.14
2026-07-28T19:33:04.979Z OK #51 /x402/market?naics=541512 {"source":"usaspending.gov/api/v2","naics":"541512","window":{"start_date":"2023
2026-07-28T19:33:06.623Z OK #52 /x402/sec-8k?ticker=AAPL {"source":"sec.gov/EDGAR","ticker":"AAPL","company":"Apple Inc.","cik":"320193",
2026-07-28T19:33:08.167Z OK #53 /x402/fx-rate?base=USD&symbols=EUR {"source":"frankfurter.dev/v2/rates","data":[{"date":"2026-07-28","base":"USD","
2026-07-28T19:33:09.788Z OK #54 /x402/fx-rate?base=USD&symbols=JPY {"source":"frankfurter.dev/v2/rates","data":[{"date":"2026-07-28","base":"USD","
2026-07-28T19:33:11.524Z OK #55 /x402/gas-tracker {"timestamp":"2026-07-28T19:33:11.437Z","chains":[{"chain":"ethereum","gas_gwei"
2026-07-28T19:33:13.327Z OK #56 /x402/web-fetch?url=https://example.com {"timestamp":"2026-07-28T19:33:13.244Z","url":"https://example.com","status":200
2026-07-28T19:33:15.283Z OK #57 /x402/news-headlines {"timestamp":"2026-07-28T19:33:15.197Z","q":"crypto OR bitcoin OR AI agents","co
2026-07-28T19:33:17.393Z OK #58 /x402/grants?keyword=ai {"source":"grants.gov/search2","total":138,"results":[{"id":"363121","number":"P
2026-07-28T19:33:19.393Z OK #59 /x402/treasury-yields {"source":"home.treasury.gov/yield-curve","month":"202607","latest":{"date":"202
2026-07-28T19:33:21.430Z OK #60 /x402/pha-lookup {"matches":[{"id":"nc-kinston-kha","name":"Kinston Housing Authority","hud_code"
2026-07-28T19:33:23.018Z OK #61 /x402/hcv-fmr {"area":"Lenoir County, NC","year":2025,"bedrooms":4,"fmr_monthly":1497,"schedul
2026-07-28T19:33:24.517Z OK #62 /x402/housing-windsor {"property":{"address":"1607 Windsor Rd","city":"Kinston","county":"Lenoir","sta
2026-07-28T19:33:26.416Z OK #63 /x402/domain-enrich?domain=example.com {"timestamp":"2026-07-28T19:33:26.332Z","domain":"example.com","ips":["172.66.14
2026-07-28T19:33:28.296Z OK #64 /x402/market?naics=541512 {"source":"usaspending.gov/api/v2","naics":"541512","window":{"start_date":"2023
2026-07-28T19:33:29.922Z OK #65 /x402/sec-8k?ticker=AAPL {"source":"sec.gov/EDGAR","ticker":"AAPL","company":"Apple Inc.","cik":"320193",
2026-07-28T19:33:31.474Z OK #66 /x402/fx-rate?base=USD&symbols=EUR {"source":"frankfurter.dev/v2/rates","data":[{"date":"2026-07-28","base":"USD","
2026-07-28T19:33:33.378Z OK #67 /x402/fx-rate?base=USD&symbols=JPY {"source":"frankfurter.dev/v2/rates","data":[{"date":"2026-07-28","base":"USD","
2026-07-28T19:33:35.829Z OK #68 /x402/gas-tracker {"timestamp":"2026-07-28T19:33:35.743Z","chains":[{"chain":"ethereum","gas_gwei"
2026-07-28T19:33:37.479Z OK #69 /x402/web-fetch?url=https://example.com {"timestamp":"2026-07-28T19:33:37.395Z","url":"https://example.com","status":200
2026-07-28T19:33:39.073Z OK #70 /x402/news-headlines {"timestamp":"2026-07-28T19:33:38.988Z","q":"crypto OR bitcoin OR AI agents","co
2026-07-28T19:33:40.870Z OK #71 /x402/grants?keyword=ai {"source":"grants.gov/search2","total":138,"results":[{"id":"363121","number":"P
2026-07-28T19:33:42.704Z OK #72 /x402/treasury-yields {"source":"home.treasury.gov/yield-curve","month":"202607","latest":{"date":"202
2026-07-28T19:33:44.197Z OK #73 /x402/pha-lookup {"matches":[{"id":"nc-kinston-kha","name":"Kinston Housing Authority","hud_code"
2026-07-28T19:33:46.085Z OK #74 /x402/hcv-fmr {"area":"Lenoir County, NC","year":2025,"bedrooms":4,"fmr_monthly":1497,"schedul
2026-07-28T19:33:47.545Z OK #75 /x402/housing-windsor {"property":{"address":"1607 Windsor Rd","city":"Kinston","county":"Lenoir","sta
2026-07-28T19:33:49.756Z OK #76 /x402/domain-enrich?domain=example.com {"timestamp":"2026-07-28T19:33:49.672Z","domain":"example.com","ips":["104.20.23
2026-07-28T19:33:51.924Z OK #77 /x402/market?naics=541512 {"source":"usaspending.gov/api/v2","naics":"541512","window":{"start_date":"2023
2026-07-28T19:33:53.738Z OK #78 /x402/sec-8k?ticker=AAPL {"source":"sec.gov/EDGAR","ticker":"AAPL","company":"Apple Inc.","cik":"320193",
2026-07-28T19:33:55.333Z OK #79 /x402/fx-rate?base=USD&symbols=EUR {"source":"frankfurter.dev/v2/rates","data":[{"date":"2026-07-28","base":"USD","
2026-07-28T19:33:56.997Z OK #80 /x402/fx-rate?base=USD&symbols=JPY {"source":"frankfurter.dev/v2/rates","data":[{"date":"2026-07-28","base":"USD","
2026-07-28T19:33:58.817Z OK #81 /x402/gas-tracker {"timestamp":"2026-07-28T19:33:58.734Z","chains":[{"chain":"ethereum","gas_gwei"
2026-07-28T19:34:00.419Z OK #82 /x402/web-fetch?url=https://example.com {"timestamp":"2026-07-28T19:34:00.334Z","url":"https://example.com","status":200
2026-07-28T19:34:02.103Z OK #83 /x402/news-headlines {"timestamp":"2026-07-28T19:34:02.018Z","q":"crypto OR bitcoin OR AI agents","co
2026-07-28T19:34:04.052Z OK #84 /x402/grants?keyword=ai {"source":"grants.gov/search2","total":138,"results":[{"id":"363121","number":"P
2026-07-28T19:34:05.850Z OK #85 /x402/treasury-yields {"source":"home.treasury.gov/yield-curve","month":"202607","latest":{"date":"202
2026-07-28T19:34:07.400Z OK #86 /x402/pha-lookup {"matches":[{"id":"nc-kinston-kha","name":"Kinston Housing Authority","hud_code"
2026-07-28T19:34:09.521Z OK #87 /x402/hcv-fmr {"area":"Lenoir County, NC","year":2025,"bedrooms":4,"fmr_monthly":1497,"schedul
2026-07-28T19:34:11.496Z OK #88 /x402/housing-windsor {"property":{"address":"1607 Windsor Rd","city":"Kinston","county":"Lenoir","sta
2026-07-28T19:34:13.507Z OK #89 /x402/domain-enrich?domain=example.com {"timestamp":"2026-07-28T19:34:13.423Z","domain":"example.com","ips":["172.66.14
2026-07-28T19:34:15.607Z OK #90 /x402/market?naics=541512 {"source":"usaspending.gov/api/v2","naics":"541512","window":{"start_date":"2023
2026-07-28T19:34:17.429Z OK #91 /x402/sec-8k?ticker=AAPL {"source":"sec.gov/EDGAR","ticker":"AAPL","company":"Apple Inc.","cik":"320193",
2026-07-28T19:34:19.443Z OK #92 /x402/fx-rate?base=USD&symbols=EUR {"source":"frankfurter.dev/v2/rates","data":[{"date":"2026-07-28","base":"USD","
2026-07-28T19:34:21.010Z OK #93 /x402/fx-rate?base=USD&symbols=JPY {"source":"frankfurter.dev/v2/rates","data":[{"date":"2026-07-28","base":"USD","
2026-07-28T19:34:22.733Z OK #94 /x402/gas-tracker {"timestamp":"2026-07-28T19:34:22.647Z","chains":[{"chain":"ethereum","gas_gwei"
2026-07-28T19:34:24.513Z OK #95 /x402/web-fetch?url=https://example.com {"timestamp":"2026-07-28T19:34:24.429Z","url":"https://example.com","status":200
2026-07-28T19:34:26.194Z OK #96 /x402/news-headlines {"timestamp":"2026-07-28T19:34:26.107Z","q":"crypto OR bitcoin OR AI agents","co
2026-07-28T19:34:28.070Z OK #97 /x402/grants?keyword=ai {"source":"grants.gov/search2","total":138,"results":[{"id":"363121","number":"P
2026-07-28T19:34:30.001Z OK #98 /x402/treasury-yields {"source":"home.treasury.gov/yield-curve","month":"202607","latest":{"date":"202
2026-07-28T19:34:31.636Z OK #99 /x402/pha-lookup {"matches":[{"id":"nc-kinston-kha","name":"Kinston Housing Authority","hud_code"
2026-07-28T19:34:33.751Z OK #100 /x402/hcv-fmr {"area":"Lenoir County, NC","year":2025,"bedrooms":4,"fmr_monthly":1497,"schedul
2026-07-28T19:34:35.309Z OK #101 /x402/housing-windsor {"property":{"address":"1607 Windsor Rd","city":"Kinston","county":"Lenoir","sta
2026-07-28T19:34:37.154Z OK #102 /x402/domain-enrich?domain=example.com {"timestamp":"2026-07-28T19:34:37.051Z","domain":"example.com","ips":["172.66.14
2026-07-28T19:34:38.851Z OK #103 /x402/market?naics=541512 {"source":"usaspending.gov/api/v2","naics":"541512","window":{"start_date":"2023
2026-07-28T19:34:40.465Z OK #104 /x402/sec-8k?ticker=AAPL {"source":"sec.gov/EDGAR","ticker":"AAPL","company":"Apple Inc.","cik":"320193",
2026-07-28T19:34:42.046Z OK #105 /x402/fx-rate?base=USD&symbols=EUR {"source":"frankfurter.dev/v2/rates","data":[{"date":"2026-07-28","base":"USD","
2026-07-28T19:34:43.571Z OK #106 /x402/fx-rate?base=USD&symbols=JPY {"source":"frankfurter.dev/v2/rates","data":[{"date":"2026-07-28","base":"USD","
2026-07-28T19:34:45.666Z OK #107 /x402/gas-tracker {"timestamp":"2026-07-28T19:34:45.582Z","chains":[{"chain":"ethereum","gas_gwei"
2026-07-28T19:34:47.353Z OK #108 /x402/web-fetch?url=https://example.com {"timestamp":"2026-07-28T19:34:47.269Z","url":"https://example.com","status":200
2026-07-28T19:34:49.355Z OK #109 /x402/news-headlines {"timestamp":"2026-07-28T19:34:49.268Z","q":"crypto OR bitcoin OR AI agents","co
2026-07-28T19:34:51.119Z OK #110 /x402/grants?keyword=ai {"source":"grants.gov/search2","total":138,"results":[{"id":"363121","number":"P
2026-07-28T19:34:52.756Z OK #111 /x402/treasury-yields {"source":"home.treasury.gov/yield-curve","month":"202607","latest":{"date":"202
2026-07-28T19:34:54.486Z OK #112 /x402/pha-lookup {"matches":[{"id":"nc-kinston-kha","name":"Kinston Housing Authority","hud_code"
2026-07-28T19:34:56.114Z OK #113 /x402/hcv-fmr {"area":"Lenoir County, NC","year":2025,"bedrooms":4,"fmr_monthly":1497,"schedul
2026-07-28T19:34:57.761Z OK #114 /x402/housing-windsor {"property":{"address":"1607 Windsor Rd","city":"Kinston","county":"Lenoir","sta
2026-07-28T19:34:59.502Z OK #115 /x402/domain-enrich?domain=example.com {"timestamp":"2026-07-28T19:34:59.419Z","domain":"example.com","ips":["172.66.14
2026-07-28T19:35:01.634Z OK #116 /x402/market?naics=541512 {"source":"usaspending.gov/api/v2","naics":"541512","window":{"start_date":"2023
2026-07-28T19:35:03.580Z OK #117 /x402/sec-8k?ticker=AAPL {"source":"sec.gov/EDGAR","ticker":"AAPL","company":"Apple Inc.","cik":"320193",
2026-07-28T19:35:05.553Z OK #118 /x402/fx-rate?base=USD&symbols=EUR {"source":"frankfurter.dev/v2/rates","data":[{"date":"2026-07-28","base":"USD","
2026-07-28T19:35:07.482Z OK #119 /x402/fx-rate?base=USD&symbols=JPY {"source":"frankfurter.dev/v2/rates","data":[{"date":"2026-07-28","base":"USD","
2026-07-28T19:35:09.568Z OK #120 /x402/gas-tracker {"timestamp":"2026-07-28T19:35:09.481Z","chains":[{"chain":"ethereum","gas_gwei"
2026-07-28T19:35:11.495Z OK #121 /x402/web-fetch?url=https://example.com {"timestamp":"2026-07-28T19:35:11.400Z","url":"https://example.com","status":200
2026-07-28T19:35:13.722Z OK #122 /x402/news-headlines {"timestamp":"2026-07-28T19:35:13.617Z","q":"crypto OR bitcoin OR AI agents","co
2026-07-28T19:35:15.643Z OK #123 /x402/grants?keyword=ai {"source":"grants.gov/search2","total":138,"results":[{"id":"363121","number":"P
2026-07-28T19:35:17.472Z OK #124 /x402/treasury-yields {"source":"home.treasury.gov/yield-curve","month":"202607","latest":{"date":"202
2026-07-28T19:35:19.419Z OK #125 /x402/pha-lookup {"matches":[{"id":"nc-kinston-kha","name":"Kinston Housing Authority","hud_code"
2026-07-28T19:35:21.061Z OK #126 /x402/hcv-fmr {"area":"Lenoir County, NC","year":2025,"bedrooms":4,"fmr_monthly":1497,"schedul
2026-07-28T19:35:22.644Z OK #127 /x402/housing-windsor {"property":{"address":"1607 Windsor Rd","city":"Kinston","county":"Lenoir","sta
2026-07-28T19:35:24.625Z OK #128 /x402/domain-enrich?domain=example.com {"timestamp":"2026-07-28T19:35:24.535Z","domain":"example.com","ips":["104.20.23
2026-07-28T19:35:26.608Z OK #129 /x402/market?naics=541512 {"source":"usaspending.gov/api/v2","naics":"541512","window":{"start_date":"2023
2026-07-28T19:35:28.076Z OK #130 /x402/sec-8k?ticker=AAPL {"source":"sec.gov/EDGAR","ticker":"AAPL","company":"Apple Inc.","cik":"320193",
2026-07-28T19:35:29.722Z OK #131 /x402/fx-rate?base=USD&symbols=EUR {"source":"frankfurter.dev/v2/rates","data":[{"date":"2026-07-28","base":"USD","
2026-07-28T19:35:31.297Z OK #132 /x402/fx-rate?base=USD&symbols=JPY {"source":"frankfurter.dev/v2/rates","data":[{"date":"2026-07-28","base":"USD","
2026-07-28T19:35:32.984Z OK #133 /x402/gas-tracker {"timestamp":"2026-07-28T19:35:32.881Z","chains":[{"chain":"ethereum","gas_gwei"
2026-07-28T19:35:34.885Z OK #134 /x402/web-fetch?url=https://example.com {"timestamp":"2026-07-28T19:35:34.782Z","url":"https://example.com","status":200
2026-07-28T19:35:37.157Z OK #135 /x402/news-headlines {"timestamp":"2026-07-28T19:35:37.051Z","q":"crypto OR bitcoin OR AI agents","co
2026-07-28T19:35:38.992Z OK #136 /x402/grants?keyword=ai {"source":"grants.gov/search2","total":138,"results":[{"id":"363121","number":"P
2026-07-28T19:35:40.590Z OK #137 /x402/treasury-yields {"source":"home.treasury.gov/yield-curve","month":"202607","latest":{"date":"202
2026-07-28T19:35:42.130Z OK #138 /x402/pha-lookup {"matches":[{"id":"nc-kinston-kha","name":"Kinston Housing Authority","hud_code"
2026-07-28T19:35:43.734Z OK #139 /x402/hcv-fmr {"area":"Lenoir County, NC","year":2025,"bedrooms":4,"fmr_monthly":1497,"schedul
2026-07-28T19:35:45.280Z OK #140 /x402/housing-windsor {"property":{"address":"1607 Windsor Rd","city":"Kinston","county":"Lenoir","sta
2026-07-28T19:35:47.167Z OK #141 /x402/domain-enrich?domain=example.com {"timestamp":"2026-07-28T19:35:47.056Z","domain":"example.com","ips":["172.66.14
2026-07-28T19:35:48.966Z OK #142 /x402/market?naics=541512 {"source":"usaspending.gov/api/v2","naics":"541512","window":{"start_date":"2023
2026-07-28T19:35:50.507Z OK #143 /x402/sec-8k?ticker=AAPL {"source":"sec.gov/EDGAR","ticker":"AAPL","company":"Apple Inc.","cik":"320193",
2026-07-28T19:35:52.038Z OK #144 /x402/fx-rate?base=USD&symbols=EUR {"source":"frankfurter.dev/v2/rates","data":[{"date":"2026-07-28","base":"USD","
2026-07-28T19:35:53.666Z OK #145 /x402/fx-rate?base=USD&symbols=JPY {"source":"frankfurter.dev/v2/rates","data":[{"date":"2026-07-28","base":"USD","
2026-07-28T19:35:55.432Z OK #146 /x402/gas-tracker {"timestamp":"2026-07-28T19:35:55.345Z","chains":[{"chain":"ethereum","gas_gwei"
2026-07-28T19:35:57.296Z OK #147 /x402/web-fetch?url=https://example.com {"timestamp":"2026-07-28T19:35:57.208Z","url":"https://example.com","status":200
2026-07-28T19:35:59.020Z OK #148 /x402/news-headlines {"timestamp":"2026-07-28T19:35:58.915Z","q":"crypto OR bitcoin OR AI agents","co
2026-07-28T19:36:00.979Z OK #149 /x402/grants?keyword=ai {"source":"grants.gov/search2","total":138,"results":[{"id":"363121","number":"P
2026-07-28T19:36:02.769Z OK #150 /x402/treasury-yields {"source":"home.treasury.gov/yield-curve","month":"202607","latest":{"date":"202
2026-07-28T19:36:04.288Z OK #151 /x402/pha-lookup {"matches":[{"id":"nc-kinston-kha","name":"Kinston Housing Authority","hud_code"
2026-07-28T19:36:05.830Z OK #152 /x402/hcv-fmr {"area":"Lenoir County, NC","year":2025,"bedrooms":4,"fmr_monthly":1497,"schedul
2026-07-28T19:36:07.449Z OK #153 /x402/housing-windsor {"property":{"address":"1607 Windsor Rd","city":"Kinston","county":"Lenoir","sta
2026-07-28T19:36:09.815Z OK #154 /x402/domain-enrich?domain=example.com {"timestamp":"2026-07-28T19:36:09.732Z","domain":"example.com","ips":["172.66.14
2026-07-28T19:36:12.000Z OK #155 /x402/market?naics=541512 {"source":"usaspending.gov/api/v2","naics":"541512","window":{"start_date":"2023
2026-07-28T19:36:14.025Z OK #156 /x402/sec-8k?ticker=AAPL {"source":"sec.gov/EDGAR","ticker":"AAPL","company":"Apple Inc.","cik":"320193",
2026-07-28T19:36:15.684Z OK #157 /x402/fx-rate?base=USD&symbols=EUR {"source":"frankfurter.dev/v2/rates","data":[{"date":"2026-07-28","base":"USD","
2026-07-28T19:36:17.462Z OK #158 /x402/fx-rate?base=USD&symbols=JPY {"source":"frankfurter.dev/v2/rates","data":[{"date":"2026-07-28","base":"USD","
2026-07-28T19:36:19.066Z OK #159 /x402/gas-tracker {"timestamp":"2026-07-28T19:36:18.978Z","chains":[{"chain":"ethereum","gas_gwei"
2026-07-28T19:36:20.529Z OK #160 /x402/web-fetch?url=https://example.com {"timestamp":"2026-07-28T19:36:20.441Z","url":"https://example.com","status":200
2026-07-28T19:36:22.083Z OK #161 /x402/news-headlines {"timestamp":"2026-07-28T19:36:21.993Z","q":"crypto OR bitcoin OR AI agents","co
2026-07-28T19:36:23.916Z OK #162 /x402/grants?keyword=ai {"source":"grants.gov/search2","total":138,"results":[{"id":"363121","number":"P
2026-07-28T19:36:25.464Z OK #163 /x402/treasury-yields {"source":"home.treasury.gov/yield-curve","month":"202607","latest":{"date":"202
2026-07-28T19:36:27.533Z OK #164 /x402/pha-lookup {"matches":[{"id":"nc-kinston-kha","name":"Kinston Housing Authority","hud_code"
2026-07-28T19:36:29.356Z OK #165 /x402/hcv-fmr {"area":"Lenoir County, NC","year":2025,"bedrooms":4,"fmr_monthly":1497,"schedul
2026-07-28T19:36:30.969Z OK #166 /x402/housing-windsor {"property":{"address":"1607 Windsor Rd","city":"Kinston","county":"Lenoir","sta
2026-07-28T19:36:32.750Z OK #167 /x402/domain-enrich?domain=example.com {"timestamp":"2026-07-28T19:36:32.658Z","domain":"example.com","ips":["104.20.23
2026-07-28T19:36:34.582Z OK #168 /x402/market?naics=541512 {"source":"usaspending.gov/api/v2","naics":"541512","window":{"start_date":"2023
2026-07-28T19:36:36.231Z OK #169 /x402/sec-8k?ticker=AAPL {"source":"sec.gov/EDGAR","ticker":"AAPL","company":"Apple Inc.","cik":"320193",
2026-07-28T19:36:37.735Z OK #170 /x402/fx-rate?base=USD&symbols=EUR {"source":"frankfurter.dev/v2/rates","data":[{"date":"2026-07-28","base":"USD","
2026-07-28T19:36:39.570Z OK #171 /x402/fx-rate?base=USD&symbols=JPY {"source":"frankfurter.dev/v2/rates","data":[{"date":"2026-07-28","base":"USD","
2026-07-28T19:36:41.557Z OK #172 /x402/gas-tracker {"timestamp":"2026-07-28T19:36:41.466Z","chains":[{"chain":"ethereum","gas_gwei"
2026-07-28T19:36:43.271Z OK #173 /x402/web-fetch?url=https://example.com {"timestamp":"2026-07-28T19:36:43.181Z","url":"https://example.com","status":200
2026-07-28T19:36:44.875Z OK #174 /x402/news-headlines {"timestamp":"2026-07-28T19:36:44.791Z","q":"crypto OR bitcoin OR AI agents","co
2026-07-28T19:36:46.762Z OK #175 /x402/grants?keyword=ai {"source":"grants.gov/search2","total":138,"results":[{"id":"363121","number":"P
2026-07-28T19:36:48.680Z OK #176 /x402/treasury-yields {"source":"home.treasury.gov/yield-curve","month":"202607","latest":{"date":"202
2026-07-28T19:36:50.238Z OK #177 /x402/pha-lookup {"matches":[{"id":"nc-kinston-kha","name":"Kinston Housing Authority","hud_code"
2026-07-28T19:36:51.790Z OK #178 /x402/hcv-fmr {"area":"Lenoir County, NC","year":2025,"bedrooms":4,"fmr_monthly":1497,"schedul
2026-07-28T19:36:53.327Z OK #179 /x402/housing-windsor {"property":{"address":"1607 Windsor Rd","city":"Kinston","county":"Lenoir","sta
2026-07-28T19:36:54.945Z OK #180 /x402/domain-enrich?domain=example.com {"timestamp":"2026-07-28T19:36:54.861Z","domain":"example.com","ips":["172.66.14
2026-07-28T19:36:56.720Z OK #181 /x402/market?naics=541512 {"source":"usaspending.gov/api/v2","naics":"541512","window":{"start_date":"2023
2026-07-28T19:36:58.255Z OK #182 /x402/sec-8k?ticker=AAPL {"source":"sec.gov/EDGAR","ticker":"AAPL","company":"Apple Inc.","cik":"320193",
2026-07-28T19:36:59.859Z OK #183 /x402/fx-rate?base=USD&symbols=EUR {"source":"frankfurter.dev/v2/rates","data":[{"date":"2026-07-28","base":"USD","
2026-07-28T19:37:01.582Z OK #184 /x402/fx-rate?base=USD&symbols=JPY {"source":"frankfurter.dev/v2/rates","data":[{"date":"2026-07-28","base":"USD","
2026-07-28T19:37:03.482Z OK #185 /x402/gas-tracker {"timestamp":"2026-07-28T19:37:03.391Z","chains":[{"chain":"ethereum","gas_gwei"
2026-07-28T19:37:05.131Z OK #186 /x402/web-fetch?url=https://example.com {"timestamp":"2026-07-28T19:37:05.043Z","url":"https://example.com","status":200
2026-07-28T19:37:07.247Z OK #187 /x402/news-headlines {"timestamp":"2026-07-28T19:37:07.161Z","q":"crypto OR bitcoin OR AI agents","co
2026-07-28T19:37:09.086Z OK #188 /x402/grants?keyword=ai {"source":"grants.gov/search2","total":138,"results":[{"id":"363121","number":"P
2026-07-28T19:37:10.729Z OK #189 /x402/treasury-yields {"source":"home.treasury.gov/yield-curve","month":"202607","latest":{"date":"202
2026-07-28T19:37:12.300Z OK #190 /x402/pha-lookup {"matches":[{"id":"nc-kinston-kha","name":"Kinston Housing Authority","hud_code"
2026-07-28T19:37:13.927Z OK #191 /x402/hcv-fmr {"area":"Lenoir County, NC","year":2025,"bedrooms":4,"fmr_monthly":1497,"schedul
2026-07-28T19:37:15.469Z OK #192 /x402/housing-windsor {"property":{"address":"1607 Windsor Rd","city":"Kinston","county":"Lenoir","sta
2026-07-28T19:37:17.760Z OK #193 /x402/domain-enrich?domain=example.com {"timestamp":"2026-07-28T19:37:17.676Z","domain":"example.com","ips":["104.20.23
2026-07-28T19:37:19.819Z OK #194 /x402/market?naics=541512 {"source":"usaspending.gov/api/v2","naics":"541512","window":{"start_date":"2023
2026-07-28T19:37:21.424Z OK #195 /x402/sec-8k?ticker=AAPL {"source":"sec.gov/EDGAR","ticker":"AAPL","company":"Apple Inc.","cik":"320193",
2026-07-28T19:37:23.008Z OK #196 /x402/fx-rate?base=USD&symbols=EUR {"source":"frankfurter.dev/v2/rates","data":[{"date":"2026-07-28","base":"USD","
2026-07-28T19:37:24.621Z OK #197 /x402/fx-rate?base=USD&symbols=JPY {"source":"frankfurter.dev/v2/rates","data":[{"date":"2026-07-28","base":"USD","
2026-07-28T19:37:26.629Z OK #198 /x402/gas-tracker {"timestamp":"2026-07-28T19:37:26.545Z","chains":[{"chain":"ethereum","gas_gwei"
2026-07-28T19:37:28.189Z OK #199 /x402/web-fetch?url=https://example.com {"timestamp":"2026-07-28T19:37:28.104Z","url":"https://example.com","status":200
2026-07-28T19:37:30.071Z OK #200 /x402/news-headlines {"timestamp":"2026-07-28T19:37:29.987Z","q":"crypto OR bitcoin OR AI agents","co
2026-07-28T19:37:31.902Z OK #201 /x402/grants?keyword=ai {"source":"grants.gov/search2","total":138,"results":[{"id":"363121","number":"P
2026-07-28T19:37:33.761Z OK #202 /x402/treasury-yields {"source":"home.treasury.gov/yield-curve","month":"202607","latest":{"date":"202
2026-07-28T19:37:35.425Z OK #203 /x402/pha-lookup {"matches":[{"id":"nc-kinston-kha","name":"Kinston Housing Authority","hud_code"
2026-07-28T19:37:36.977Z OK #204 /x402/hcv-fmr {"area":"Lenoir County, NC","year":2025,"bedrooms":4,"fmr_monthly":1497,"schedul
2026-07-28T19:37:38.582Z OK #205 /x402/housing-windsor {"property":{"address":"1607 Windsor Rd","city":"Kinston","county":"Lenoir","sta
2026-07-28T19:37:40.203Z OK #206 /x402/domain-enrich?domain=example.com {"timestamp":"2026-07-28T19:37:40.093Z","domain":"example.com","ips":["172.66.14
2026-07-28T19:37:41.916Z OK #207 /x402/market?naics=541512 {"source":"usaspending.gov/api/v2","naics":"541512","window":{"start_date":"2023
2026-07-28T19:37:43.707Z OK #208 /x402/sec-8k?ticker=AAPL {"source":"sec.gov/EDGAR","ticker":"AAPL","company":"Apple Inc.","cik":"320193",
2026-07-28T19:37:45.608Z OK #209 /x402/fx-rate?base=USD&symbols=EUR {"source":"frankfurter.dev/v2/rates","data":[{"date":"2026-07-28","base":"USD","
2026-07-28T19:37:47.549Z OK #210 /x402/fx-rate?base=USD&symbols=JPY {"source":"frankfurter.dev/v2/rates","data":[{"date":"2026-07-28","base":"USD","
2026-07-28T19:37:49.588Z OK #211 /x402/gas-tracker {"timestamp":"2026-07-28T19:37:49.500Z","chains":[{"chain":"ethereum","gas_gwei"
2026-07-28T19:37:51.536Z OK #212 /x402/web-fetch?url=https://example.com {"timestamp":"2026-07-28T19:37:51.434Z","url":"https://example.com","status":200
2026-07-28T19:37:53.800Z OK #213 /x402/news-headlines {"timestamp":"2026-07-28T19:37:53.694Z","q":"crypto OR bitcoin OR AI agents","co
2026-07-28T19:37:55.759Z OK #214 /x402/grants?keyword=ai {"source":"grants.gov/search2","total":138,"results":[{"id":"363121","number":"P
2026-07-28T19:37:57.476Z OK #215 /x402/treasury-yields {"source":"home.treasury.gov/yield-curve","month":"202607","latest":{"date":"202
2026-07-28T19:37:59.559Z OK #216 /x402/pha-lookup {"matches":[{"id":"nc-kinston-kha","name":"Kinston Housing Authority","hud_code"
2026-07-28T19:38:01.609Z OK #217 /x402/hcv-fmr {"area":"Lenoir County, NC","year":2025,"bedrooms":4,"fmr_monthly":1497,"schedul
2026-07-28T19:38:03.406Z OK #218 /x402/housing-windsor {"property":{"address":"1607 Windsor Rd","city":"Kinston","county":"Lenoir","sta
2026-07-28T19:38:05.599Z OK #219 /x402/domain-enrich?domain=example.com {"timestamp":"2026-07-28T19:38:05.515Z","domain":"example.com","ips":["104.20.23
2026-07-28T19:38:07.560Z OK #220 /x402/market?naics=541512 {"source":"usaspending.gov/api/v2","naics":"541512","window":{"start_date":"2023
2026-07-28T19:38:09.537Z OK #221 /x402/sec-8k?ticker=AAPL {"source":"sec.gov/EDGAR","ticker":"AAPL","company":"Apple Inc.","cik":"320193",
2026-07-28T19:38:11.530Z OK #222 /x402/fx-rate?base=USD&symbols=EUR {"source":"frankfurter.dev/v2/rates","data":[{"date":"2026-07-28","base":"USD","
2026-07-28T19:38:13.543Z OK #223 /x402/fx-rate?base=USD&symbols=JPY {"source":"frankfurter.dev/v2/rates","data":[{"date":"2026-07-28","base":"USD","
2026-07-28T19:38:15.466Z OK #224 /x402/gas-tracker {"timestamp":"2026-07-28T19:38:15.383Z","chains":[{"chain":"ethereum","gas_gwei"
2026-07-28T19:38:17.398Z OK #225 /x402/web-fetch?url=https://example.com {"timestamp":"2026-07-28T19:38:17.314Z","url":"https://example.com","status":200
2026-07-28T19:38:19.341Z OK #226 /x402/news-headlines {"timestamp":"2026-07-28T19:38:19.257Z","q":"crypto OR bitcoin OR AI agents","co
2026-07-28T19:38:21.152Z OK #227 /x402/grants?keyword=ai {"source":"grants.gov/search2","total":138,"results":[{"id":"363121","number":"P
2026-07-28T19:38:22.855Z OK #228 /x402/treasury-yields {"source":"home.treasury.gov/yield-curve","month":"202607","latest":{"date":"202
2026-07-28T19:38:24.986Z OK #229 /x402/pha-lookup {"matches":[{"id":"nc-kinston-kha","name":"Kinston Housing Authority","hud_code"
2026-07-28T19:38:26.909Z OK #230 /x402/hcv-fmr {"area":"Lenoir County, NC","year":2025,"bedrooms":4,"fmr_monthly":1497,"schedul
2026-07-28T19:38:28.453Z OK #231 /x402/housing-windsor {"property":{"address":"1607 Windsor Rd","city":"Kinston","county":"Lenoir","sta
2026-07-28T19:38:30.274Z OK #232 /x402/domain-enrich?domain=example.com {"timestamp":"2026-07-28T19:38:30.164Z","domain":"example.com","ips":["104.20.23
2026-07-28T19:38:32.515Z OK #233 /x402/market?naics=541512 {"source":"usaspending.gov/api/v2","naics":"541512","window":{"start_date":"2023
2026-07-28T19:38:34.256Z OK #234 /x402/sec-8k?ticker=AAPL {"source":"sec.gov/EDGAR","ticker":"AAPL","company":"Apple Inc.","cik":"320193",
2026-07-28T19:38:35.937Z OK #235 /x402/fx-rate?base=USD&symbols=EUR {"source":"frankfurter.dev/v2/rates","data":[{"date":"2026-07-28","base":"USD","
2026-07-28T19:38:37.512Z OK #236 /x402/fx-rate?base=USD&symbols=JPY {"source":"frankfurter.dev/v2/rates","data":[{"date":"2026-07-28","base":"USD","
2026-07-28T19:38:39.583Z OK #237 /x402/gas-tracker {"timestamp":"2026-07-28T19:38:39.495Z","chains":[{"chain":"ethereum","gas_gwei"
2026-07-28T19:38:41.664Z OK #238 /x402/web-fetch?url=https://example.com {"timestamp":"2026-07-28T19:38:41.576Z","url":"https://example.com","status":200
2026-07-28T19:38:43.517Z OK #239 /x402/news-headlines {"timestamp":"2026-07-28T19:38:43.425Z","q":"crypto OR bitcoin OR AI agents","co
2026-07-28T19:38:45.618Z OK #240 /x402/grants?keyword=ai {"source":"grants.gov/search2","total":138,"results":[{"id":"363121","number":"P
2026-07-28T19:38:47.651Z OK #241 /x402/treasury-yields {"source":"home.treasury.gov/yield-curve","month":"202607","latest":{"date":"202
2026-07-28T19:38:49.268Z OK #242 /x402/pha-lookup {"matches":[{"id":"nc-kinston-kha","name":"Kinston Housing Authority","hud_code"
2026-07-28T19:38:50.840Z OK #243 /x402/hcv-fmr {"area":"Lenoir County, NC","year":2025,"bedrooms":4,"fmr_monthly":1497,"schedul
2026-07-28T19:38:52.444Z OK #244 /x402/housing-windsor {"property":{"address":"1607 Windsor Rd","city":"Kinston","county":"Lenoir","sta
2026-07-28T19:38:54.482Z OK #245 /x402/domain-enrich?domain=example.com {"timestamp":"2026-07-28T19:38:54.395Z","domain":"example.com","ips":["172.66.14
2026-07-28T19:38:56.293Z OK #246 /x402/market?naics=541512 {"source":"usaspending.gov/api/v2","naics":"541512","window":{"start_date":"2023
2026-07-28T19:38:57.913Z OK #247 /x402/sec-8k?ticker=AAPL {"source":"sec.gov/EDGAR","ticker":"AAPL","company":"Apple Inc.","cik":"320193",
2026-07-28T19:38:59.546Z OK #248 /x402/fx-rate?base=USD&symbols=EUR {"source":"frankfurter.dev/v2/rates","data":[{"date":"2026-07-28","base":"USD","
2026-07-28T19:39:01.257Z OK #249 /x402/fx-rate?base=USD&symbols=JPY {"source":"frankfurter.dev/v2/rates","data":[{"date":"2026-07-28","base":"USD","
2026-07-28T19:39:03.376Z OK #250 /x402/gas-tracker {"timestamp":"2026-07-28T19:39:03.291Z","chains":[{"chain":"ethereum","gas_gwei"
2026-07-28T19:39:04.939Z OK #251 /x402/web-fetch?url=https://example.com {"timestamp":"2026-07-28T19:39:04.852Z","url":"https://example.com","status":200
2026-07-28T19:39:07.018Z OK #252 /x402/news-headlines {"timestamp":"2026-07-28T19:39:06.932Z","q":"crypto OR bitcoin OR AI agents","co
2026-07-28T19:39:08.882Z OK #253 /x402/grants?keyword=ai {"source":"grants.gov/search2","total":138,"results":[{"id":"363121","number":"P
2026-07-28T19:39:10.605Z OK #254 /x402/treasury-yields {"source":"home.treasury.gov/yield-curve","month":"202607","latest":{"date":"202
2026-07-28T19:39:12.047Z OK #255 /x402/pha-lookup {"matches":[{"id":"nc-kinston-kha","name":"Kinston Housing Authority","hud_code"
2026-07-28T19:39:14.194Z OK #256 /x402/hcv-fmr {"area":"Lenoir County, NC","year":2025,"bedrooms":4,"fmr_monthly":1497,"schedul
2026-07-28T19:39:15.738Z OK #257 /x402/housing-windsor {"property":{"address":"1607 Windsor Rd","city":"Kinston","county":"Lenoir","sta
2026-07-28T19:39:17.673Z OK #258 /x402/domain-enrich?domain=example.com {"timestamp":"2026-07-28T19:39:17.590Z","domain":"example.com","ips":["172.66.14
2026-07-28T19:39:21.351Z OK #259 /x402/market?naics=541512 {"source":"usaspending.gov/api/v2","naics":"541512","window":{"start_date":"2023
2026-07-28T19:39:23.073Z OK #260 /x402/sec-8k?ticker=AAPL {"source":"sec.gov/EDGAR","ticker":"AAPL","company":"Apple Inc.","cik":"320193",
2026-07-28T19:39:24.621Z OK #261 /x402/fx-rate?base=USD&symbols=EUR {"source":"frankfurter.dev/v2/rates","data":[{"date":"2026-07-28","base":"USD","
2026-07-28T19:39:26.163Z OK #262 /x402/fx-rate?base=USD&symbols=JPY {"source":"frankfurter.dev/v2/rates","data":[{"date":"2026-07-28","base":"USD","
2026-07-28T19:39:27.920Z OK #263 /x402/gas-tracker {"timestamp":"2026-07-28T19:39:27.836Z","chains":[{"chain":"ethereum","gas_gwei"
2026-07-28T19:39:29.710Z OK #264 /x402/web-fetch?url=https://example.com {"timestamp":"2026-07-28T19:39:29.624Z","url":"https://example.com","status":200
2026-07-28T19:39:31.412Z OK #265 /x402/news-headlines {"timestamp":"2026-07-28T19:39:31.299Z","q":"crypto OR bitcoin OR AI agents","co
2026-07-28T19:39:33.214Z OK #266 /x402/grants?keyword=ai {"source":"grants.gov/search2","total":138,"results":[{"id":"363121","number":"P
2026-07-28T19:39:34.937Z OK #267 /x402/treasury-yields {"source":"home.treasury.gov/yield-curve","month":"202607","latest":{"date":"202
2026-07-28T19:39:36.852Z OK #268 /x402/pha-lookup {"matches":[{"id":"nc-kinston-kha","name":"Kinston Housing Authority","hud_code"
2026-07-28T19:39:38.421Z OK #269 /x402/hcv-fmr {"area":"Lenoir County, NC","year":2025,"bedrooms":4,"fmr_monthly":1497,"schedul
2026-07-28T19:39:39.956Z OK #270 /x402/housing-windsor {"property":{"address":"1607 Windsor Rd","city":"Kinston","county":"Lenoir","sta
2026-07-28T19:39:41.770Z OK #271 /x402/domain-enrich?domain=example.com {"timestamp":"2026-07-28T19:39:41.687Z","domain":"example.com","ips":["172.66.14
2026-07-28T19:39:43.970Z OK #272 /x402/market?naics=541512 {"source":"usaspending.gov/api/v2","naics":"541512","window":{"start_date":"2023
2026-07-28T19:39:45.679Z OK #273 /x402/sec-8k?ticker=AAPL {"source":"sec.gov/EDGAR","ticker":"AAPL","company":"Apple Inc.","cik":"320193",
2026-07-28T19:39:47.680Z OK #274 /x402/fx-rate?base=USD&symbols=EUR {"source":"frankfurter.dev/v2/rates","data":[{"date":"2026-07-28","base":"USD","
2026-07-28T19:39:49.466Z OK #275 /x402/fx-rate?base=USD&symbols=JPY {"source":"frankfurter.dev/v2/rates","data":[{"date":"2026-07-28","base":"USD","
2026-07-28T19:39:51.898Z OK #276 /x402/gas-tracker {"timestamp":"2026-07-28T19:39:51.815Z","chains":[{"chain":"ethereum","gas_gwei"
2026-07-28T19:39:53.814Z OK #277 /x402/web-fetch?url=https://example.com {"timestamp":"2026-07-28T19:39:53.727Z","url":"https://example.com","status":200
2026-07-28T19:39:55.614Z OK #278 /x402/news-headlines {"timestamp":"2026-07-28T19:39:55.524Z","q":"crypto OR bitcoin OR AI agents","co
2026-07-28T19:39:57.942Z OK #279 /x402/grants?keyword=ai {"source":"grants.gov/search2","total":138,"results":[{"id":"363121","number":"P
2026-07-28T19:39:59.609Z OK #280 /x402/treasury-yields {"source":"home.treasury.gov/yield-curve","month":"202607","latest":{"date":"202
2026-07-28T19:40:01.345Z OK #281 /x402/pha-lookup {"matches":[{"id":"nc-kinston-kha","name":"Kinston Housing Authority","hud_code"
2026-07-28T19:40:03.269Z OK #282 /x402/hcv-fmr {"area":"Lenoir County, NC","year":2025,"bedrooms":4,"fmr_monthly":1497,"schedul
2026-07-28T19:40:04.966Z OK #283 /x402/housing-windsor {"property":{"address":"1607 Windsor Rd","city":"Kinston","county":"Lenoir","sta
2026-07-28T19:40:06.871Z OK #284 /x402/domain-enrich?domain=example.com {"timestamp":"2026-07-28T19:40:06.786Z","domain":"example.com","ips":["104.20.23
2026-07-28T19:40:08.916Z OK #285 /x402/market?naics=541512 {"source":"usaspending.gov/api/v2","naics":"541512","window":{"start_date":"2023
2026-07-28T19:40:10.614Z OK #286 /x402/sec-8k?ticker=AAPL {"source":"sec.gov/EDGAR","ticker":"AAPL","company":"Apple Inc.","cik":"320193",
2026-07-28T19:40:12.192Z OK #287 /x402/fx-rate?base=USD&symbols=EUR {"source":"frankfurter.dev/v2/rates","data":[{"date":"2026-07-28","base":"USD","
2026-07-28T19:40:13.667Z OK #288 /x402/fx-rate?base=USD&symbols=JPY {"source":"frankfurter.dev/v2/rates","data":[{"date":"2026-07-28","base":"USD","
2026-07-28T19:40:15.902Z OK #289 /x402/gas-tracker {"timestamp":"2026-07-28T19:40:15.798Z","chains":[{"chain":"ethereum","gas_gwei"
2026-07-28T19:40:17.883Z OK #290 /x402/web-fetch?url=https://example.com {"timestamp":"2026-07-28T19:40:17.799Z","url":"https://example.com","status":200
2026-07-28T19:40:20.212Z OK #291 /x402/news-headlines {"timestamp":"2026-07-28T19:40:20.105Z","q":"crypto OR bitcoin OR AI agents","co
2026-07-28T19:40:22.110Z OK #292 /x402/grants?keyword=ai {"source":"grants.gov/search2","total":138,"results":[{"id":"363121","number":"P
2026-07-28T19:40:23.797Z OK #293 /x402/treasury-yields {"source":"home.treasury.gov/yield-curve","month":"202607","latest":{"date":"202
2026-07-28T19:40:25.540Z OK #294 /x402/pha-lookup {"matches":[{"id":"nc-kinston-kha","name":"Kinston Housing Authority","hud_code"
2026-07-28T19:40:27.383Z OK #295 /x402/hcv-fmr {"area":"Lenoir County, NC","year":2025,"bedrooms":4,"fmr_monthly":1497,"schedul
2026-07-28T19:40:28.888Z OK #296 /x402/housing-windsor {"property":{"address":"1607 Windsor Rd","city":"Kinston","county":"Lenoir","sta
2026-07-28T19:40:31.005Z OK #297 /x402/domain-enrich?domain=example.com {"timestamp":"2026-07-28T19:40:30.901Z","domain":"example.com","ips":["172.66.14
2026-07-28T19:40:32.720Z OK #298 /x402/market?naics=541512 {"source":"usaspending.gov/api/v2","naics":"541512","window":{"start_date":"2023
2026-07-28T19:40:34.371Z OK #299 /x402/sec-8k?ticker=AAPL {"source":"sec.gov/EDGAR","ticker":"AAPL","company":"Apple Inc.","cik":"320193",
2026-07-28T19:40:36.158Z OK #300 /x402/fx-rate?base=USD&symbols=EUR {"source":"frankfurter.dev/v2/rates","data":[{"date":"2026-07-28","base":"USD","
2026-07-28T19:40:37.815Z OK #301 /x402/fx-rate?base=USD&symbols=JPY {"source":"frankfurter.dev/v2/rates","data":[{"date":"2026-07-28","base":"USD","
2026-07-28T19:40:39.559Z OK #302 /x402/gas-tracker {"timestamp":"2026-07-28T19:40:39.475Z","chains":[{"chain":"ethereum","gas_gwei"
2026-07-28T19:40:41.609Z OK #303 /x402/web-fetch?url=https://example.com {"timestamp":"2026-07-28T19:40:41.525Z","url":"https://example.com","status":200
2026-07-28T19:40:43.631Z OK #304 /x402/news-headlines {"timestamp":"2026-07-28T19:40:43.546Z","q":"crypto OR bitcoin OR AI agents","co
2026-07-28T19:40:45.737Z OK #305 /x402/grants?keyword=ai {"source":"grants.gov/search2","total":138,"results":[{"id":"363121","number":"P
2026-07-28T19:40:47.664Z OK #306 /x402/treasury-yields {"source":"home.treasury.gov/yield-curve","month":"202607","latest":{"date":"202
2026-07-28T19:40:49.510Z OK #307 /x402/pha-lookup {"matches":[{"id":"nc-kinston-kha","name":"Kinston Housing Authority","hud_code"
2026-07-28T19:40:51.391Z OK #308 /x402/hcv-fmr {"area":"Lenoir County, NC","year":2025,"bedrooms":4,"fmr_monthly":1497,"schedul
2026-07-28T19:40:53.583Z OK #309 /x402/housing-windsor {"property":{"address":"1607 Windsor Rd","city":"Kinston","county":"Lenoir","sta
2026-07-28T19:40:55.857Z OK #310 /x402/domain-enrich?domain=example.com {"timestamp":"2026-07-28T19:40:55.773Z","domain":"example.com","ips":["104.20.23
2026-07-28T19:40:57.681Z OK #311 /x402/market?naics=541512 {"source":"usaspending.gov/api/v2","naics":"541512","window":{"start_date":"2023
2026-07-28T19:40:59.652Z OK #312 /x402/sec-8k?ticker=AAPL {"source":"sec.gov/EDGAR","ticker":"AAPL","company":"Apple Inc.","cik":"320193",
2026-07-28T19:41:01.531Z OK #313 /x402/fx-rate?base=USD&symbols=EUR {"source":"frankfurter.dev/v2/rates","data":[{"date":"2026-07-28","base":"USD","
2026-07-28T19:41:03.432Z OK #314 /x402/fx-rate?base=USD&symbols=JPY {"source":"frankfurter.dev/v2/rates","data":[{"date":"2026-07-28","base":"USD","
2026-07-28T19:41:05.758Z OK #315 /x402/gas-tracker {"timestamp":"2026-07-28T19:41:05.669Z","chains":[{"chain":"ethereum","gas_gwei"
2026-07-28T19:41:07.419Z OK #316 /x402/web-fetch?url=https://example.com {"timestamp":"2026-07-28T19:41:07.336Z","url":"https://example.com","status":200
2026-07-28T19:41:09.155Z OK #317 /x402/news-headlines {"timestamp":"2026-07-28T19:41:09.070Z","q":"crypto OR bitcoin OR AI agents","co
2026-07-28T19:41:11.086Z OK #318 /x402/grants?keyword=ai {"source":"grants.gov/search2","total":138,"results":[{"id":"363121","number":"P
2026-07-28T19:41:12.790Z OK #319 /x402/treasury-yields {"source":"home.treasury.gov/yield-curve","month":"202607","latest":{"date":"202
2026-07-28T19:41:14.540Z OK #320 /x402/pha-lookup {"matches":[{"id":"nc-kinston-kha","name":"Kinston Housing Authority","hud_code"
2026-07-28T19:41:16.154Z OK #321 /x402/hcv-fmr {"area":"Lenoir County, NC","year":2025,"bedrooms":4,"fmr_monthly":1497,"schedul
2026-07-28T19:41:17.985Z OK #322 /x402/housing-windsor {"property":{"address":"1607 Windsor Rd","city":"Kinston","county":"Lenoir","sta
2026-07-28T19:41:19.835Z OK #323 /x402/domain-enrich?domain=example.com {"timestamp":"2026-07-28T19:41:19.751Z","domain":"example.com","ips":["172.66.14
2026-07-28T19:41:21.719Z OK #324 /x402/market?naics=541512 {"source":"usaspending.gov/api/v2","naics":"541512","window":{"start_date":"2023
2026-07-28T19:41:23.665Z OK #325 /x402/sec-8k?ticker=AAPL {"source":"sec.gov/EDGAR","ticker":"AAPL","company":"Apple Inc.","cik":"320193",
2026-07-28T19:41:25.489Z OK #326 /x402/fx-rate?base=USD&symbols=EUR {"source":"frankfurter.dev/v2/rates","data":[{"date":"2026-07-28","base":"USD","
2026-07-28T19:41:27.337Z OK #327 /x402/fx-rate?base=USD&symbols=JPY {"source":"frankfurter.dev/v2/rates","data":[{"date":"2026-07-28","base":"USD","
2026-07-28T19:41:28.951Z OK #328 /x402/gas-tracker {"timestamp":"2026-07-28T19:41:28.868Z","chains":[{"chain":"ethereum","gas_gwei"
2026-07-28T19:41:30.575Z OK #329 /x402/web-fetch?url=https://example.com {"timestamp":"2026-07-28T19:41:30.490Z","url":"https://example.com","status":200
2026-07-28T19:41:32.499Z OK #330 /x402/news-headlines {"timestamp":"2026-07-28T19:41:32.409Z","q":"crypto OR bitcoin OR AI agents","co
2026-07-28T19:41:34.593Z OK #331 /x402/grants?keyword=ai {"source":"grants.gov/search2","total":138,"results":[{"id":"363121","number":"P
2026-07-28T19:41:36.224Z OK #332 /x402/treasury-yields {"source":"home.treasury.gov/yield-curve","month":"202607","latest":{"date":"202
2026-07-28T19:41:37.781Z OK #333 /x402/pha-lookup {"matches":[{"id":"nc-kinston-kha","name":"Kinston Housing Authority","hud_code"
2026-07-28T19:41:39.265Z OK #334 /x402/hcv-fmr {"area":"Lenoir County, NC","year":2025,"bedrooms":4,"fmr_monthly":1497,"schedul
2026-07-28T19:41:40.843Z OK #335 /x402/housing-windsor {"property":{"address":"1607 Windsor Rd","city":"Kinston","county":"Lenoir","sta
2026-07-28T19:41:42.765Z OK #336 /x402/domain-enrich?domain=example.com {"timestamp":"2026-07-28T19:41:42.662Z","domain":"example.com","ips":["172.66.14
2026-07-28T19:41:44.576Z OK #337 /x402/market?naics=541512 {"source":"usaspending.gov/api/v2","naics":"541512","window":{"start_date":"2023
2026-07-28T19:41:46.158Z OK #338 /x402/sec-8k?ticker=AAPL {"source":"sec.gov/EDGAR","ticker":"AAPL","company":"Apple Inc.","cik":"320193",
2026-07-28T19:41:47.814Z OK #339 /x402/fx-rate?base=USD&symbols=EUR {"source":"frankfurter.dev/v2/rates","data":[{"date":"2026-07-28","base":"USD","
2026-07-28T19:41:49.442Z OK #340 /x402/fx-rate?base=USD&symbols=JPY {"source":"frankfurter.dev/v2/rates","data":[{"date":"2026-07-28","base":"USD","
2026-07-28T19:41:50.969Z OK #341 /x402/gas-tracker {"timestamp":"2026-07-28T19:41:50.885Z","chains":[{"chain":"ethereum","gas_gwei"
2026-07-28T19:41:52.601Z OK #342 /x402/web-fetch?url=https://example.com {"timestamp":"2026-07-28T19:41:52.513Z","url":"https://example.com","status":200
2026-07-28T19:41:54.630Z OK #343 /x402/news-headlines {"timestamp":"2026-07-28T19:41:54.546Z","q":"crypto OR bitcoin OR AI agents","co
2026-07-28T19:41:56.620Z OK #344 /x402/grants?keyword=ai {"source":"grants.gov/search2","total":138,"results":[{"id":"363121","number":"P
2026-07-28T19:41:58.428Z OK #345 /x402/treasury-yields {"source":"home.treasury.gov/yield-curve","month":"202607","latest":{"date":"202
2026-07-28T19:42:00.026Z OK #346 /x402/pha-lookup {"matches":[{"id":"nc-kinston-kha","name":"Kinston Housing Authority","hud_code"
2026-07-28T19:42:01.582Z OK #347 /x402/hcv-fmr {"area":"Lenoir County, NC","year":2025,"bedrooms":4,"fmr_monthly":1497,"schedul
2026-07-28T19:42:03.693Z OK #348 /x402/housing-windsor {"property":{"address":"1607 Windsor Rd","city":"Kinston","county":"Lenoir","sta
2026-07-28T19:42:05.624Z OK #349 /x402/domain-enrich?domain=example.com {"timestamp":"2026-07-28T19:42:05.540Z","domain":"example.com","ips":["104.20.23
2026-07-28T19:42:07.707Z OK #350 /x402/market?naics=541512 {"source":"usaspending.gov/api/v2","naics":"541512","window":{"start_date":"2023
2026-07-28T19:42:09.483Z OK #351 /x402/sec-8k?ticker=AAPL {"source":"sec.gov/EDGAR","ticker":"AAPL","company":"Apple Inc.","cik":"320193",
2026-07-28T19:42:11.349Z OK #352 /x402/fx-rate?base=USD&symbols=EUR {"source":"frankfurter.dev/v2/rates","data":[{"date":"2026-07-28","base":"USD","
2026-07-28T19:42:12.967Z OK #353 /x402/fx-rate?base=USD&symbols=JPY {"source":"frankfurter.dev/v2/rates","data":[{"date":"2026-07-28","base":"USD","
2026-07-28T19:42:14.621Z OK #354 /x402/gas-tracker {"timestamp":"2026-07-28T19:42:14.533Z","chains":[{"chain":"ethereum","gas_gwei"
2026-07-28T19:42:16.281Z OK #355 /x402/web-fetch?url=https://example.com {"timestamp":"2026-07-28T19:42:16.197Z","url":"https://example.com","status":200
2026-07-28T19:42:17.868Z OK #356 /x402/news-headlines {"timestamp":"2026-07-28T19:42:17.784Z","q":"crypto OR bitcoin OR AI agents","co
2026-07-28T19:42:20.141Z OK #357 /x402/grants?keyword=ai {"source":"grants.gov/search2","total":138,"results":[{"id":"363121","number":"P
2026-07-28T19:42:21.785Z OK #358 /x402/treasury-yields {"source":"home.treasury.gov/yield-curve","month":"202607","latest":{"date":"202
2026-07-28T19:42:23.414Z OK #359 /x402/pha-lookup {"matches":[{"id":"nc-kinston-kha","name":"Kinston Housing Authority","hud_code"
2026-07-28T19:42:25.045Z OK #360 /x402/hcv-fmr {"area":"Lenoir County, NC","year":2025,"bedrooms":4,"fmr_monthly":1497,"schedul
2026-07-28T19:42:26.803Z OK #361 /x402/housing-windsor {"property":{"address":"1607 Windsor Rd","city":"Kinston","county":"Lenoir","sta
2026-07-28T19:42:28.704Z OK #362 /x402/domain-enrich?domain=example.com {"timestamp":"2026-07-28T19:42:28.620Z","domain":"example.com","ips":["104.20.23
2026-07-28T19:42:30.542Z OK #363 /x402/market?naics=541512 {"source":"usaspending.gov/api/v2","naics":"541512","window":{"start_date":"2023
2026-07-28T19:42:32.221Z OK #364 /x402/sec-8k?ticker=AAPL {"source":"sec.gov/EDGAR","ticker":"AAPL","company":"Apple Inc.","cik":"320193",
2026-07-28T19:42:33.847Z OK #365 /x402/fx-rate?base=USD&symbols=EUR {"source":"frankfurter.dev/v2/rates","data":[{"date":"2026-07-28","base":"USD","
2026-07-28T19:42:35.334Z OK #366 /x402/fx-rate?base=USD&symbols=JPY {"source":"frankfurter.dev/v2/rates","data":[{"date":"2026-07-28","base":"USD","
2026-07-28T19:42:37.029Z OK #367 /x402/gas-tracker {"timestamp":"2026-07-28T19:42:36.946Z","chains":[{"chain":"ethereum","gas_gwei"
2026-07-28T19:42:38.673Z OK #368 /x402/web-fetch?url=https://example.com {"timestamp":"2026-07-28T19:42:38.588Z","url":"https://example.com","status":200
2026-07-28T19:42:40.531Z OK #369 /x402/news-headlines {"timestamp":"2026-07-28T19:42:40.422Z","q":"crypto OR bitcoin OR AI agents","co
2026-07-28T19:42:42.712Z OK #370 /x402/grants?keyword=ai {"source":"grants.gov/search2","total":138,"results":[{"id":"363121","number":"P
2026-07-28T19:42:44.303Z OK #371 /x402/treasury-yields {"source":"home.treasury.gov/yield-curve","month":"202607","latest":{"date":"202
2026-07-28T19:42:45.998Z OK #372 /x402/pha-lookup {"matches":[{"id":"nc-kinston-kha","name":"Kinston Housing Authority","hud_code"
2026-07-28T19:42:47.520Z OK #373 /x402/hcv-fmr {"area":"Lenoir County, NC","year":2025,"bedrooms":4,"fmr_monthly":1497,"schedul
2026-07-28T19:42:49.331Z OK #374 /x402/housing-windsor {"property":{"address":"1607 Windsor Rd","city":"Kinston","county":"Lenoir","sta
2026-07-28T19:42:51.415Z OK #375 /x402/domain-enrich?domain=example.com {"timestamp":"2026-07-28T19:42:51.310Z","domain":"example.com","ips":["172.66.14
2026-07-28T19:42:53.084Z OK #376 /x402/market?naics=541512 {"source":"usaspending.gov/api/v2","naics":"541512","window":{"start_date":"2023
2026-07-28T19:42:54.826Z OK #377 /x402/sec-8k?ticker=AAPL {"source":"sec.gov/EDGAR","ticker":"AAPL","company":"Apple Inc.","cik":"320193",
2026-07-28T19:42:56.432Z OK #378 /x402/fx-rate?base=USD&symbols=EUR {"source":"frankfurter.dev/v2/rates","data":[{"date":"2026-07-28","base":"USD","
2026-07-28T19:42:57.997Z OK #379 /x402/fx-rate?base=USD&symbols=JPY {"source":"frankfurter.dev/v2/rates","data":[{"date":"2026-07-28","base":"USD","
2026-07-28T19:42:59.646Z OK #380 /x402/gas-tracker {"timestamp":"2026-07-28T19:42:59.562Z","chains":[{"chain":"ethereum","gas_gwei"
2026-07-28T19:43:02.361Z OK #381 /x402/web-fetch?url=https://example.com {"timestamp":"2026-07-28T19:43:02.277Z","url":"https://example.com","status":200
2026-07-28T19:43:04.761Z OK #382 /x402/news-headlines {"timestamp":"2026-07-28T19:43:04.675Z","q":"crypto OR bitcoin OR AI agents","co
2026-07-28T19:43:07.331Z OK #383 /x402/grants?keyword=ai {"source":"grants.gov/search2","total":138,"results":[{"id":"363121","number":"P
2026-07-28T19:43:09.612Z OK #384 /x402/treasury-yields {"source":"home.treasury.gov/yield-curve","month":"202607","latest":{"date":"202
2026-07-28T19:43:11.593Z OK #385 /x402/pha-lookup {"matches":[{"id":"nc-kinston-kha","name":"Kinston Housing Authority","hud_code"
2026-07-28T19:43:13.239Z OK #386 /x402/hcv-fmr {"area":"Lenoir County, NC","year":2025,"bedrooms":4,"fmr_monthly":1497,"schedul
2026-07-28T19:43:14.928Z OK #387 /x402/housing-windsor {"property":{"address":"1607 Windsor Rd","city":"Kinston","county":"Lenoir","sta
2026-07-28T19:43:16.879Z OK #388 /x402/domain-enrich?domain=example.com {"timestamp":"2026-07-28T19:43:16.796Z","domain":"example.com","ips":["172.66.14
2026-07-28T19:43:18.614Z OK #389 /x402/market?naics=541512 {"source":"usaspending.gov/api/v2","naics":"541512","window":{"start_date":"2023
2026-07-28T19:43:20.504Z OK #390 /x402/sec-8k?ticker=AAPL {"source":"sec.gov/EDGAR","ticker":"AAPL","company":"Apple Inc.","cik":"320193",
2026-07-28T19:43:22.157Z OK #391 /x402/fx-rate?base=USD&symbols=EUR {"source":"frankfurter.dev/v2/rates","data":[{"date":"2026-07-28","base":"USD","
2026-07-28T19:43:23.680Z OK #392 /x402/fx-rate?base=USD&symbols=JPY {"source":"frankfurter.dev/v2/rates","data":[{"date":"2026-07-28","base":"USD","
2026-07-28T19:43:25.501Z OK #393 /x402/gas-tracker {"timestamp":"2026-07-28T19:43:25.417Z","chains":[{"chain":"ethereum","gas_gwei"
2026-07-28T19:43:27.397Z OK #394 /x402/web-fetch?url=https://example.com {"timestamp":"2026-07-28T19:43:27.313Z","url":"https://example.com","status":200
2026-07-28T19:43:28.938Z OK #395 /x402/news-headlines {"timestamp":"2026-07-28T19:43:28.852Z","q":"crypto OR bitcoin OR AI agents","co
2026-07-28T19:43:30.756Z OK #396 /x402/grants?keyword=ai {"source":"grants.gov/search2","total":138,"results":[{"id":"363121","number":"P
2026-07-28T19:43:32.348Z OK #397 /x402/treasury-yields {"source":"home.treasury.gov/yield-curve","month":"202607","latest":{"date":"202
2026-07-28T19:43:33.925Z OK #398 /x402/pha-lookup {"matches":[{"id":"nc-kinston-kha","name":"Kinston Housing Authority","hud_code"
2026-07-28T19:43:35.481Z OK #399 /x402/hcv-fmr {"area":"Lenoir County, NC","year":2025,"bedrooms":4,"fmr_monthly":1497,"schedul
2026-07-28T19:43:37.221Z OK #400 /x402/housing-windsor {"property":{"address":"1607 Windsor Rd","city":"Kinston","county":"Lenoir","sta
2026-07-28T19:43:39.056Z OK #401 /x402/domain-enrich?domain=example.com {"timestamp":"2026-07-28T19:43:38.953Z","domain":"example.com","ips":["104.20.23
2026-07-28T19:43:40.790Z OK #402 /x402/market?naics=541512 {"source":"usaspending.gov/api/v2","naics":"541512","window":{"start_date":"2023
2026-07-28T19:43:42.489Z OK #403 /x402/sec-8k?ticker=AAPL {"source":"sec.gov/EDGAR","ticker":"AAPL","company":"Apple Inc.","cik":"320193",
2026-07-28T19:43:44.223Z OK #404 /x402/fx-rate?base=USD&symbols=EUR {"source":"frankfurter.dev/v2/rates","data":[{"date":"2026-07-28","base":"USD","
2026-07-28T19:43:46.140Z OK #405 /x402/fx-rate?base=USD&symbols=JPY {"source":"frankfurter.dev/v2/rates","data":[{"date":"2026-07-28","base":"USD","
2026-07-28T19:43:47.943Z OK #406 /x402/gas-tracker {"timestamp":"2026-07-28T19:43:47.840Z","chains":[{"chain":"ethereum","gas_gwei"
2026-07-28T19:43:49.483Z OK #407 /x402/web-fetch?url=https://example.com {"timestamp":"2026-07-28T19:43:49.400Z","url":"https://example.com","status":200
2026-07-28T19:43:51.128Z OK #408 /x402/news-headlines {"timestamp":"2026-07-28T19:43:51.044Z","q":"crypto OR bitcoin OR AI agents","co
2026-07-28T19:43:52.960Z OK #409 /x402/grants?keyword=ai {"source":"grants.gov/search2","total":138,"results":[{"id":"363121","number":"P
2026-07-28T19:43:55.006Z OK #410 /x402/treasury-yields {"source":"home.treasury.gov/yield-curve","month":"202607","latest":{"date":"202
2026-07-28T19:43:56.633Z OK #411 /x402/pha-lookup {"matches":[{"id":"nc-kinston-kha","name":"Kinston Housing Authority","hud_code"
2026-07-28T19:43:58.184Z OK #412 /x402/hcv-fmr {"area":"Lenoir County, NC","year":2025,"bedrooms":4,"fmr_monthly":1497,"schedul
2026-07-28T19:43:59.722Z OK #413 /x402/housing-windsor {"property":{"address":"1607 Windsor Rd","city":"Kinston","county":"Lenoir","sta
2026-07-28T19:44:01.663Z OK #414 /x402/domain-enrich?domain=example.com {"timestamp":"2026-07-28T19:44:01.579Z","domain":"example.com","ips":["104.20.23
2026-07-28T19:44:03.971Z OK #415 /x402/market?naics=541512 {"source":"usaspending.gov/api/v2","naics":"541512","window":{"start_date":"2023
2026-07-28T19:44:05.654Z OK #416 /x402/sec-8k?ticker=AAPL {"source":"sec.gov/EDGAR","ticker":"AAPL","company":"Apple Inc.","cik":"320193",
2026-07-28T19:44:07.505Z OK #417 /x402/fx-rate?base=USD&symbols=EUR {"source":"frankfurter.dev/v2/rates","data":[{"date":"2026-07-28","base":"USD","
2026-07-28T19:44:09.510Z OK #418 /x402/fx-rate?base=USD&symbols=JPY {"source":"frankfurter.dev/v2/rates","data":[{"date":"2026-07-28","base":"USD","
2026-07-28T19:44:11.617Z OK #419 /x402/gas-tracker {"timestamp":"2026-07-28T19:44:11.533Z","chains":[{"chain":"ethereum","gas_gwei"
2026-07-28T19:44:13.649Z OK #420 /x402/web-fetch?url=https://example.com {"timestamp":"2026-07-28T19:44:13.565Z","url":"https://example.com","status":200
2026-07-28T19:44:15.332Z OK #421 /x402/news-headlines {"timestamp":"2026-07-28T19:44:15.247Z","q":"crypto OR bitcoin OR AI agents","co
2026-07-28T19:44:17.160Z OK #422 /x402/grants?keyword=ai {"source":"grants.gov/search2","total":138,"results":[{"id":"363121","number":"P
2026-07-28T19:44:18.923Z OK #423 /x402/treasury-yields {"source":"home.treasury.gov/yield-curve","month":"202607","latest":{"date":"202
2026-07-28T19:44:20.850Z OK #424 /x402/pha-lookup {"matches":[{"id":"nc-kinston-kha","name":"Kinston Housing Authority","hud_code"
2026-07-28T19:44:22.371Z OK #425 /x402/hcv-fmr {"area":"Lenoir County, NC","year":2025,"bedrooms":4,"fmr_monthly":1497,"schedul
2026-07-28T19:44:23.841Z OK #426 /x402/housing-windsor {"property":{"address":"1607 Windsor Rd","city":"Kinston","county":"Lenoir","sta
2026-07-28T19:44:25.979Z OK #427 /x402/domain-enrich?domain=example.com {"timestamp":"2026-07-28T19:44:25.891Z","domain":"example.com","ips":["172.66.14
2026-07-28T19:44:27.542Z OK #428 /x402/market?naics=541512 {"source":"usaspending.gov/api/v2","naics":"541512","window":{"start_date":"2023
2026-07-28T19:44:29.410Z OK #429 /x402/sec-8k?ticker=AAPL {"source":"sec.gov/EDGAR","ticker":"AAPL","company":"Apple Inc.","cik":"320193",
2026-07-28T19:44:31.896Z OK #430 /x402/fx-rate?base=USD&symbols=EUR {"source":"frankfurter.dev/v2/rates","data":[{"date":"2026-07-28","base":"USD","
2026-07-28T19:44:33.538Z OK #431 /x402/fx-rate?base=USD&symbols=JPY {"source":"frankfurter.dev/v2/rates","data":[{"date":"2026-07-28","base":"USD","
2026-07-28T19:44:35.666Z OK #432 /x402/gas-tracker {"timestamp":"2026-07-28T19:44:35.582Z","chains":[{"chain":"ethereum","gas_gwei"
2026-07-28T19:44:37.596Z OK #433 /x402/web-fetch?url=https://example.com {"timestamp":"2026-07-28T19:44:37.509Z","url":"https://example.com","status":200
2026-07-28T19:44:39.559Z OK #434 /x402/news-headlines {"timestamp":"2026-07-28T19:44:39.473Z","q":"crypto OR bitcoin OR AI agents","co
2026-07-28T19:44:41.890Z OK #435 /x402/grants?keyword=ai {"source":"grants.gov/search2","total":138,"results":[{"id":"363121","number":"P
2026-07-28T19:44:43.585Z OK #436 /x402/treasury-yields {"source":"home.treasury.gov/yield-curve","month":"202607","latest":{"date":"202
2026-07-28T19:44:45.461Z OK #437 /x402/pha-lookup {"matches":[{"id":"nc-kinston-kha","name":"Kinston Housing Authority","hud_code"
2026-07-28T19:44:46.967Z OK #438 /x402/hcv-fmr {"area":"Lenoir County, NC","year":2025,"bedrooms":4,"fmr_monthly":1497,"schedul
2026-07-28T19:44:48.539Z OK #439 /x402/housing-windsor {"property":{"address":"1607 Windsor Rd","city":"Kinston","county":"Lenoir","sta
2026-07-28T19:44:50.187Z OK #440 /x402/domain-enrich?domain=example.com {"timestamp":"2026-07-28T19:44:50.103Z","domain":"example.com","ips":["172.66.14
2026-07-28T19:44:51.958Z OK #441 /x402/market?naics=541512 {"source":"usaspending.gov/api/v2","naics":"541512","window":{"start_date":"2023
2026-07-28T19:44:55.832Z OK #442 /x402/sec-8k?ticker=AAPL {"source":"sec.gov/EDGAR","ticker":"AAPL","company":"Apple Inc.","cik":"320193",
2026-07-28T19:44:57.518Z OK #443 /x402/fx-rate?base=USD&symbols=EUR {"source":"frankfurter.dev/v2/rates","data":[{"date":"2026-07-28","base":"USD","
2026-07-28T19:44:59.545Z OK #444 /x402/fx-rate?base=USD&symbols=JPY {"source":"frankfurter.dev/v2/rates","data":[{"date":"2026-07-28","base":"USD","
2026-07-28T19:45:01.392Z OK #445 /x402/gas-tracker {"timestamp":"2026-07-28T19:45:01.309Z","chains":[{"chain":"ethereum","gas_gwei"
2026-07-28T19:45:03.552Z OK #446 /x402/web-fetch?url=https://example.com {"timestamp":"2026-07-28T19:45:03.448Z","url":"https://example.com","status":200
2026-07-28T19:45:06.079Z OK #447 /x402/news-headlines {"timestamp":"2026-07-28T19:45:05.993Z","q":"crypto OR bitcoin OR AI agents","co
2026-07-28T19:45:07.976Z OK #448 /x402/grants?keyword=ai {"source":"grants.gov/search2","total":138,"results":[{"id":"363121","number":"P
2026-07-28T19:45:11.958Z OK #449 /x402/treasury-yields {"source":"home.treasury.gov/yield-curve","month":"202607","latest":{"date":"202
2026-07-28T19:45:13.629Z OK #450 /x402/pha-lookup {"matches":[{"id":"nc-kinston-kha","name":"Kinston Housing Authority","hud_code"
2026-07-28T19:45:15.407Z OK #451 /x402/hcv-fmr {"area":"Lenoir County, NC","year":2025,"bedrooms":4,"fmr_monthly":1497,"schedul
2026-07-28T19:45:16.888Z OK #452 /x402/housing-windsor {"property":{"address":"1607 Windsor Rd","city":"Kinston","county":"Lenoir","sta
2026-07-28T19:45:18.797Z OK #453 /x402/domain-enrich?domain=example.com {"timestamp":"2026-07-28T19:45:18.711Z","domain":"example.com","ips":["104.20.23
2026-07-28T19:45:20.831Z OK #454 /x402/market?naics=541512 {"source":"usaspending.gov/api/v2","naics":"541512","window":{"start_date":"2023
2026-07-28T19:45:22.669Z OK #455 /x402/sec-8k?ticker=AAPL {"source":"sec.gov/EDGAR","ticker":"AAPL","company":"Apple Inc.","cik":"320193",
2026-07-28T19:45:24.423Z OK #456 /x402/fx-rate?base=USD&symbols=EUR {"source":"frankfurter.dev/v2/rates","data":[{"date":"2026-07-28","base":"USD","
2026-07-28T19:45:26.256Z OK #457 /x402/fx-rate?base=USD&symbols=JPY {"source":"frankfurter.dev/v2/rates","data":[{"date":"2026-07-28","base":"USD","
2026-07-28T19:45:27.943Z OK #458 /x402/gas-tracker {"timestamp":"2026-07-28T19:45:27.859Z","chains":[{"chain":"ethereum","gas_gwei"
2026-07-28T19:45:29.507Z OK #459 /x402/web-fetch?url=https://example.com {"timestamp":"2026-07-28T19:45:29.422Z","url":"https://example.com","status":200
2026-07-28T19:45:31.500Z OK #460 /x402/news-headlines {"timestamp":"2026-07-28T19:45:31.416Z","q":"crypto OR bitcoin OR AI agents","co
2026-07-28T19:45:33.750Z OK #461 /x402/grants?keyword=ai {"source":"grants.gov/search2","total":138,"results":[{"id":"363121","number":"P
2026-07-28T19:45:35.746Z OK #462 /x402/treasury-yields {"source":"home.treasury.gov/yield-curve","month":"202607","latest":{"date":"202
2026-07-28T19:45:37.266Z OK #463 /x402/pha-lookup {"matches":[{"id":"nc-kinston-kha","name":"Kinston Housing Authority","hud_code"
2026-07-28T19:45:38.948Z OK #464 /x402/hcv-fmr {"area":"Lenoir County, NC","year":2025,"bedrooms":4,"fmr_monthly":1497,"schedul
2026-07-28T19:45:40.471Z OK #465 /x402/housing-windsor {"property":{"address":"1607 Windsor Rd","city":"Kinston","county":"Lenoir","sta
2026-07-28T19:45:42.369Z OK #466 /x402/domain-enrich?domain=example.com {"timestamp":"2026-07-28T19:45:42.285Z","domain":"example.com","ips":["172.66.14
2026-07-28T19:45:44.192Z OK #467 /x402/market?naics=541512 {"source":"usaspending.gov/api/v2","naics":"541512","window":{"start_date":"2023
2026-07-28T19:45:45.733Z OK #468 /x402/sec-8k?ticker=AAPL {"source":"sec.gov/EDGAR","ticker":"AAPL","company":"Apple Inc.","cik":"320193",
2026-07-28T19:45:47.353Z OK #469 /x402/fx-rate?base=USD&symbols=EUR {"source":"frankfurter.dev/v2/rates","data":[{"date":"2026-07-28","base":"USD","
2026-07-28T19:45:49.012Z OK #470 /x402/fx-rate?base=USD&symbols=JPY {"source":"frankfurter.dev/v2/rates","data":[{"date":"2026-07-28","base":"USD","
2026-07-28T19:45:50.813Z OK #471 /x402/gas-tracker {"timestamp":"2026-07-28T19:45:50.729Z","chains":[{"chain":"ethereum","gas_gwei"
2026-07-28T19:45:52.590Z OK #472 /x402/web-fetch?url=https://example.com {"timestamp":"2026-07-28T19:45:52.506Z","url":"https://example.com","status":200
2026-07-28T19:45:54.401Z OK #473 /x402/news-headlines {"timestamp":"2026-07-28T19:45:54.315Z","q":"crypto OR bitcoin OR AI agents","co
2026-07-28T19:45:56.252Z OK #474 /x402/grants?keyword=ai {"source":"grants.gov/search2","total":138,"results":[{"id":"363121","number":"P
2026-07-28T19:45:57.955Z OK #475 /x402/treasury-yields {"source":"home.treasury.gov/yield-curve","month":"202607","latest":{"date":"202
2026-07-28T19:45:59.699Z OK #476 /x402/pha-lookup {"matches":[{"id":"nc-kinston-kha","name":"Kinston Housing Authority","hud_code"
2026-07-28T19:46:01.819Z OK #477 /x402/hcv-fmr {"area":"Lenoir County, NC","year":2025,"bedrooms":4,"fmr_monthly":1497,"schedul
2026-07-28T19:46:03.443Z OK #478 /x402/housing-windsor {"property":{"address":"1607 Windsor Rd","city":"Kinston","county":"Lenoir","sta
2026-07-28T19:46:05.797Z OK #479 /x402/domain-enrich?domain=example.com {"timestamp":"2026-07-28T19:46:05.713Z","domain":"example.com","ips":["172.66.14
2026-07-28T19:46:07.650Z OK #480 /x402/market?naics=541512 {"source":"usaspending.gov/api/v2","naics":"541512","window":{"start_date":"2023
2026-07-28T19:46:09.376Z OK #481 /x402/sec-8k?ticker=AAPL {"source":"sec.gov/EDGAR","ticker":"AAPL","company":"Apple Inc.","cik":"320193",
2026-07-28T19:46:10.887Z OK #482 /x402/fx-rate?base=USD&symbols=EUR {"source":"frankfurter.dev/v2/rates","data":[{"date":"2026-07-28","base":"USD","
2026-07-28T19:46:12.523Z OK #483 /x402/fx-rate?base=USD&symbols=JPY {"source":"frankfurter.dev/v2/rates","data":[{"date":"2026-07-28","base":"USD","
2026-07-28T19:46:14.362Z OK #484 /x402/gas-tracker {"timestamp":"2026-07-28T19:46:14.278Z","chains":[{"chain":"ethereum","gas_gwei"
2026-07-28T19:46:15.972Z OK #485 /x402/web-fetch?url=https://example.com {"timestamp":"2026-07-28T19:46:15.888Z","url":"https://example.com","status":200
2026-07-28T19:46:17.604Z OK #486 /x402/news-headlines {"timestamp":"2026-07-28T19:46:17.518Z","q":"crypto OR bitcoin OR AI agents","co
2026-07-28T19:46:19.984Z OK #487 /x402/grants?keyword=ai {"source":"grants.gov/search2","total":138,"results":[{"id":"363121","number":"P
2026-07-28T19:46:21.680Z OK #488 /x402/treasury-yields {"source":"home.treasury.gov/yield-curve","month":"202607","latest":{"date":"202
2026-07-28T19:46:23.521Z OK #489 /x402/pha-lookup {"matches":[{"id":"nc-kinston-kha","name":"Kinston Housing Authority","hud_code"
2026-07-28T19:46:25.440Z OK #490 /x402/hcv-fmr {"area":"Lenoir County, NC","year":2025,"bedrooms":4,"fmr_monthly":1497,"schedul
2026-07-28T19:46:26.966Z OK #491 /x402/housing-windsor {"property":{"address":"1607 Windsor Rd","city":"Kinston","county":"Lenoir","sta
2026-07-28T19:46:28.774Z OK #492 /x402/domain-enrich?domain=example.com {"timestamp":"2026-07-28T19:46:28.689Z","domain":"example.com","ips":["172.66.14
2026-07-28T19:46:30.558Z OK #493 /x402/market?naics=541512 {"source":"usaspending.gov/api/v2","naics":"541512","window":{"start_date":"2023
2026-07-28T19:46:32.106Z OK #494 /x402/sec-8k?ticker=AAPL {"source":"sec.gov/EDGAR","ticker":"AAPL","company":"Apple Inc.","cik":"320193",
2026-07-28T19:46:33.788Z OK #495 /x402/fx-rate?base=USD&symbols=EUR {"source":"frankfurter.dev/v2/rates","data":[{"date":"2026-07-28","base":"USD","
2026-07-28T19:46:35.375Z OK #496 /x402/fx-rate?base=USD&symbols=JPY {"source":"frankfurter.dev/v2/rates","data":[{"date":"2026-07-28","base":"USD","
2026-07-28T19:46:36.956Z OK #497 /x402/gas-tracker {"timestamp":"2026-07-28T19:46:36.871Z","chains":[{"chain":"ethereum","gas_gwei"
2026-07-28T19:46:38.482Z OK #498 /x402/web-fetch?url=https://example.com {"timestamp":"2026-07-28T19:46:38.397Z","url":"https://example.com","status":200
2026-07-28T19:46:40.207Z OK #499 /x402/news-headlines {"timestamp":"2026-07-28T19:46:40.120Z","q":"crypto OR bitcoin OR AI agents","co
2026-07-28T19:46:42.189Z OK #500 /x402/grants?keyword=ai {"source":"grants.gov/search2","total":138,"results":[{"id":"363121","number":"P
2026-07-28T19:46:43.876Z OK #501 /x402/treasury-yields {"source":"home.treasury.gov/yield-curve","month":"202607","latest":{"date":"202
2026-07-28T19:46:45.545Z OK #502 /x402/pha-lookup {"matches":[{"id":"nc-kinston-kha","name":"Kinston Housing Authority","hud_code"
2026-07-28T19:46:47.723Z OK #503 /x402/hcv-fmr {"area":"Lenoir County, NC","year":2025,"bedrooms":4,"fmr_monthly":1497,"schedul
2026-07-28T19:46:49.563Z OK #504 /x402/housing-windsor {"property":{"address":"1607 Windsor Rd","city":"Kinston","county":"Lenoir","sta
2026-07-28T19:46:51.845Z OK #505 /x402/domain-enrich?domain=example.com {"timestamp":"2026-07-28T19:46:51.740Z","domain":"example.com","ips":["104.20.23
2026-07-28T19:46:53.570Z OK #506 /x402/market?naics=541512 {"source":"usaspending.gov/api/v2","naics":"541512","window":{"start_date":"2023
2026-07-28T19:46:55.694Z OK #507 /x402/sec-8k?ticker=AAPL {"source":"sec.gov/EDGAR","ticker":"AAPL","company":"Apple Inc.","cik":"320193",
2026-07-28T19:46:57.652Z OK #508 /x402/fx-rate?base=USD&symbols=EUR {"source":"frankfurter.dev/v2/rates","data":[{"date":"2026-07-28","base":"USD","
2026-07-28T19:46:59.397Z OK #509 /x402/fx-rate?base=USD&symbols=JPY {"source":"frankfurter.dev/v2/rates","data":[{"date":"2026-07-28","base":"USD","
2026-07-28T19:47:00.829Z OK #510 /x402/gas-tracker {"timestamp":"2026-07-28T19:47:00.745Z","chains":[{"chain":"ethereum","gas_gwei"
2026-07-28T19:47:02.597Z OK #511 /x402/web-fetch?url=https://example.com {"timestamp":"2026-07-28T19:47:02.514Z","url":"https://example.com","status":200
2026-07-28T19:47:04.394Z OK #512 /x402/news-headlines {"timestamp":"2026-07-28T19:47:04.309Z","q":"crypto OR bitcoin OR AI agents","co
2026-07-28T19:47:06.181Z OK #513 /x402/grants?keyword=ai {"source":"grants.gov/search2","total":138,"results":[{"id":"363121","number":"P
2026-07-28T19:47:07.936Z OK #514 /x402/treasury-yields {"source":"home.treasury.gov/yield-curve","month":"202607","latest":{"date":"202
2026-07-28T19:47:09.813Z OK #515 /x402/pha-lookup {"matches":[{"id":"nc-kinston-kha","name":"Kinston Housing Authority","hud_code"
2026-07-28T19:47:11.458Z OK #516 /x402/hcv-fmr {"area":"Lenoir County, NC","year":2025,"bedrooms":4,"fmr_monthly":1497,"schedul
2026-07-28T19:47:13.399Z OK #517 /x402/housing-windsor {"property":{"address":"1607 Windsor Rd","city":"Kinston","county":"Lenoir","sta
2026-07-28T19:47:15.122Z OK #518 /x402/domain-enrich?domain=example.com {"timestamp":"2026-07-28T19:47:15.038Z","domain":"example.com","ips":["104.20.23
2026-07-28T19:47:16.852Z OK #519 /x402/market?naics=541512 {"source":"usaspending.gov/api/v2","naics":"541512","window":{"start_date":"2023
2026-07-28T19:47:18.578Z OK #520 /x402/sec-8k?ticker=AAPL {"source":"sec.gov/EDGAR","ticker":"AAPL","company":"Apple Inc.","cik":"320193",
2026-07-28T19:47:20.670Z OK #521 /x402/fx-rate?base=USD&symbols=EUR {"source":"frankfurter.dev/v2/rates","data":[{"date":"2026-07-28","base":"USD","
2026-07-28T19:47:22.633Z OK #522 /x402/fx-rate?base=USD&symbols=JPY {"source":"frankfurter.dev/v2/rates","data":[{"date":"2026-07-28","base":"USD","
2026-07-28T19:47:24.342Z OK #523 /x402/gas-tracker {"timestamp":"2026-07-28T19:47:24.258Z","chains":[{"chain":"ethereum","gas_gwei"
2026-07-28T19:47:25.978Z OK #524 /x402/web-fetch?url=https://example.com {"timestamp":"2026-07-28T19:47:25.894Z","url":"https://example.com","status":200
2026-07-28T19:47:28.519Z OK #525 /x402/news-headlines {"timestamp":"2026-07-28T19:47:28.435Z","q":"crypto OR bitcoin OR AI agents","co
2026-07-28T19:47:30.621Z OK #526 /x402/grants?keyword=ai {"source":"grants.gov/search2","total":138,"results":[{"id":"363121","number":"P
2026-07-28T19:47:32.206Z OK #527 /x402/treasury-yields {"source":"home.treasury.gov/yield-curve","month":"202607","latest":{"date":"202
2026-07-28T19:47:33.702Z OK #528 /x402/pha-lookup {"matches":[{"id":"nc-kinston-kha","name":"Kinston Housing Authority","hud_code"
2026-07-28T19:47:35.527Z OK #529 /x402/hcv-fmr {"area":"Lenoir County, NC","year":2025,"bedrooms":4,"fmr_monthly":1497,"schedul
2026-07-28T19:47:37.404Z OK #530 /x402/housing-windsor {"property":{"address":"1607 Windsor Rd","city":"Kinston","county":"Lenoir","sta
2026-07-28T19:47:39.106Z OK #531 /x402/domain-enrich?domain=example.com {"timestamp":"2026-07-28T19:47:39.019Z","domain":"example.com","ips":["104.20.23
2026-07-28T19:47:40.839Z OK #532 /x402/market?naics=541512 {"source":"usaspending.gov/api/v2","naics":"541512","window":{"start_date":"2023
2026-07-28T19:47:42.530Z OK #533 /x402/sec-8k?ticker=AAPL {"source":"sec.gov/EDGAR","ticker":"AAPL","company":"Apple Inc.","cik":"320193",
2026-07-28T19:47:44.087Z OK #534 /x402/fx-rate?base=USD&symbols=EUR {"source":"frankfurter.dev/v2/rates","data":[{"date":"2026-07-28","base":"USD","
2026-07-28T19:47:45.703Z OK #535 /x402/fx-rate?base=USD&symbols=JPY {"source":"frankfurter.dev/v2/rates","data":[{"date":"2026-07-28","base":"USD","
2026-07-28T19:47:47.557Z OK #536 /x402/gas-tracker {"timestamp":"2026-07-28T19:47:47.469Z","chains":[{"chain":"ethereum","gas_gwei"
2026-07-28T19:47:49.412Z OK #537 /x402/web-fetch?url=https://example.com {"timestamp":"2026-07-28T19:47:49.328Z","url":"https://example.com","status":200
2026-07-28T19:47:50.995Z OK #538 /x402/news-headlines {"timestamp":"2026-07-28T19:47:50.910Z","q":"crypto OR bitcoin OR AI agents","co
2026-07-28T19:47:52.841Z OK #539 /x402/grants?keyword=ai {"source":"grants.gov/search2","total":138,"results":[{"id":"363121","number":"P
2026-07-28T19:47:54.555Z OK #540 /x402/treasury-yields {"source":"home.treasury.gov/yield-curve","month":"202607","latest":{"date":"202
2026-07-28T19:47:56.012Z OK #541 /x402/pha-lookup {"matches":[{"id":"nc-kinston-kha","name":"Kinston Housing Authority","hud_code"
2026-07-28T19:47:57.642Z OK #542 /x402/hcv-fmr {"area":"Lenoir County, NC","year":2025,"bedrooms":4,"fmr_monthly":1497,"schedul
2026-07-28T19:47:59.719Z OK #543 /x402/housing-windsor {"property":{"address":"1607 Windsor Rd","city":"Kinston","county":"Lenoir","sta
2026-07-28T19:48:01.612Z OK #544 /x402/domain-enrich?domain=example.com {"timestamp":"2026-07-28T19:48:01.527Z","domain":"example.com","ips":["172.66.14
2026-07-28T19:48:03.608Z OK #545 /x402/market?naics=541512 {"source":"usaspending.gov/api/v2","naics":"541512","window":{"start_date":"2023
2026-07-28T19:48:05.561Z OK #546 /x402/sec-8k?ticker=AAPL {"source":"sec.gov/EDGAR","ticker":"AAPL","company":"Apple Inc.","cik":"320193",
2026-07-28T19:48:07.364Z OK #547 /x402/fx-rate?base=USD&symbols=EUR {"source":"frankfurter.dev/v2/rates","data":[{"date":"2026-07-28","base":"USD","
2026-07-28T19:48:09.019Z OK #548 /x402/fx-rate?base=USD&symbols=JPY {"source":"frankfurter.dev/v2/rates","data":[{"date":"2026-07-28","base":"USD","
2026-07-28T19:48:10.675Z OK #549 /x402/gas-tracker {"timestamp":"2026-07-28T19:48:10.591Z","chains":[{"chain":"ethereum","gas_gwei"
2026-07-28T19:48:12.433Z OK #550 /x402/web-fetch?url=https://example.com {"timestamp":"2026-07-28T19:48:12.345Z","url":"https://example.com","status":200
2026-07-28T19:48:14.259Z OK #551 /x402/news-headlines {"timestamp":"2026-07-28T19:48:14.153Z","q":"crypto OR bitcoin OR AI agents","co
2026-07-28T19:48:16.216Z OK #552 /x402/grants?keyword=ai {"source":"grants.gov/search2","total":138,"results":[{"id":"363121","number":"P
2026-07-28T19:48:17.907Z OK #553 /x402/treasury-yields {"source":"home.treasury.gov/yield-curve","month":"202607","latest":{"date":"202
2026-07-28T19:48:19.759Z OK #554 /x402/pha-lookup {"matches":[{"id":"nc-kinston-kha","name":"Kinston Housing Authority","hud_code"
2026-07-28T19:48:21.286Z OK #555 /x402/hcv-fmr {"area":"Lenoir County, NC","year":2025,"bedrooms":4,"fmr_monthly":1497,"schedul
2026-07-28T19:48:23.396Z OK #556 /x402/housing-windsor {"property":{"address":"1607 Windsor Rd","city":"Kinston","county":"Lenoir","sta
2026-07-28T19:48:25.183Z OK #557 /x402/domain-enrich?domain=example.com {"timestamp":"2026-07-28T19:48:25.080Z","domain":"example.com","ips":["172.66.14
2026-07-28T19:48:26.967Z OK #558 /x402/market?naics=541512 {"source":"usaspending.gov/api/v2","naics":"541512","window":{"start_date":"2023
2026-07-28T19:48:28.545Z OK #559 /x402/sec-8k?ticker=AAPL {"source":"sec.gov/EDGAR","ticker":"AAPL","company":"Apple Inc.","cik":"320193",
2026-07-28T19:48:30.283Z OK #560 /x402/fx-rate?base=USD&symbols=EUR {"source":"frankfurter.dev/v2/rates","data":[{"date":"2026-07-28","base":"USD","
2026-07-28T19:48:31.880Z OK #561 /x402/fx-rate?base=USD&symbols=JPY {"source":"frankfurter.dev/v2/rates","data":[{"date":"2026-07-28","base":"USD","
2026-07-28T19:48:33.553Z OK #562 /x402/gas-tracker {"timestamp":"2026-07-28T19:48:33.470Z","chains":[{"chain":"ethereum","gas_gwei"
2026-07-28T19:48:35.521Z OK #563 /x402/web-fetch?url=https://example.com {"timestamp":"2026-07-28T19:48:35.437Z","url":"https://example.com","status":200
2026-07-28T19:48:37.661Z OK #564 /x402/news-headlines {"timestamp":"2026-07-28T19:48:37.575Z","q":"crypto OR bitcoin OR AI agents","co
2026-07-28T19:48:39.586Z OK #565 /x402/grants?keyword=ai {"source":"grants.gov/search2","total":138,"results":[{"id":"363121","number":"P
2026-07-28T19:48:41.591Z OK #566 /x402/treasury-yields {"source":"home.treasury.gov/yield-curve","month":"202607","latest":{"date":"202
2026-07-28T19:48:43.420Z OK #567 /x402/pha-lookup {"matches":[{"id":"nc-kinston-kha","name":"Kinston Housing Authority","hud_code"
2026-07-28T19:48:45.257Z OK #568 /x402/hcv-fmr {"area":"Lenoir County, NC","year":2025,"bedrooms":4,"fmr_monthly":1497,"schedul
2026-07-28T19:48:46.873Z OK #569 /x402/housing-windsor {"property":{"address":"1607 Windsor Rd","city":"Kinston","county":"Lenoir","sta
2026-07-28T19:48:48.730Z OK #570 /x402/domain-enrich?domain=example.com {"timestamp":"2026-07-28T19:48:48.643Z","domain":"example.com","ips":["104.20.23
2026-07-28T19:48:50.501Z OK #571 /x402/market?naics=541512 {"source":"usaspending.gov/api/v2","naics":"541512","window":{"start_date":"2023
2026-07-28T19:48:52.718Z OK #572 /x402/sec-8k?ticker=AAPL {"source":"sec.gov/EDGAR","ticker":"AAPL","company":"Apple Inc.","cik":"320193",
2026-07-28T19:48:54.190Z OK #573 /x402/fx-rate?base=USD&symbols=EUR {"source":"frankfurter.dev/v2/rates","data":[{"date":"2026-07-28","base":"USD","
2026-07-28T19:48:55.825Z OK #574 /x402/fx-rate?base=USD&symbols=JPY {"source":"frankfurter.dev/v2/rates","data":[{"date":"2026-07-28","base":"USD","
2026-07-28T19:48:57.570Z OK #575 /x402/gas-tracker {"timestamp":"2026-07-28T19:48:57.482Z","chains":[{"chain":"ethereum","gas_gwei"
2026-07-28T19:48:59.740Z OK #576 /x402/web-fetch?url=https://example.com {"timestamp":"2026-07-28T19:48:59.652Z","url":"https://example.com","status":200
2026-07-28T19:49:01.673Z OK #577 /x402/news-headlines {"timestamp":"2026-07-28T19:49:01.589Z","q":"crypto OR bitcoin OR AI agents","co
2026-07-28T19:49:03.766Z OK #578 /x402/grants?keyword=ai {"source":"grants.gov/search2","total":138,"results":[{"id":"363121","number":"P
2026-07-28T19:49:05.431Z OK #579 /x402/treasury-yields {"source":"home.treasury.gov/yield-curve","month":"202607","latest":{"date":"202
2026-07-28T19:49:07.335Z OK #580 /x402/pha-lookup {"matches":[{"id":"nc-kinston-kha","name":"Kinston Housing Authority","hud_code"
2026-07-28T19:49:08.897Z OK #581 /x402/hcv-fmr {"area":"Lenoir County, NC","year":2025,"bedrooms":4,"fmr_monthly":1497,"schedul
2026-07-28T19:49:10.359Z OK #582 /x402/housing-windsor {"property":{"address":"1607 Windsor Rd","city":"Kinston","county":"Lenoir","sta
2026-07-28T19:49:12.317Z OK #583 /x402/domain-enrich?domain=example.com {"timestamp":"2026-07-28T19:49:12.232Z","domain":"example.com","ips":["104.20.23
2026-07-28T19:49:14.090Z OK #584 /x402/market?naics=541512 {"source":"usaspending.gov/api/v2","naics":"541512","window":{"start_date":"2023
2026-07-28T19:49:15.833Z OK #585 /x402/sec-8k?ticker=AAPL {"source":"sec.gov/EDGAR","ticker":"AAPL","company":"Apple Inc.","cik":"320193",
2026-07-28T19:49:17.462Z OK #586 /x402/fx-rate?base=USD&symbols=EUR {"source":"frankfurter.dev/v2/rates","data":[{"date":"2026-07-28","base":"USD","
2026-07-28T19:49:19.523Z OK #587 /x402/fx-rate?base=USD&symbols=JPY {"source":"frankfurter.dev/v2/rates","data":[{"date":"2026-07-28","base":"USD","
2026-07-28T19:49:21.570Z OK #588 /x402/gas-tracker {"timestamp":"2026-07-28T19:49:21.482Z","chains":[{"chain":"ethereum","gas_gwei"
2026-07-28T19:49:23.621Z OK #589 /x402/web-fetch?url=https://example.com {"timestamp":"2026-07-28T19:49:23.510Z","url":"https://example.com","status":200
2026-07-28T19:49:25.609Z OK #590 /x402/news-headlines {"timestamp":"2026-07-28T19:49:25.525Z","q":"crypto OR bitcoin OR AI agents","co
2026-07-28T19:49:27.658Z OK #591 /x402/grants?keyword=ai {"source":"grants.gov/search2","total":138,"results":[{"id":"363121","number":"P
2026-07-28T19:49:29.618Z OK #592 /x402/treasury-yields {"source":"home.treasury.gov/yield-curve","month":"202607","latest":{"date":"202
2026-07-28T19:49:31.767Z OK #593 /x402/pha-lookup {"matches":[{"id":"nc-kinston-kha","name":"Kinston Housing Authority","hud_code"
2026-07-28T19:49:33.560Z OK #594 /x402/hcv-fmr {"area":"Lenoir County, NC","year":2025,"bedrooms":4,"fmr_monthly":1497,"schedul
2026-07-28T19:49:35.754Z OK #595 /x402/housing-windsor {"property":{"address":"1607 Windsor Rd","city":"Kinston","county":"Lenoir","sta
2026-07-28T19:49:37.658Z OK #596 /x402/domain-enrich?domain=example.com {"timestamp":"2026-07-28T19:49:37.574Z","domain":"example.com","ips":["172.66.14
2026-07-28T19:49:39.479Z OK #597 /x402/market?naics=541512 {"source":"usaspending.gov/api/v2","naics":"541512","window":{"start_date":"2023
2026-07-28T19:49:41.687Z OK #598 /x402/sec-8k?ticker=AAPL {"source":"sec.gov/EDGAR","ticker":"AAPL","company":"Apple Inc.","cik":"320193",
2026-07-28T19:49:43.492Z OK #599 /x402/fx-rate?base=USD&symbols=EUR {"source":"frankfurter.dev/v2/rates","data":[{"date":"2026-07-28","base":"USD","
2026-07-28T19:49:45.267Z OK #600 /x402/fx-rate?base=USD&symbols=JPY {"source":"frankfurter.dev/v2/rates","data":[{"date":"2026-07-28","base":"USD","
2026-07-28T19:49:46.923Z OK #601 /x402/gas-tracker {"timestamp":"2026-07-28T19:49:46.840Z","chains":[{"chain":"ethereum","gas_gwei"
2026-07-28T19:49:48.460Z OK #602 /x402/web-fetch?url=https://example.com {"timestamp":"2026-07-28T19:49:48.377Z","url":"https://example.com","status":200
2026-07-28T19:49:50.608Z OK #603 /x402/news-headlines {"timestamp":"2026-07-28T19:49:50.524Z","q":"crypto OR bitcoin OR AI agents","co
2026-07-28T19:49:52.776Z OK #604 /x402/grants?keyword=ai {"source":"grants.gov/search2","total":138,"results":[{"id":"363121","number":"P
2026-07-28T19:49:54.380Z OK #605 /x402/treasury-yields {"source":"home.treasury.gov/yield-curve","month":"202607","latest":{"date":"202
2026-07-28T19:49:55.846Z OK #606 /x402/pha-lookup {"matches":[{"id":"nc-kinston-kha","name":"Kinston Housing Authority","hud_code"
2026-07-28T19:49:57.392Z OK #607 /x402/hcv-fmr {"area":"Lenoir County, NC","year":2025,"bedrooms":4,"fmr_monthly":1497,"schedul
2026-07-28T19:49:58.954Z OK #608 /x402/housing-windsor {"property":{"address":"1607 Windsor Rd","city":"Kinston","county":"Lenoir","sta
2026-07-28T19:50:00.953Z OK #609 /x402/domain-enrich?domain=example.com {"timestamp":"2026-07-28T19:50:00.849Z","domain":"example.com","ips":["104.20.23
2026-07-28T19:50:02.867Z OK #610 /x402/market?naics=541512 {"source":"usaspending.gov/api/v2","naics":"541512","window":{"start_date":"2023
2026-07-28T19:50:04.564Z OK #611 /x402/sec-8k?ticker=AAPL {"source":"sec.gov/EDGAR","ticker":"AAPL","company":"Apple Inc.","cik":"320193",
2026-07-28T19:50:06.129Z OK #612 /x402/fx-rate?base=USD&symbols=EUR {"source":"frankfurter.dev/v2/rates","data":[{"date":"2026-07-28","base":"USD","
2026-07-28T19:50:08.098Z OK #613 /x402/fx-rate?base=USD&symbols=JPY {"source":"frankfurter.dev/v2/rates","data":[{"date":"2026-07-28","base":"USD","
2026-07-28T19:50:09.720Z OK #614 /x402/gas-tracker {"timestamp":"2026-07-28T19:50:09.632Z","chains":[{"chain":"ethereum","gas_gwei"
2026-07-28T19:50:11.711Z OK #615 /x402/web-fetch?url=https://example.com {"timestamp":"2026-07-28T19:50:11.628Z","url":"https://example.com","status":200
2026-07-28T19:50:13.532Z OK #616 /x402/news-headlines {"timestamp":"2026-07-28T19:50:13.447Z","q":"crypto OR bitcoin OR AI agents","co
2026-07-28T19:50:15.733Z OK #617 /x402/grants?keyword=ai {"source":"grants.gov/search2","total":138,"results":[{"id":"363121","number":"P
2026-07-28T19:50:17.369Z OK #618 /x402/treasury-yields {"source":"home.treasury.gov/yield-curve","month":"202607","latest":{"date":"202
2026-07-28T19:50:18.953Z OK #619 /x402/pha-lookup {"matches":[{"id":"nc-kinston-kha","name":"Kinston Housing Authority","hud_code"
2026-07-28T19:50:20.539Z OK #620 /x402/hcv-fmr {"area":"Lenoir County, NC","year":2025,"bedrooms":4,"fmr_monthly":1497,"schedul
2026-07-28T19:50:22.093Z OK #621 /x402/housing-windsor {"property":{"address":"1607 Windsor Rd","city":"Kinston","county":"Lenoir","sta
2026-07-28T19:50:24.018Z OK #622 /x402/domain-enrich?domain=example.com {"timestamp":"2026-07-28T19:50:23.934Z","domain":"example.com","ips":["104.20.23
2026-07-28T19:50:25.951Z OK #623 /x402/market?naics=541512 {"source":"usaspending.gov/api/v2","naics":"541512","window":{"start_date":"2023
2026-07-28T19:50:27.549Z OK #624 /x402/sec-8k?ticker=AAPL {"source":"sec.gov/EDGAR","ticker":"AAPL","company":"Apple Inc.","cik":"320193",
2026-07-28T19:50:29.468Z OK #625 /x402/fx-rate?base=USD&symbols=EUR {"source":"frankfurter.dev/v2/rates","data":[{"date":"2026-07-28","base":"USD","
2026-07-28T19:50:31.296Z OK #626 /x402/fx-rate?base=USD&symbols=JPY {"source":"frankfurter.dev/v2/rates","data":[{"date":"2026-07-28","base":"USD","
2026-07-28T19:50:32.944Z OK #627 /x402/gas-tracker {"timestamp":"2026-07-28T19:50:32.860Z","chains":[{"chain":"ethereum","gas_gwei"
2026-07-28T19:50:34.444Z OK #628 /x402/web-fetch?url=https://example.com {"timestamp":"2026-07-28T19:50:34.360Z","url":"https://example.com","status":200
2026-07-28T19:50:36.151Z OK #629 /x402/news-headlines {"timestamp":"2026-07-28T19:50:36.067Z","q":"crypto OR bitcoin OR AI agents","co
2026-07-28T19:50:38.050Z OK #630 /x402/grants?keyword=ai {"source":"grants.gov/search2","total":138,"results":[{"id":"363121","number":"P
2026-07-28T19:50:39.769Z OK #631 /x402/treasury-yields {"source":"home.treasury.gov/yield-curve","month":"202607","latest":{"date":"202
2026-07-28T19:50:41.733Z OK #632 /x402/pha-lookup {"matches":[{"id":"nc-kinston-kha","name":"Kinston Housing Authority","hud_code"
2026-07-28T19:50:43.540Z OK #633 /x402/hcv-fmr {"area":"Lenoir County, NC","year":2025,"bedrooms":4,"fmr_monthly":1497,"schedul
2026-07-28T19:50:45.545Z OK #634 /x402/housing-windsor {"property":{"address":"1607 Windsor Rd","city":"Kinston","county":"Lenoir","sta
2026-07-28T19:50:47.682Z OK #635 /x402/domain-enrich?domain=example.com {"timestamp":"2026-07-28T19:50:47.597Z","domain":"example.com","ips":["104.20.23
2026-07-28T19:50:49.596Z OK #636 /x402/market?naics=541512 {"source":"usaspending.gov/api/v2","naics":"541512","window":{"start_date":"2023
2026-07-28T19:50:51.556Z OK #637 /x402/sec-8k?ticker=AAPL {"source":"sec.gov/EDGAR","ticker":"AAPL","company":"Apple Inc.","cik":"320193",
2026-07-28T19:50:53.492Z OK #638 /x402/fx-rate?base=USD&symbols=EUR {"source":"frankfurter.dev/v2/rates","data":[{"date":"2026-07-28","base":"USD","
2026-07-28T19:50:55.314Z OK #639 /x402/fx-rate?base=USD&symbols=JPY {"source":"frankfurter.dev/v2/rates","data":[{"date":"2026-07-28","base":"USD","
2026-07-28T19:50:57.070Z OK #640 /x402/gas-tracker {"timestamp":"2026-07-28T19:50:56.986Z","chains":[{"chain":"ethereum","gas_gwei"
2026-07-28T19:50:58.665Z OK #641 /x402/web-fetch?url=https://example.com {"timestamp":"2026-07-28T19:50:58.581Z","url":"https://example.com","status":200
2026-07-28T19:51:00.285Z OK #642 /x402/news-headlines {"timestamp":"2026-07-28T19:51:00.200Z","q":"crypto OR bitcoin OR AI agents","co
2026-07-28T19:51:02.447Z OK #643 /x402/grants?keyword=ai {"source":"grants.gov/search2","total":138,"results":[{"id":"363121","number":"P
2026-07-28T19:51:04.067Z OK #644 /x402/treasury-yields {"source":"home.treasury.gov/yield-curve","month":"202607","latest":{"date":"202
2026-07-28T19:51:05.593Z OK #645 /x402/pha-lookup {"matches":[{"id":"nc-kinston-kha","name":"Kinston Housing Authority","hud_code"
2026-07-28T19:51:07.350Z OK #646 /x402/hcv-fmr {"area":"Lenoir County, NC","year":2025,"bedrooms":4,"fmr_monthly":1497,"schedul
2026-07-28T19:51:08.942Z OK #647 /x402/housing-windsor {"property":{"address":"1607 Windsor Rd","city":"Kinston","county":"Lenoir","sta
2026-07-28T19:51:10.701Z OK #648 /x402/domain-enrich?domain=example.com {"timestamp":"2026-07-28T19:51:10.617Z","domain":"example.com","ips":["104.20.23
2026-07-28T19:51:12.982Z OK #649 /x402/market?naics=541512 {"source":"usaspending.gov/api/v2","naics":"541512","window":{"start_date":"2023
2026-07-28T19:51:14.728Z OK #650 /x402/sec-8k?ticker=AAPL {"source":"sec.gov/EDGAR","ticker":"AAPL","company":"Apple Inc.","cik":"320193",
2026-07-28T19:51:16.320Z OK #651 /x402/fx-rate?base=USD&symbols=EUR {"source":"frankfurter.dev/v2/rates","data":[{"date":"2026-07-28","base":"USD","
2026-07-28T19:51:17.969Z OK #652 /x402/fx-rate?base=USD&symbols=JPY {"source":"frankfurter.dev/v2/rates","data":[{"date":"2026-07-28","base":"USD","
2026-07-28T19:51:19.645Z OK #653 /x402/gas-tracker {"timestamp":"2026-07-28T19:51:19.561Z","chains":[{"chain":"ethereum","gas_gwei"
2026-07-28T19:51:21.426Z OK #654 /x402/web-fetch?url=https://example.com {"timestamp":"2026-07-28T19:51:21.342Z","url":"https://example.com","status":200
2026-07-28T19:51:23.522Z OK #655 /x402/news-headlines {"timestamp":"2026-07-28T19:51:23.437Z","q":"crypto OR bitcoin OR AI agents","co
2026-07-28T19:51:25.837Z OK #656 /x402/grants?keyword=ai {"source":"grants.gov/search2","total":138,"results":[{"id":"363121","number":"P
2026-07-28T19:51:27.447Z OK #657 /x402/treasury-yields {"source":"home.treasury.gov/yield-curve","month":"202607","latest":{"date":"202
2026-07-28T19:51:29.369Z OK #658 /x402/pha-lookup {"matches":[{"id":"nc-kinston-kha","name":"Kinston Housing Authority","hud_code"
2026-07-28T19:51:31.242Z OK #659 /x402/hcv-fmr {"area":"Lenoir County, NC","year":2025,"bedrooms":4,"fmr_monthly":1497,"schedul
2026-07-28T19:51:32.724Z OK #660 /x402/housing-windsor {"property":{"address":"1607 Windsor Rd","city":"Kinston","county":"Lenoir","sta
2026-07-28T19:51:34.632Z OK #661 /x402/domain-enrich?domain=example.com {"timestamp":"2026-07-28T19:51:34.547Z","domain":"example.com","ips":["172.66.14
2026-07-28T19:51:36.269Z OK #662 /x402/market?naics=541512 {"source":"usaspending.gov/api/v2","naics":"541512","window":{"start_date":"2023
2026-07-28T19:51:38.024Z OK #663 /x402/sec-8k?ticker=AAPL {"source":"sec.gov/EDGAR","ticker":"AAPL","company":"Apple Inc.","cik":"320193",
2026-07-28T19:51:39.683Z OK #664 /x402/fx-rate?base=USD&symbols=EUR {"source":"frankfurter.dev/v2/rates","data":[{"date":"2026-07-28","base":"USD","
2026-07-28T19:51:41.437Z OK #665 /x402/fx-rate?base=USD&symbols=JPY {"source":"frankfurter.dev/v2/rates","data":[{"date":"2026-07-28","base":"USD","
2026-07-28T19:51:43.501Z OK #666 /x402/gas-tracker {"timestamp":"2026-07-28T19:51:43.418Z","chains":[{"chain":"ethereum","gas_gwei"
2026-07-28T19:51:45.477Z OK #667 /x402/web-fetch?url=https://example.com {"timestamp":"2026-07-28T19:51:45.393Z","url":"https://example.com","status":200
2026-07-28T19:51:47.530Z OK #668 /x402/news-headlines {"timestamp":"2026-07-28T19:51:47.445Z","q":"crypto OR bitcoin OR AI agents","co
2026-07-28T19:51:49.607Z OK #669 /x402/grants?keyword=ai {"source":"grants.gov/search2","total":138,"results":[{"id":"363121","number":"P
2026-07-28T19:51:51.676Z OK #670 /x402/treasury-yields {"source":"home.treasury.gov/yield-curve","month":"202607","latest":{"date":"202
2026-07-28T19:51:53.633Z OK #671 /x402/pha-lookup {"matches":[{"id":"nc-kinston-kha","name":"Kinston Housing Authority","hud_code"
2026-07-28T19:51:55.512Z OK #672 /x402/hcv-fmr {"area":"Lenoir County, NC","year":2025,"bedrooms":4,"fmr_monthly":1497,"schedul
2026-07-28T19:51:57.349Z OK #673 /x402/housing-windsor {"property":{"address":"1607 Windsor Rd","city":"Kinston","county":"Lenoir","sta
2026-07-28T19:51:59.557Z OK #674 /x402/domain-enrich?domain=example.com {"timestamp":"2026-07-28T19:51:59.473Z","domain":"example.com","ips":["104.20.23
2026-07-28T19:52:01.502Z OK #675 /x402/market?naics=541512 {"source":"usaspending.gov/api/v2","naics":"541512","window":{"start_date":"2023
2026-07-28T19:52:03.644Z OK #676 /x402/sec-8k?ticker=AAPL {"source":"sec.gov/EDGAR","ticker":"AAPL","company":"Apple Inc.","cik":"320193",
2026-07-28T19:52:05.479Z OK #677 /x402/fx-rate?base=USD&symbols=EUR {"source":"frankfurter.dev/v2/rates","data":[{"date":"2026-07-28","base":"USD","
2026-07-28T19:52:07.331Z OK #678 /x402/fx-rate?base=USD&symbols=JPY {"source":"frankfurter.dev/v2/rates","data":[{"date":"2026-07-28","base":"USD","
2026-07-28T19:52:08.897Z OK #679 /x402/gas-tracker {"timestamp":"2026-07-28T19:52:08.813Z","chains":[{"chain":"ethereum","gas_gwei"
2026-07-28T19:52:10.411Z OK #680 /x402/web-fetch?url=https://example.com {"timestamp":"2026-07-28T19:52:10.323Z","url":"https://example.com","status":200
2026-07-28T19:52:12.228Z OK #681 /x402/news-headlines {"timestamp":"2026-07-28T19:52:12.144Z","q":"crypto OR bitcoin OR AI agents","co
2026-07-28T19:52:14.291Z OK #682 /x402/grants?keyword=ai {"source":"grants.gov/search2","total":138,"results":[{"id":"363121","number":"P
2026-07-28T19:52:16.095Z OK #683 /x402/treasury-yields {"source":"home.treasury.gov/yield-curve","month":"202607","latest":{"date":"202
2026-07-28T19:52:17.648Z OK #684 /x402/pha-lookup {"matches":[{"id":"nc-kinston-kha","name":"Kinston Housing Authority","hud_code"
2026-07-28T19:52:19.589Z OK #685 /x402/hcv-fmr {"area":"Lenoir County, NC","year":2025,"bedrooms":4,"fmr_monthly":1497,"schedul
2026-07-28T19:52:21.277Z OK #686 /x402/housing-windsor {"property":{"address":"1607 Windsor Rd","city":"Kinston","county":"Lenoir","sta
2026-07-28T19:52:23.006Z OK #687 /x402/domain-enrich?domain=example.com {"timestamp":"2026-07-28T19:52:22.922Z","domain":"example.com","ips":["172.66.14
2026-07-28T19:52:24.899Z OK #688 /x402/market?naics=541512 {"source":"usaspending.gov/api/v2","naics":"541512","window":{"start_date":"2023
2026-07-28T19:52:26.632Z OK #689 /x402/sec-8k?ticker=AAPL {"source":"sec.gov/EDGAR","ticker":"AAPL","company":"Apple Inc.","cik":"320193",
2026-07-28T19:52:28.443Z OK #690 /x402/fx-rate?base=USD&symbols=EUR {"source":"frankfurter.dev/v2/rates","data":[{"date":"2026-07-28","base":"USD","
2026-07-28T19:52:30.046Z OK #691 /x402/fx-rate?base=USD&symbols=JPY {"source":"frankfurter.dev/v2/rates","data":[{"date":"2026-07-28","base":"USD","
2026-07-28T19:52:31.693Z OK #692 /x402/gas-tracker {"timestamp":"2026-07-28T19:52:31.610Z","chains":[{"chain":"ethereum","gas_gwei"
2026-07-28T19:52:33.306Z OK #693 /x402/web-fetch?url=https://example.com {"timestamp":"2026-07-28T19:52:33.222Z","url":"https://example.com","status":200
2026-07-28T19:52:35.319Z OK #694 /x402/news-headlines {"timestamp":"2026-07-28T19:52:35.235Z","q":"crypto OR bitcoin OR AI agents","co
2026-07-28T19:52:37.142Z OK #695 /x402/grants?keyword=ai {"source":"grants.gov/search2","total":138,"results":[{"id":"363121","number":"P
2026-07-28T19:52:39.095Z OK #696 /x402/treasury-yields {"source":"home.treasury.gov/yield-curve","month":"202607","latest":{"date":"202
2026-07-28T19:52:40.701Z OK #697 /x402/pha-lookup {"matches":[{"id":"nc-kinston-kha","name":"Kinston Housing Authority","hud_code"
2026-07-28T19:52:42.309Z OK #698 /x402/hcv-fmr {"area":"Lenoir County, NC","year":2025,"bedrooms":4,"fmr_monthly":1497,"schedul
2026-07-28T19:52:43.891Z OK #699 /x402/housing-windsor {"property":{"address":"1607 Windsor Rd","city":"Kinston","county":"Lenoir","sta
2026-07-28T19:52:46.094Z OK #700 /x402/domain-enrich?domain=example.com {"timestamp":"2026-07-28T19:52:46.010Z","domain":"example.com","ips":["104.20.23
2026-07-28T19:52:48.117Z OK #701 /x402/market?naics=541512 {"source":"usaspending.gov/api/v2","naics":"541512","window":{"start_date":"2023
2026-07-28T19:52:50.027Z OK #702 /x402/sec-8k?ticker=AAPL {"source":"sec.gov/EDGAR","ticker":"AAPL","company":"Apple Inc.","cik":"320193",
2026-07-28T19:52:51.944Z OK #703 /x402/fx-rate?base=USD&symbols=EUR {"source":"frankfurter.dev/v2/rates","data":[{"date":"2026-07-28","base":"USD","
2026-07-28T19:52:54.031Z OK #704 /x402/fx-rate?base=USD&symbols=JPY {"source":"frankfurter.dev/v2/rates","data":[{"date":"2026-07-28","base":"USD","
2026-07-28T19:52:55.777Z OK #705 /x402/gas-tracker {"timestamp":"2026-07-28T19:52:55.693Z","chains":[{"chain":"ethereum","gas_gwei"
2026-07-28T19:52:57.361Z OK #706 /x402/web-fetch?url=https://example.com {"timestamp":"2026-07-28T19:52:57.273Z","url":"https://example.com","status":200
2026-07-28T19:52:59.367Z OK #707 /x402/news-headlines {"timestamp":"2026-07-28T19:52:59.277Z","q":"crypto OR bitcoin OR AI agents","co
2026-07-28T19:53:01.253Z OK #708 /x402/grants?keyword=ai {"source":"grants.gov/search2","total":138,"results":[{"id":"363121","number":"P
2026-07-28T19:53:02.900Z OK #709 /x402/treasury-yields {"source":"home.treasury.gov/yield-curve","month":"202607","latest":{"date":"202
2026-07-28T19:53:04.651Z OK #710 /x402/pha-lookup {"matches":[{"id":"nc-kinston-kha","name":"Kinston Housing Authority","hud_code"
2026-07-28T19:53:06.561Z OK #711 /x402/hcv-fmr {"area":"Lenoir County, NC","year":2025,"bedrooms":4,"fmr_monthly":1497,"schedul
2026-07-28T19:53:08.247Z OK #712 /x402/housing-windsor {"property":{"address":"1607 Windsor Rd","city":"Kinston","county":"Lenoir","sta
2026-07-28T19:53:10.558Z OK #713 /x402/domain-enrich?domain=example.com {"timestamp":"2026-07-28T19:53:10.454Z","domain":"example.com","ips":["104.20.23
2026-07-28T19:53:12.362Z OK #714 /x402/market?naics=541512 {"source":"usaspending.gov/api/v2","naics":"541512","window":{"start_date":"2023
2026-07-28T19:53:14.183Z OK #715 /x402/sec-8k?ticker=AAPL {"source":"sec.gov/EDGAR","ticker":"AAPL","company":"Apple Inc.","cik":"320193",
2026-07-28T19:53:15.682Z OK #716 /x402/fx-rate?base=USD&symbols=EUR {"source":"frankfurter.dev/v2/rates","data":[{"date":"2026-07-28","base":"USD","
2026-07-28T19:53:17.354Z OK #717 /x402/fx-rate?base=USD&symbols=JPY {"source":"frankfurter.dev/v2/rates","data":[{"date":"2026-07-28","base":"USD","
2026-07-28T19:53:19.487Z OK #718 /x402/gas-tracker {"timestamp":"2026-07-28T19:53:19.401Z","chains":[{"chain":"ethereum","gas_gwei"
2026-07-28T19:53:21.486Z OK #719 /x402/web-fetch?url=https://example.com {"timestamp":"2026-07-28T19:53:21.383Z","url":"https://example.com","status":200
2026-07-28T19:53:23.124Z OK #720 /x402/news-headlines {"timestamp":"2026-07-28T19:53:23.040Z","q":"crypto OR bitcoin OR AI agents","co
2026-07-28T19:53:25.110Z OK #721 /x402/grants?keyword=ai {"source":"grants.gov/search2","total":138,"results":[{"id":"363121","number":"P
2026-07-28T19:53:26.889Z OK #722 /x402/treasury-yields {"source":"home.treasury.gov/yield-curve","month":"202607","latest":{"date":"202
2026-07-28T19:53:28.434Z OK #723 /x402/pha-lookup {"matches":[{"id":"nc-kinston-kha","name":"Kinston Housing Authority","hud_code"
2026-07-28T19:53:29.972Z OK #724 /x402/hcv-fmr {"area":"Lenoir County, NC","year":2025,"bedrooms":4,"fmr_monthly":1497,"schedul
2026-07-28T19:53:31.581Z OK #725 /x402/housing-windsor {"property":{"address":"1607 Windsor Rd","city":"Kinston","county":"Lenoir","sta
2026-07-28T19:53:33.608Z OK #726 /x402/domain-enrich?domain=example.com {"timestamp":"2026-07-28T19:53:33.520Z","domain":"example.com","ips":["104.20.23
2026-07-28T19:53:35.742Z OK #727 /x402/market?naics=541512 {"source":"usaspending.gov/api/v2","naics":"541512","window":{"start_date":"2023
2026-07-28T19:53:37.392Z OK #728 /x402/sec-8k?ticker=AAPL {"source":"sec.gov/EDGAR","ticker":"AAPL","company":"Apple Inc.","cik":"320193",
2026-07-28T19:53:39.037Z OK #729 /x402/fx-rate?base=USD&symbols=EUR {"source":"frankfurter.dev/v2/rates","data":[{"date":"2026-07-28","base":"USD","
2026-07-28T19:53:40.631Z OK #730 /x402/fx-rate?base=USD&symbols=JPY {"source":"frankfurter.dev/v2/rates","data":[{"date":"2026-07-28","base":"USD","
2026-07-28T19:53:42.386Z OK #731 /x402/gas-tracker {"timestamp":"2026-07-28T19:53:42.302Z","chains":[{"chain":"ethereum","gas_gwei"
2026-07-28T19:53:44.084Z OK #732 /x402/web-fetch?url=https://example.com {"timestamp":"2026-07-28T19:53:43.999Z","url":"https://example.com","status":200
2026-07-28T19:53:45.779Z OK #733 /x402/news-headlines {"timestamp":"2026-07-28T19:53:45.695Z","q":"crypto OR bitcoin OR AI agents","co
2026-07-28T19:53:47.674Z OK #734 /x402/grants?keyword=ai {"source":"grants.gov/search2","total":138,"results":[{"id":"363121","number":"P
2026-07-28T19:53:49.650Z OK #735 /x402/treasury-yields {"source":"home.treasury.gov/yield-curve","month":"202607","latest":{"date":"202
2026-07-28T19:53:51.462Z OK #736 /x402/pha-lookup {"matches":[{"id":"nc-kinston-kha","name":"Kinston Housing Authority","hud_code"
2026-07-28T19:53:53.000Z OK #737 /x402/hcv-fmr {"area":"Lenoir County, NC","year":2025,"bedrooms":4,"fmr_monthly":1497,"schedul
2026-07-28T19:53:54.529Z OK #738 /x402/housing-windsor {"property":{"address":"1607 Windsor Rd","city":"Kinston","county":"Lenoir","sta
2026-07-28T19:53:56.563Z OK #739 /x402/domain-enrich?domain=example.com {"timestamp":"2026-07-28T19:53:56.480Z","domain":"example.com","ips":["104.20.23
2026-07-28T19:53:58.569Z OK #740 /x402/market?naics=541512 {"source":"usaspending.gov/api/v2","naics":"541512","window":{"start_date":"2023
2026-07-28T19:54:00.166Z OK #741 /x402/sec-8k?ticker=AAPL {"source":"sec.gov/EDGAR","ticker":"AAPL","company":"Apple Inc.","cik":"320193",
2026-07-28T19:54:02.109Z OK #742 /x402/fx-rate?base=USD&symbols=EUR {"source":"frankfurter.dev/v2/rates","data":[{"date":"2026-07-28","base":"USD","
2026-07-28T19:54:03.822Z OK #743 /x402/fx-rate?base=USD&symbols=JPY {"source":"frankfurter.dev/v2/rates","data":[{"date":"2026-07-28","base":"USD","
2026-07-28T19:54:05.629Z OK #744 /x402/gas-tracker {"timestamp":"2026-07-28T19:54:05.545Z","chains":[{"chain":"ethereum","gas_gwei"
2026-07-28T19:54:07.621Z OK #745 /x402/web-fetch?url=https://example.com {"timestamp":"2026-07-28T19:54:07.537Z","url":"https://example.com","status":200
2026-07-28T19:54:09.708Z OK #746 /x402/news-headlines {"timestamp":"2026-07-28T19:54:09.623Z","q":"crypto OR bitcoin OR AI agents","co
2026-07-28T19:54:11.969Z OK #747 /x402/grants?keyword=ai {"source":"grants.gov/search2","total":138,"results":[{"id":"363121","number":"P
2026-07-28T19:54:13.599Z OK #748 /x402/treasury-yields {"source":"home.treasury.gov/yield-curve","month":"202607","latest":{"date":"202
2026-07-28T19:54:15.320Z OK #749 /x402/pha-lookup {"matches":[{"id":"nc-kinston-kha","name":"Kinston Housing Authority","hud_code"
2026-07-28T19:54:16.936Z OK #750 /x402/hcv-fmr {"area":"Lenoir County, NC","year":2025,"bedrooms":4,"fmr_monthly":1497,"schedul
2026-07-28T19:54:18.535Z OK #751 /x402/housing-windsor {"property":{"address":"1607 Windsor Rd","city":"Kinston","county":"Lenoir","sta
2026-07-28T19:54:20.284Z OK #752 /x402/domain-enrich?domain=example.com {"timestamp":"2026-07-28T19:54:20.196Z","domain":"example.com","ips":["172.66.14
2026-07-28T19:54:21.978Z OK #753 /x402/market?naics=541512 {"source":"usaspending.gov/api/v2","naics":"541512","window":{"start_date":"2023
2026-07-28T19:54:23.696Z OK #754 /x402/sec-8k?ticker=AAPL {"source":"sec.gov/EDGAR","ticker":"AAPL","company":"Apple Inc.","cik":"320193",
2026-07-28T19:54:25.444Z OK #755 /x402/fx-rate?base=USD&symbols=EUR {"source":"frankfurter.dev/v2/rates","data":[{"date":"2026-07-28","base":"USD","
2026-07-28T19:54:27.558Z OK #756 /x402/fx-rate?base=USD&symbols=JPY {"source":"frankfurter.dev/v2/rates","data":[{"date":"2026-07-28","base":"USD","
2026-07-28T19:54:29.607Z OK #757 /x402/gas-tracker {"timestamp":"2026-07-28T19:54:29.523Z","chains":[{"chain":"ethereum","gas_gwei"
2026-07-28T19:54:31.714Z OK #758 /x402/web-fetch?url=https://example.com {"timestamp":"2026-07-28T19:54:31.630Z","url":"https://example.com","status":200
2026-07-28T19:54:33.397Z OK #759 /x402/news-headlines {"timestamp":"2026-07-28T19:54:33.311Z","q":"crypto OR bitcoin OR AI agents","co
2026-07-28T19:54:35.366Z OK #760 /x402/grants?keyword=ai {"source":"grants.gov/search2","total":138,"results":[{"id":"363121","number":"P
2026-07-28T19:54:37.055Z OK #761 /x402/treasury-yields {"source":"home.treasury.gov/yield-curve","month":"202607","latest":{"date":"202
2026-07-28T19:54:38.673Z OK #762 /x402/pha-lookup {"matches":[{"id":"nc-kinston-kha","name":"Kinston Housing Authority","hud_code"
2026-07-28T19:54:40.307Z OK #763 /x402/hcv-fmr {"area":"Lenoir County, NC","year":2025,"bedrooms":4,"fmr_monthly":1497,"schedul
2026-07-28T19:54:41.820Z OK #764 /x402/housing-windsor {"property":{"address":"1607 Windsor Rd","city":"Kinston","county":"Lenoir","sta
2026-07-28T19:54:43.745Z OK #765 /x402/domain-enrich?domain=example.com {"timestamp":"2026-07-28T19:54:43.661Z","domain":"example.com","ips":["104.20.23
2026-07-28T19:54:45.594Z OK #766 /x402/market?naics=541512 {"source":"usaspending.gov/api/v2","naics":"541512","window":{"start_date":"2023
2026-07-28T19:54:47.347Z OK #767 /x402/sec-8k?ticker=AAPL {"source":"sec.gov/EDGAR","ticker":"AAPL","company":"Apple Inc.","cik":"320193",
2026-07-28T19:54:48.917Z OK #768 /x402/fx-rate?base=USD&symbols=EUR {"source":"frankfurter.dev/v2/rates","data":[{"date":"2026-07-28","base":"USD","
2026-07-28T19:54:50.669Z OK #769 /x402/fx-rate?base=USD&symbols=JPY {"source":"frankfurter.dev/v2/rates","data":[{"date":"2026-07-28","base":"USD","
2026-07-28T19:54:52.311Z OK #770 /x402/gas-tracker {"timestamp":"2026-07-28T19:54:52.224Z","chains":[{"chain":"ethereum","gas_gwei"
2026-07-28T19:54:53.769Z OK #771 /x402/web-fetch?url=https://example.com {"timestamp":"2026-07-28T19:54:53.677Z","url":"https://example.com","status":200
2026-07-28T19:54:56.007Z OK #772 /x402/news-headlines {"timestamp":"2026-07-28T19:54:55.922Z","q":"crypto OR bitcoin OR AI agents","co
2026-07-28T19:54:57.993Z OK #773 /x402/grants?keyword=ai {"source":"grants.gov/search2","total":138,"results":[{"id":"363121","number":"P
2026-07-28T19:54:59.640Z OK #774 /x402/treasury-yields {"source":"home.treasury.gov/yield-curve","month":"202607","latest":{"date":"202
2026-07-28T19:55:01.634Z OK #775 /x402/pha-lookup {"matches":[{"id":"nc-kinston-kha","name":"Kinston Housing Authority","hud_code"
2026-07-28T19:55:03.420Z OK #776 /x402/hcv-fmr {"area":"Lenoir County, NC","year":2025,"bedrooms":4,"fmr_monthly":1497,"schedul
2026-07-28T19:55:04.974Z OK #777 /x402/housing-windsor {"property":{"address":"1607 Windsor Rd","city":"Kinston","county":"Lenoir","sta
2026-07-28T19:55:06.833Z OK #778 /x402/domain-enrich?domain=example.com {"timestamp":"2026-07-28T19:55:06.749Z","domain":"example.com","ips":["172.66.14
2026-07-28T19:55:08.522Z OK #779 /x402/market?naics=541512 {"source":"usaspending.gov/api/v2","naics":"541512","window":{"start_date":"2023
2026-07-28T19:55:10.473Z OK #780 /x402/sec-8k?ticker=AAPL {"source":"sec.gov/EDGAR","ticker":"AAPL","company":"Apple Inc.","cik":"320193",
2026-07-28T19:55:12.032Z OK #781 /x402/fx-rate?base=USD&symbols=EUR {"source":"frankfurter.dev/v2/rates","data":[{"date":"2026-07-28","base":"USD","
2026-07-28T19:55:14.045Z OK #782 /x402/fx-rate?base=USD&symbols=JPY {"source":"frankfurter.dev/v2/rates","data":[{"date":"2026-07-28","base":"USD","
2026-07-28T19:55:15.726Z OK #783 /x402/gas-tracker {"timestamp":"2026-07-28T19:55:15.639Z","chains":[{"chain":"ethereum","gas_gwei"
2026-07-28T19:55:17.638Z OK #784 /x402/web-fetch?url=https://example.com {"timestamp":"2026-07-28T19:55:17.549Z","url":"https://example.com","status":200
2026-07-28T19:55:19.858Z OK #785 /x402/news-headlines {"timestamp":"2026-07-28T19:55:19.751Z","q":"crypto OR bitcoin OR AI agents","co
2026-07-28T19:55:21.816Z OK #786 /x402/grants?keyword=ai {"source":"grants.gov/search2","total":138,"results":[{"id":"363121","number":"P
2026-07-28T19:55:23.370Z OK #787 /x402/treasury-yields {"source":"home.treasury.gov/yield-curve","month":"202607","latest":{"date":"202
2026-07-28T19:55:24.854Z OK #788 /x402/pha-lookup {"matches":[{"id":"nc-kinston-kha","name":"Kinston Housing Authority","hud_code"
2026-07-28T19:55:26.408Z OK #789 /x402/hcv-fmr {"area":"Lenoir County, NC","year":2025,"bedrooms":4,"fmr_monthly":1497,"schedul
2026-07-28T19:55:28.289Z OK #790 /x402/housing-windsor {"property":{"address":"1607 Windsor Rd","city":"Kinston","county":"Lenoir","sta
2026-07-28T19:55:30.112Z OK #791 /x402/domain-enrich?domain=example.com {"timestamp":"2026-07-28T19:55:30.025Z","domain":"example.com","ips":["172.66.14
2026-07-28T19:55:31.823Z OK #792 /x402/market?naics=541512 {"source":"usaspending.gov/api/v2","naics":"541512","window":{"start_date":"2023
2026-07-28T19:55:33.384Z OK #793 /x402/sec-8k?ticker=AAPL {"source":"sec.gov/EDGAR","ticker":"AAPL","company":"Apple Inc.","cik":"320193",
2026-07-28T19:55:35.039Z OK #794 /x402/fx-rate?base=USD&symbols=EUR {"source":"frankfurter.dev/v2/rates","data":[{"date":"2026-07-28","base":"USD","
2026-07-28T19:55:38.844Z OK #795 /x402/fx-rate?base=USD&symbols=JPY {"source":"frankfurter.dev/v2/rates","data":[{"date":"2026-07-28","base":"USD","
2026-07-28T19:55:40.884Z OK #796 /x402/gas-tracker {"timestamp":"2026-07-28T19:55:40.774Z","chains":[{"chain":"ethereum","gas_gwei"
2026-07-28T19:55:42.480Z OK #797 /x402/web-fetch?url=https://example.com {"timestamp":"2026-07-28T19:55:42.396Z","url":"https://example.com","status":200
2026-07-28T19:55:44.164Z OK #798 /x402/news-headlines {"timestamp":"2026-07-28T19:55:44.079Z","q":"crypto OR bitcoin OR AI agents","co
2026-07-28T19:55:46.360Z OK #799 /x402/grants?keyword=ai {"source":"grants.gov/search2","total":138,"results":[{"id":"363121","number":"P
2026-07-28T19:55:47.998Z OK #800 /x402/treasury-yields {"source":"home.treasury.gov/yield-curve","month":"202607","latest":{"date":"202
2026-07-28T19:55:49.542Z OK #801 /x402/pha-lookup {"matches":[{"id":"nc-kinston-kha","name":"Kinston Housing Authority","hud_code"
2026-07-28T19:55:51.406Z OK #802 /x402/hcv-fmr {"area":"Lenoir County, NC","year":2025,"bedrooms":4,"fmr_monthly":1497,"schedul
2026-07-28T19:55:52.969Z OK #803 /x402/housing-windsor {"property":{"address":"1607 Windsor Rd","city":"Kinston","county":"Lenoir","sta
2026-07-28T19:55:54.860Z OK #804 /x402/domain-enrich?domain=example.com {"timestamp":"2026-07-28T19:55:54.775Z","domain":"example.com","ips":["104.20.23
2026-07-28T19:55:56.402Z OK #805 /x402/market?naics=541512 {"source":"usaspending.gov/api/v2","naics":"541512","window":{"start_date":"2023
2026-07-28T19:55:57.922Z OK #806 /x402/sec-8k?ticker=AAPL {"source":"sec.gov/EDGAR","ticker":"AAPL","company":"Apple Inc.","cik":"320193",
2026-07-28T19:55:59.627Z OK #807 /x402/fx-rate?base=USD&symbols=EUR {"source":"frankfurter.dev/v2/rates","data":[{"date":"2026-07-28","base":"USD","
2026-07-28T19:56:01.319Z OK #808 /x402/fx-rate?base=USD&symbols=JPY {"source":"frankfurter.dev/v2/rates","data":[{"date":"2026-07-28","base":"USD","
2026-07-28T19:56:03.493Z OK #809 /x402/gas-tracker {"timestamp":"2026-07-28T19:56:03.408Z","chains":[{"chain":"ethereum","gas_gwei"
2026-07-28T19:56:05.528Z OK #810 /x402/web-fetch?url=https://example.com {"timestamp":"2026-07-28T19:56:05.444Z","url":"https://example.com","status":200
2026-07-28T19:56:07.673Z OK #811 /x402/news-headlines {"timestamp":"2026-07-28T19:56:07.584Z","q":"crypto OR bitcoin OR AI agents","co
2026-07-28T19:56:09.681Z OK #812 /x402/grants?keyword=ai {"source":"grants.gov/search2","total":138,"results":[{"id":"363121","number":"P
2026-07-28T19:56:11.491Z OK #813 /x402/treasury-yields {"source":"home.treasury.gov/yield-curve","month":"202607","latest":{"date":"202
2026-07-28T19:56:13.301Z OK #814 /x402/pha-lookup {"matches":[{"id":"nc-kinston-kha","name":"Kinston Housing Authority","hud_code"
2026-07-28T19:56:14.843Z OK #815 /x402/hcv-fmr {"area":"Lenoir County, NC","year":2025,"bedrooms":4,"fmr_monthly":1497,"schedul
2026-07-28T19:56:16.399Z OK #816 /x402/housing-windsor {"property":{"address":"1607 Windsor Rd","city":"Kinston","county":"Lenoir","sta
2026-07-28T19:56:18.289Z OK #817 /x402/domain-enrich?domain=example.com {"timestamp":"2026-07-28T19:56:18.200Z","domain":"example.com","ips":["172.66.14
2026-07-28T19:56:21.584Z OK #818 /x402/market?naics=541512 {"source":"usaspending.gov/api/v2","naics":"541512","window":{"start_date":"2023
2026-07-28T19:56:23.468Z OK #819 /x402/sec-8k?ticker=AAPL {"source":"sec.gov/EDGAR","ticker":"AAPL","company":"Apple Inc.","cik":"320193",
2026-07-28T19:56:25.626Z OK #820 /x402/fx-rate?base=USD&symbols=EUR {"source":"frankfurter.dev/v2/rates","data":[{"date":"2026-07-28","base":"USD","
2026-07-28T19:56:27.624Z OK #821 /x402/fx-rate?base=USD&symbols=JPY {"source":"frankfurter.dev/v2/rates","data":[{"date":"2026-07-28","base":"USD","
2026-07-28T19:56:29.761Z OK #822 /x402/gas-tracker {"timestamp":"2026-07-28T19:56:29.673Z","chains":[{"chain":"ethereum","gas_gwei"
2026-07-28T19:56:31.417Z OK #823 /x402/web-fetch?url=https://example.com {"timestamp":"2026-07-28T19:56:31.330Z","url":"https://example.com","status":200
2026-07-28T19:56:33.927Z OK #824 /x402/news-headlines {"timestamp":"2026-07-28T19:56:33.843Z","q":"crypto OR bitcoin OR AI agents","co
2026-07-28T19:56:35.884Z OK #825 /x402/grants?keyword=ai {"source":"grants.gov/search2","total":138,"results":[{"id":"363121","number":"P
2026-07-28T19:56:37.682Z OK #826 /x402/treasury-yields {"source":"home.treasury.gov/yield-curve","month":"202607","latest":{"date":"202
2026-07-28T19:56:39.551Z OK #827 /x402/pha-lookup {"matches":[{"id":"nc-kinston-kha","name":"Kinston Housing Authority","hud_code"
2026-07-28T19:56:41.376Z OK #828 /x402/hcv-fmr {"area":"Lenoir County, NC","year":2025,"bedrooms":4,"fmr_monthly":1497,"schedul
2026-07-28T19:56:42.814Z OK #829 /x402/housing-windsor {"property":{"address":"1607 Windsor Rd","city":"Kinston","county":"Lenoir","sta
2026-07-28T19:56:44.554Z OK #830 /x402/domain-enrich?domain=example.com {"timestamp":"2026-07-28T19:56:44.469Z","domain":"example.com","ips":["104.20.23
2026-07-28T19:56:48.385Z OK #831 /x402/market?naics=541512 {"source":"usaspending.gov/api/v2","naics":"541512","window":{"start_date":"2023
2026-07-28T19:56:50.074Z OK #832 /x402/sec-8k?ticker=AAPL {"source":"sec.gov/EDGAR","ticker":"AAPL","company":"Apple Inc.","cik":"320193",
2026-07-28T19:56:51.773Z OK #833 /x402/fx-rate?base=USD&symbols=EUR {"source":"frankfurter.dev/v2/rates","data":[{"date":"2026-07-28","base":"USD","
2026-07-28T19:56:53.508Z OK #834 /x402/fx-rate?base=USD&symbols=JPY {"source":"frankfurter.dev/v2/rates","data":[{"date":"2026-07-28","base":"USD","
2026-07-28T19:56:55.595Z OK #835 /x402/gas-tracker {"timestamp":"2026-07-28T19:56:55.492Z","chains":[{"chain":"ethereum","gas_gwei"
2026-07-28T19:56:57.427Z OK #836 /x402/web-fetch?url=https://example.com {"timestamp":"2026-07-28T19:56:57.323Z","url":"https://example.com","status":200
2026-07-28T19:56:59.407Z OK #837 /x402/news-headlines {"timestamp":"2026-07-28T19:56:59.312Z","q":"crypto OR bitcoin OR AI agents","co
2026-07-28T19:57:01.336Z OK #838 /x402/grants?keyword=ai {"source":"grants.gov/search2","total":138,"results":[{"id":"363121","number":"P
2026-07-28T19:57:03.042Z OK #839 /x402/treasury-yields {"source":"home.treasury.gov/yield-curve","month":"202607","latest":{"date":"202
2026-07-28T19:57:04.778Z OK #840 /x402/pha-lookup {"matches":[{"id":"nc-kinston-kha","name":"Kinston Housing Authority","hud_code"
2026-07-28T19:57:06.286Z OK #841 /x402/hcv-fmr {"area":"Lenoir County, NC","year":2025,"bedrooms":4,"fmr_monthly":1497,"schedul
2026-07-28T19:57:07.776Z OK #842 /x402/housing-windsor {"property":{"address":"1607 Windsor Rd","city":"Kinston","county":"Lenoir","sta
2026-07-28T19:57:09.520Z OK #843 /x402/domain-enrich?domain=example.com {"timestamp":"2026-07-28T19:57:09.436Z","domain":"example.com","ips":["172.66.14
2026-07-28T19:57:11.613Z OK #844 /x402/market?naics=541512 {"source":"usaspending.gov/api/v2","naics":"541512","window":{"start_date":"2023
2026-07-28T19:57:13.351Z OK #845 /x402/sec-8k?ticker=AAPL {"source":"sec.gov/EDGAR","ticker":"AAPL","company":"Apple Inc.","cik":"320193",
2026-07-28T19:57:15.256Z OK #846 /x402/fx-rate?base=USD&symbols=EUR {"source":"frankfurter.dev/v2/rates","data":[{"date":"2026-07-28","base":"USD","
2026-07-28T19:57:16.788Z OK #847 /x402/fx-rate?base=USD&symbols=JPY {"source":"frankfurter.dev/v2/rates","data":[{"date":"2026-07-28","base":"USD","
2026-07-28T19:57:18.529Z OK #848 /x402/gas-tracker {"timestamp":"2026-07-28T19:57:18.444Z","chains":[{"chain":"ethereum","gas_gwei"
2026-07-28T19:57:20.222Z OK #849 /x402/web-fetch?url=https://example.com {"timestamp":"2026-07-28T19:57:20.139Z","url":"https://example.com","status":200
2026-07-28T19:57:21.965Z OK #850 /x402/news-headlines {"timestamp":"2026-07-28T19:57:21.880Z","q":"crypto OR bitcoin OR AI agents","co
2026-07-28T19:57:23.968Z OK #851 /x402/grants?keyword=ai {"source":"grants.gov/search2","total":138,"results":[{"id":"363121","number":"P
2026-07-28T19:57:25.731Z OK #852 /x402/treasury-yields {"source":"home.treasury.gov/yield-curve","month":"202607","latest":{"date":"202
2026-07-28T19:57:27.629Z OK #853 /x402/pha-lookup {"matches":[{"id":"nc-kinston-kha","name":"Kinston Housing Authority","hud_code"
2026-07-28T19:57:29.552Z OK #854 /x402/hcv-fmr {"area":"Lenoir County, NC","year":2025,"bedrooms":4,"fmr_monthly":1497,"schedul
2026-07-28T19:57:31.477Z OK #855 /x402/housing-windsor {"property":{"address":"1607 Windsor Rd","city":"Kinston","county":"Lenoir","sta
2026-07-28T19:57:33.743Z OK #856 /x402/domain-enrich?domain=example.com {"timestamp":"2026-07-28T19:57:33.659Z","domain":"example.com","ips":["104.20.23
2026-07-28T19:57:35.743Z OK #857 /x402/market?naics=541512 {"source":"usaspending.gov/api/v2","naics":"541512","window":{"start_date":"2023
2026-07-28T19:57:37.361Z OK #858 /x402/sec-8k?ticker=AAPL {"source":"sec.gov/EDGAR","ticker":"AAPL","company":"Apple Inc.","cik":"320193",
2026-07-28T19:57:38.857Z OK #859 /x402/fx-rate?base=USD&symbols=EUR {"source":"frankfurter.dev/v2/rates","data":[{"date":"2026-07-28","base":"USD","
2026-07-28T19:57:40.439Z OK #860 /x402/fx-rate?base=USD&symbols=JPY {"source":"frankfurter.dev/v2/rates","data":[{"date":"2026-07-28","base":"USD","
2026-07-28T19:57:42.152Z OK #861 /x402/gas-tracker {"timestamp":"2026-07-28T19:57:42.065Z","chains":[{"chain":"ethereum","gas_gwei"
2026-07-28T19:57:43.711Z OK #862 /x402/web-fetch?url=https://example.com {"timestamp":"2026-07-28T19:57:43.627Z","url":"https://example.com","status":200
2026-07-28T19:57:45.799Z OK #863 /x402/news-headlines {"timestamp":"2026-07-28T19:57:45.715Z","q":"crypto OR bitcoin OR AI agents","co
2026-07-28T19:57:47.763Z OK #864 /x402/grants?keyword=ai {"source":"grants.gov/search2","total":138,"results":[{"id":"363121","number":"P
2026-07-28T19:57:49.491Z OK #865 /x402/treasury-yields {"source":"home.treasury.gov/yield-curve","month":"202607","latest":{"date":"202
2026-07-28T19:57:51.468Z OK #866 /x402/pha-lookup {"matches":[{"id":"nc-kinston-kha","name":"Kinston Housing Authority","hud_code"
2026-07-28T19:57:53.361Z OK #867 /x402/hcv-fmr {"area":"Lenoir County, NC","year":2025,"bedrooms":4,"fmr_monthly":1497,"schedul
2026-07-28T19:57:54.905Z OK #868 /x402/housing-windsor {"property":{"address":"1607 Windsor Rd","city":"Kinston","county":"Lenoir","sta
2026-07-28T19:57:56.603Z OK #869 /x402/domain-enrich?domain=example.com {"timestamp":"2026-07-28T19:57:56.498Z","domain":"example.com","ips":["172.66.14
2026-07-28T19:57:58.224Z OK #870 /x402/market?naics=541512 {"source":"usaspending.gov/api/v2","naics":"541512","window":{"start_date":"2023
2026-07-28T19:58:00.483Z OK #871 /x402/sec-8k?ticker=AAPL {"source":"sec.gov/EDGAR","ticker":"AAPL","company":"Apple Inc.","cik":"320193",
2026-07-28T19:58:01.965Z OK #872 /x402/fx-rate?base=USD&symbols=EUR {"source":"frankfurter.dev/v2/rates","data":[{"date":"2026-07-28","base":"USD","
2026-07-28T19:58:03.560Z OK #873 /x402/fx-rate?base=USD&symbols=JPY {"source":"frankfurter.dev/v2/rates","data":[{"date":"2026-07-28","base":"USD","
2026-07-28T19:58:05.619Z OK #874 /x402/gas-tracker {"timestamp":"2026-07-28T19:58:05.535Z","chains":[{"chain":"ethereum","gas_gwei"
2026-07-28T19:58:07.378Z OK #875 /x402/web-fetch?url=https://example.com {"timestamp":"2026-07-28T19:58:07.293Z","url":"https://example.com","status":200
2026-07-28T19:58:09.151Z OK #876 /x402/news-headlines {"timestamp":"2026-07-28T19:58:09.066Z","q":"crypto OR bitcoin OR AI agents","co
2026-07-28T19:58:11.131Z OK #877 /x402/grants?keyword=ai {"source":"grants.gov/search2","total":138,"results":[{"id":"363121","number":"P
2026-07-28T19:58:12.665Z OK #878 /x402/treasury-yields {"source":"home.treasury.gov/yield-curve","month":"202607","latest":{"date":"202
2026-07-28T19:58:14.983Z OK #879 /x402/pha-lookup {"matches":[{"id":"nc-kinston-kha","name":"Kinston Housing Authority","hud_code"
2026-07-28T19:58:16.481Z OK #880 /x402/hcv-fmr {"area":"Lenoir County, NC","year":2025,"bedrooms":4,"fmr_monthly":1497,"schedul
2026-07-28T19:58:18.102Z OK #881 /x402/housing-windsor {"property":{"address":"1607 Windsor Rd","city":"Kinston","county":"Lenoir","sta
2026-07-28T19:58:20.194Z OK #882 /x402/domain-enrich?domain=example.com {"timestamp":"2026-07-28T19:58:20.107Z","domain":"example.com","ips":["104.20.23
2026-07-28T19:58:21.731Z OK #883 /x402/market?naics=541512 {"source":"usaspending.gov/api/v2","naics":"541512","window":{"start_date":"2023
2026-07-28T19:58:23.398Z OK #884 /x402/sec-8k?ticker=AAPL {"source":"sec.gov/EDGAR","ticker":"AAPL","company":"Apple Inc.","cik":"320193",
2026-07-28T19:58:25.075Z OK #885 /x402/fx-rate?base=USD&symbols=EUR {"source":"frankfurter.dev/v2/rates","data":[{"date":"2026-07-28","base":"USD","
2026-07-28T19:58:26.890Z OK #886 /x402/fx-rate?base=USD&symbols=JPY {"source":"frankfurter.dev/v2/rates","data":[{"date":"2026-07-28","base":"USD","
2026-07-28T19:58:28.592Z OK #887 /x402/gas-tracker {"timestamp":"2026-07-28T19:58:28.508Z","chains":[{"chain":"ethereum","gas_gwei"
2026-07-28T19:58:30.077Z OK #888 /x402/web-fetch?url=https://example.com {"timestamp":"2026-07-28T19:58:29.993Z","url":"https://example.com","status":200
2026-07-28T19:58:31.801Z OK #889 /x402/news-headlines {"timestamp":"2026-07-28T19:58:31.694Z","q":"crypto OR bitcoin OR AI agents","co
2026-07-28T19:58:33.684Z OK #890 /x402/grants?keyword=ai {"source":"grants.gov/search2","total":138,"results":[{"id":"363121","number":"P
2026-07-28T19:58:35.574Z OK #891 /x402/treasury-yields {"source":"home.treasury.gov/yield-curve","month":"202607","latest":{"date":"202
2026-07-28T19:58:37.321Z OK #892 /x402/pha-lookup {"matches":[{"id":"nc-kinston-kha","name":"Kinston Housing Authority","hud_code"
2026-07-28T19:58:39.001Z OK #893 /x402/hcv-fmr {"area":"Lenoir County, NC","year":2025,"bedrooms":4,"fmr_monthly":1497,"schedul
2026-07-28T19:58:40.446Z OK #894 /x402/housing-windsor {"property":{"address":"1607 Windsor Rd","city":"Kinston","county":"Lenoir","sta
2026-07-28T19:58:42.175Z OK #895 /x402/domain-enrich?domain=example.com {"timestamp":"2026-07-28T19:58:42.090Z","domain":"example.com","ips":["172.66.14
2026-07-28T19:58:43.808Z OK #896 /x402/market?naics=541512 {"source":"usaspending.gov/api/v2","naics":"541512","window":{"start_date":"2023
2026-07-28T19:58:45.425Z OK #897 /x402/sec-8k?ticker=AAPL {"source":"sec.gov/EDGAR","ticker":"AAPL","company":"Apple Inc.","cik":"320193",
2026-07-28T19:58:47.121Z OK #898 /x402/fx-rate?base=USD&symbols=EUR {"source":"frankfurter.dev/v2/rates","data":[{"date":"2026-07-28","base":"USD","
2026-07-28T19:58:48.604Z OK #899 /x402/fx-rate?base=USD&symbols=JPY {"source":"frankfurter.dev/v2/rates","data":[{"date":"2026-07-28","base":"USD","
2026-07-28T19:58:50.388Z OK #900 /x402/gas-tracker {"timestamp":"2026-07-28T19:58:50.305Z","chains":[{"chain":"ethereum","gas_gwei"
2026-07-28T19:58:51.897Z OK #901 /x402/web-fetch?url=https://example.com {"timestamp":"2026-07-28T19:58:51.812Z","url":"https://example.com","status":200
2026-07-28T19:58:53.561Z OK #902 /x402/news-headlines {"timestamp":"2026-07-28T19:58:53.476Z","q":"crypto OR bitcoin OR AI agents","co
2026-07-28T19:58:55.572Z OK #903 /x402/grants?keyword=ai {"source":"grants.gov/search2","total":138,"results":[{"id":"363121","number":"P
2026-07-28T19:58:57.776Z OK #904 /x402/treasury-yields {"source":"home.treasury.gov/yield-curve","month":"202607","latest":{"date":"202
2026-07-28T19:58:59.690Z OK #905 /x402/pha-lookup {"matches":[{"id":"nc-kinston-kha","name":"Kinston Housing Authority","hud_code"
2026-07-28T19:59:01.807Z OK #906 /x402/hcv-fmr {"area":"Lenoir County, NC","year":2025,"bedrooms":4,"fmr_monthly":1497,"schedul
2026-07-28T19:59:03.365Z OK #907 /x402/housing-windsor {"property":{"address":"1607 Windsor Rd","city":"Kinston","county":"Lenoir","sta
2026-07-28T19:59:05.199Z OK #908 /x402/domain-enrich?domain=example.com {"timestamp":"2026-07-28T19:59:05.095Z","domain":"example.com","ips":["172.66.14
2026-07-28T19:59:07.004Z OK #909 /x402/market?naics=541512 {"source":"usaspending.gov/api/v2","naics":"541512","window":{"start_date":"2023
2026-07-28T19:59:08.651Z OK #910 /x402/sec-8k?ticker=AAPL {"source":"sec.gov/EDGAR","ticker":"AAPL","company":"Apple Inc.","cik":"320193",
2026-07-28T19:59:10.493Z OK #911 /x402/fx-rate?base=USD&symbols=EUR {"source":"frankfurter.dev/v2/rates","data":[{"date":"2026-07-28","base":"USD","
2026-07-28T19:59:12.166Z OK #912 /x402/fx-rate?base=USD&symbols=JPY {"source":"frankfurter.dev/v2/rates","data":[{"date":"2026-07-28","base":"USD","
2026-07-28T19:59:13.803Z OK #913 /x402/gas-tracker {"timestamp":"2026-07-28T19:59:13.700Z","chains":[{"chain":"ethereum","gas_gwei"
2026-07-28T19:59:15.458Z OK #914 /x402/web-fetch?url=https://example.com {"timestamp":"2026-07-28T19:59:15.374Z","url":"https://example.com","status":200
2026-07-28T19:59:17.868Z OK #915 /x402/news-headlines {"timestamp":"2026-07-28T19:59:17.781Z","q":"crypto OR bitcoin OR AI agents","co
2026-07-28T19:59:19.748Z OK #916 /x402/grants?keyword=ai {"source":"grants.gov/search2","total":138,"results":[{"id":"363121","number":"P
2026-07-28T19:59:21.553Z OK #917 /x402/treasury-yields {"source":"home.treasury.gov/yield-curve","month":"202607","latest":{"date":"202
2026-07-28T19:59:23.407Z OK #918 /x402/pha-lookup {"matches":[{"id":"nc-kinston-kha","name":"Kinston Housing Authority","hud_code"
2026-07-28T19:59:25.066Z OK #919 /x402/hcv-fmr {"area":"Lenoir County, NC","year":2025,"bedrooms":4,"fmr_monthly":1497,"schedul
2026-07-28T19:59:26.595Z OK #920 /x402/housing-windsor {"property":{"address":"1607 Windsor Rd","city":"Kinston","county":"Lenoir","sta
2026-07-28T19:59:28.674Z OK #921 /x402/domain-enrich?domain=example.com {"timestamp":"2026-07-28T19:59:28.589Z","domain":"example.com","ips":["104.20.23
2026-07-28T19:59:30.427Z OK #922 /x402/market?naics=541512 {"source":"usaspending.gov/api/v2","naics":"541512","window":{"start_date":"2023
2026-07-28T19:59:32.090Z OK #923 /x402/sec-8k?ticker=AAPL {"source":"sec.gov/EDGAR","ticker":"AAPL","company":"Apple Inc.","cik":"320193",
2026-07-28T19:59:33.692Z OK #924 /x402/fx-rate?base=USD&symbols=EUR {"source":"frankfurter.dev/v2/rates","data":[{"date":"2026-07-28","base":"USD","
2026-07-28T19:59:35.318Z OK #925 /x402/fx-rate?base=USD&symbols=JPY {"source":"frankfurter.dev/v2/rates","data":[{"date":"2026-07-28","base":"USD","
2026-07-28T19:59:37.311Z OK #926 /x402/gas-tracker {"timestamp":"2026-07-28T19:59:37.224Z","chains":[{"chain":"ethereum","gas_gwei"
2026-07-28T19:59:38.903Z OK #927 /x402/web-fetch?url=https://example.com {"timestamp":"2026-07-28T19:59:38.799Z","url":"https://example.com","status":200
2026-07-28T19:59:40.629Z OK #928 /x402/news-headlines {"timestamp":"2026-07-28T19:59:40.539Z","q":"crypto OR bitcoin OR AI agents","co
2026-07-28T19:59:42.665Z OK #929 /x402/grants?keyword=ai {"source":"grants.gov/search2","total":138,"results":[{"id":"363121","number":"P
2026-07-28T19:59:44.468Z OK #930 /x402/treasury-yields {"source":"home.treasury.gov/yield-curve","month":"202607","latest":{"date":"202
2026-07-28T19:59:46.077Z OK #931 /x402/pha-lookup {"matches":[{"id":"nc-kinston-kha","name":"Kinston Housing Authority","hud_code"
2026-07-28T19:59:47.621Z OK #932 /x402/hcv-fmr {"area":"Lenoir County, NC","year":2025,"bedrooms":4,"fmr_monthly":1497,"schedul
2026-07-28T19:59:49.442Z OK #933 /x402/housing-windsor {"property":{"address":"1607 Windsor Rd","city":"Kinston","county":"Lenoir","sta
2026-07-28T19:59:51.253Z OK #934 /x402/domain-enrich?domain=example.com {"timestamp":"2026-07-28T19:59:51.150Z","domain":"example.com","ips":["104.20.23
2026-07-28T19:59:53.189Z OK #935 /x402/market?naics=541512 {"source":"usaspending.gov/api/v2","naics":"541512","window":{"start_date":"2023
2026-07-28T19:59:54.907Z OK #936 /x402/sec-8k?ticker=AAPL {"source":"sec.gov/EDGAR","ticker":"AAPL","company":"Apple Inc.","cik":"320193",
2026-07-28T19:59:56.614Z OK #937 /x402/fx-rate?base=USD&symbols=EUR {"source":"frankfurter.dev/v2/rates","data":[{"date":"2026-07-28","base":"USD","
2026-07-28T19:59:58.056Z OK #938 /x402/fx-rate?base=USD&symbols=JPY {"source":"frankfurter.dev/v2/rates","data":[{"date":"2026-07-28","base":"USD","
2026-07-28T19:59:59.703Z OK #939 /x402/gas-tracker {"timestamp":"2026-07-28T19:59:59.619Z","chains":[{"chain":"ethereum","gas_gwei"
2026-07-28T20:00:01.603Z OK #940 /x402/web-fetch?url=https://example.com {"timestamp":"2026-07-28T20:00:01.517Z","url":"https://example.com","status":200
2026-07-28T20:00:04.276Z OK #941 /x402/news-headlines {"timestamp":"2026-07-28T20:00:04.192Z","q":"crypto OR bitcoin OR AI agents","co
2026-07-28T20:00:06.814Z OK #942 /x402/grants?keyword=ai {"source":"grants.gov/search2","total":138,"results":[{"id":"363121","number":"P
2026-07-28T20:00:09.037Z OK #943 /x402/treasury-yields {"source":"home.treasury.gov/yield-curve","month":"202607","latest":{"date":"202
2026-07-28T20:00:11.458Z OK #944 /x402/pha-lookup {"matches":[{"id":"nc-kinston-kha","name":"Kinston Housing Authority","hud_code"
2026-07-28T20:00:13.569Z OK #945 /x402/hcv-fmr {"area":"Lenoir County, NC","year":2025,"bedrooms":4,"fmr_monthly":1497,"schedul
2026-07-28T20:00:15.891Z OK #946 /x402/housing-windsor {"property":{"address":"1607 Windsor Rd","city":"Kinston","county":"Lenoir","sta
2026-07-28T20:00:18.525Z OK #947 /x402/domain-enrich?domain=example.com {"timestamp":"2026-07-28T20:00:18.441Z","domain":"example.com","ips":["104.20.23
2026-07-28T20:00:20.869Z OK #948 /x402/market?naics=541512 {"source":"usaspending.gov/api/v2","naics":"541512","window":{"start_date":"2023
2026-07-28T20:00:24.145Z OK #949 /x402/sec-8k?ticker=AAPL {"source":"sec.gov/EDGAR","ticker":"AAPL","company":"Apple Inc.","cik":"320193",
2026-07-28T20:00:26.430Z OK #950 /x402/fx-rate?base=USD&symbols=EUR {"source":"frankfurter.dev/v2/rates","data":[{"date":"2026-07-28","base":"USD","
2026-07-28T20:00:28.237Z OK #951 /x402/fx-rate?base=USD&symbols=JPY {"source":"frankfurter.dev/v2/rates","data":[{"date":"2026-07-28","base":"USD","
2026-07-28T20:00:30.445Z OK #952 /x402/gas-tracker {"timestamp":"2026-07-28T20:00:30.357Z","chains":[{"chain":"ethereum","gas_gwei"
2026-07-28T20:00:32.565Z OK #953 /x402/web-fetch?url=https://example.com {"timestamp":"2026-07-28T20:00:32.481Z","url":"https://example.com","status":200
2026-07-28T20:00:34.528Z OK #954 /x402/news-headlines {"timestamp":"2026-07-28T20:00:34.443Z","q":"crypto OR bitcoin OR AI agents","co
2026-07-28T20:00:37.134Z OK #955 /x402/grants?keyword=ai {"source":"grants.gov/search2","total":138,"results":[{"id":"363121","number":"P
2026-07-28T20:00:39.644Z OK #956 /x402/treasury-yields {"source":"home.treasury.gov/yield-curve","month":"202607","latest":{"date":"202
2026-07-28T20:00:41.748Z OK #957 /x402/pha-lookup {"matches":[{"id":"nc-kinston-kha","name":"Kinston Housing Authority","hud_code"
2026-07-28T20:00:43.918Z OK #958 /x402/hcv-fmr {"area":"Lenoir County, NC","year":2025,"bedrooms":4,"fmr_monthly":1497,"schedul
2026-07-28T20:00:45.749Z OK #959 /x402/housing-windsor {"property":{"address":"1607 Windsor Rd","city":"Kinston","county":"Lenoir","sta
2026-07-28T20:00:47.817Z OK #960 /x402/domain-enrich?domain=example.com {"timestamp":"2026-07-28T20:00:47.733Z","domain":"example.com","ips":["104.20.23
2026-07-28T20:00:50.290Z OK #961 /x402/market?naics=541512 {"source":"usaspending.gov/api/v2","naics":"541512","window":{"start_date":"2023
2026-07-28T20:00:52.837Z OK #962 /x402/sec-8k?ticker=AAPL {"source":"sec.gov/EDGAR","ticker":"AAPL","company":"Apple Inc.","cik":"320193",
2026-07-28T20:00:54.983Z OK #963 /x402/fx-rate?base=USD&symbols=EUR {"source":"frankfurter.dev/v2/rates","data":[{"date":"2026-07-28","base":"USD","
2026-07-28T20:00:57.396Z OK #964 /x402/fx-rate?base=USD&symbols=JPY {"source":"frankfurter.dev/v2/rates","data":[{"date":"2026-07-28","base":"USD","
2026-07-28T20:00:59.625Z OK #965 /x402/gas-tracker {"timestamp":"2026-07-28T20:00:59.541Z","chains":[{"chain":"ethereum","gas_gwei"
2026-07-28T20:01:01.792Z OK #966 /x402/web-fetch?url=https://example.com {"timestamp":"2026-07-28T20:01:01.688Z","url":"https://example.com","status":200
2026-07-28T20:01:04.133Z OK #967 /x402/news-headlines {"timestamp":"2026-07-28T20:01:04.043Z","q":"crypto OR bitcoin OR AI agents","co
2026-07-28T20:01:06.545Z OK #968 /x402/grants?keyword=ai {"source":"grants.gov/search2","total":138,"results":[{"id":"363121","number":"P
2026-07-28T20:01:08.808Z OK #969 /x402/treasury-yields {"source":"home.treasury.gov/yield-curve","month":"202607","latest":{"date":"202
2026-07-28T20:01:10.597Z OK #970 /x402/pha-lookup {"matches":[{"id":"nc-kinston-kha","name":"Kinston Housing Authority","hud_code"
2026-07-28T20:01:12.410Z OK #971 /x402/hcv-fmr {"area":"Lenoir County, NC","year":2025,"bedrooms":4,"fmr_monthly":1497,"schedul
2026-07-28T20:01:14.485Z OK #972 /x402/housing-windsor {"property":{"address":"1607 Windsor Rd","city":"Kinston","county":"Lenoir","sta
2026-07-28T20:01:16.744Z OK #973 /x402/domain-enrich?domain=example.com {"timestamp":"2026-07-28T20:01:16.658Z","domain":"example.com","ips":["172.66.14
2026-07-28T20:01:19.120Z OK #974 /x402/market?naics=541512 {"source":"usaspending.gov/api/v2","naics":"541512","window":{"start_date":"2023
2026-07-28T20:01:21.582Z OK #975 /x402/sec-8k?ticker=AAPL {"source":"sec.gov/EDGAR","ticker":"AAPL","company":"Apple Inc.","cik":"320193",
2026-07-28T20:01:23.413Z OK #976 /x402/fx-rate?base=USD&symbols=EUR {"source":"frankfurter.dev/v2/rates","data":[{"date":"2026-07-28","base":"USD","
2026-07-28T20:01:25.535Z OK #977 /x402/fx-rate?base=USD&symbols=JPY {"source":"frankfurter.dev/v2/rates","data":[{"date":"2026-07-28","base":"USD","
2026-07-28T20:01:27.731Z OK #978 /x402/gas-tracker {"timestamp":"2026-07-28T20:01:27.646Z","chains":[{"chain":"ethereum","gas_gwei"
2026-07-28T20:01:29.841Z OK #979 /x402/web-fetch?url=https://example.com {"timestamp":"2026-07-28T20:01:29.755Z","url":"https://example.com","status":200
2026-07-28T20:01:32.347Z OK #980 /x402/news-headlines {"timestamp":"2026-07-28T20:01:32.263Z","q":"crypto OR bitcoin OR AI agents","co
2026-07-28T20:01:34.875Z OK #981 /x402/grants?keyword=ai {"source":"grants.gov/search2","total":138,"results":[{"id":"363121","number":"P
2026-07-28T20:01:37.032Z OK #982 /x402/treasury-yields {"source":"home.treasury.gov/yield-curve","month":"202607","latest":{"date":"202
2026-07-28T20:01:39.471Z OK #983 /x402/pha-lookup {"matches":[{"id":"nc-kinston-kha","name":"Kinston Housing Authority","hud_code"
2026-07-28T20:01:41.863Z OK #984 /x402/hcv-fmr {"area":"Lenoir County, NC","year":2025,"bedrooms":4,"fmr_monthly":1497,"schedul
2026-07-28T20:01:43.871Z OK #985 /x402/housing-windsor {"property":{"address":"1607 Windsor Rd","city":"Kinston","county":"Lenoir","sta
2026-07-28T20:01:46.203Z OK #986 /x402/domain-enrich?domain=example.com {"timestamp":"2026-07-28T20:01:46.119Z","domain":"example.com","ips":["172.66.14
2026-07-28T20:01:50.195Z OK #987 /x402/market?naics=541512 {"source":"usaspending.gov/api/v2","naics":"541512","window":{"start_date":"2023
2026-07-28T20:01:52.398Z OK #988 /x402/sec-8k?ticker=AAPL {"source":"sec.gov/EDGAR","ticker":"AAPL","company":"Apple Inc.","cik":"320193",
2026-07-28T20:01:54.519Z OK #989 /x402/fx-rate?base=USD&symbols=EUR {"source":"frankfurter.dev/v2/rates","data":[{"date":"2026-07-28","base":"USD","
2026-07-28T20:01:56.573Z OK #990 /x402/fx-rate?base=USD&symbols=JPY {"source":"frankfurter.dev/v2/rates","data":[{"date":"2026-07-28","base":"USD","
2026-07-28T20:01:58.762Z OK #991 /x402/gas-tracker {"timestamp":"2026-07-28T20:01:58.677Z","chains":[{"chain":"ethereum","gas_gwei"
2026-07-28T20:02:00.634Z OK #992 /x402/web-fetch?url=https://example.com {"timestamp":"2026-07-28T20:02:00.530Z","url":"https://example.com","status":200
2026-07-28T20:02:03.038Z OK #993 /x402/news-headlines {"timestamp":"2026-07-28T20:02:02.953Z","q":"crypto OR bitcoin OR AI agents","co
2026-07-28T20:02:05.761Z OK #994 /x402/grants?keyword=ai {"source":"grants.gov/search2","total":138,"results":[{"id":"363121","number":"P
2026-07-28T20:02:07.947Z OK #995 /x402/treasury-yields {"source":"home.treasury.gov/yield-curve","month":"202607","latest":{"date":"202
2026-07-28T20:02:10.083Z OK #996 /x402/pha-lookup {"matches":[{"id":"nc-kinston-kha","name":"Kinston Housing Authority","hud_code"
2026-07-28T20:02:12.128Z OK #997 /x402/hcv-fmr {"area":"Lenoir County, NC","year":2025,"bedrooms":4,"fmr_monthly":1497,"schedul
2026-07-28T20:02:14.315Z OK #998 /x402/housing-windsor {"property":{"address":"1607 Windsor Rd","city":"Kinston","county":"Lenoir","sta
2026-07-28T20:02:16.776Z OK #999 /x402/domain-enrich?domain=example.com {"timestamp":"2026-07-28T20:02:16.692Z","domain":"example.com","ips":["172.66.14
2026-07-28T20:02:19.056Z OK #1000 /x402/market?naics=541512 {"source":"usaspending.gov/api/v2","naics":"541512","window":{"start_date":"2023
2026-07-28T20:02:21.479Z OK #1001 /x402/sec-8k?ticker=AAPL {"source":"sec.gov/EDGAR","ticker":"AAPL","company":"Apple Inc.","cik":"320193",
2026-07-28T20:02:23.520Z OK #1002 /x402/fx-rate?base=USD&symbols=EUR {"source":"frankfurter.dev/v2/rates","data":[{"date":"2026-07-28","base":"USD","
2026-07-28T20:02:25.889Z OK #1003 /x402/fx-rate?base=USD&symbols=JPY {"source":"frankfurter.dev/v2/rates","data":[{"date":"2026-07-28","base":"USD","
2026-07-28T20:02:28.189Z OK #1004 /x402/gas-tracker {"timestamp":"2026-07-28T20:02:28.105Z","chains":[{"chain":"ethereum","gas_gwei"
2026-07-28T20:02:30.506Z OK #1005 /x402/web-fetch?url=https://example.com {"timestamp":"2026-07-28T20:02:30.421Z","url":"https://example.com","status":200
2026-07-28T20:02:32.633Z OK #1006 /x402/news-headlines {"timestamp":"2026-07-28T20:02:32.548Z","q":"crypto OR bitcoin OR AI agents","co
2026-07-28T20:02:35.031Z OK #1007 /x402/grants?keyword=ai {"source":"grants.gov/search2","total":138,"results":[{"id":"363121","number":"P
2026-07-28T20:02:37.507Z OK #1008 /x402/treasury-yields {"source":"home.treasury.gov/yield-curve","month":"202607","latest":{"date":"202
2026-07-28T20:02:39.315Z OK #1009 /x402/pha-lookup {"matches":[{"id":"nc-kinston-kha","name":"Kinston Housing Authority","hud_code"
2026-07-28T20:02:41.453Z OK #1010 /x402/hcv-fmr {"area":"Lenoir County, NC","year":2025,"bedrooms":4,"fmr_monthly":1497,"schedul
2026-07-28T20:02:43.481Z OK #1011 /x402/housing-windsor {"property":{"address":"1607 Windsor Rd","city":"Kinston","county":"Lenoir","sta
2026-07-28T20:02:45.548Z OK #1012 /x402/domain-enrich?domain=example.com {"timestamp":"2026-07-28T20:02:45.463Z","domain":"example.com","ips":["172.66.14
2026-07-28T20:02:47.899Z OK #1013 /x402/market?naics=541512 {"source":"usaspending.gov/api/v2","naics":"541512","window":{"start_date":"2023
2026-07-28T20:02:49.987Z OK #1014 /x402/sec-8k?ticker=AAPL {"source":"sec.gov/EDGAR","ticker":"AAPL","company":"Apple Inc.","cik":"320193",
2026-07-28T20:02:52.406Z OK #1015 /x402/fx-rate?base=USD&symbols=EUR {"source":"frankfurter.dev/v2/rates","data":[{"date":"2026-07-28","base":"USD","
2026-07-28T20:02:54.572Z OK #1016 /x402/fx-rate?base=USD&symbols=JPY {"source":"frankfurter.dev/v2/rates","data":[{"date":"2026-07-28","base":"USD","
2026-07-28T20:02:56.744Z OK #1017 /x402/gas-tracker {"timestamp":"2026-07-28T20:02:56.660Z","chains":[{"chain":"ethereum","gas_gwei"
2026-07-28T20:02:58.829Z OK #1018 /x402/web-fetch?url=https://example.com {"timestamp":"2026-07-28T20:02:58.744Z","url":"https://example.com","status":200
2026-07-28T20:03:01.046Z OK #1019 /x402/news-headlines {"timestamp":"2026-07-28T20:03:00.960Z","q":"crypto OR bitcoin OR AI agents","co
2026-07-28T20:03:03.916Z OK #1020 /x402/grants?keyword=ai {"source":"grants.gov/search2","total":138,"results":[{"id":"363121","number":"P
2026-07-28T20:03:05.797Z OK #1021 /x402/treasury-yields {"source":"home.treasury.gov/yield-curve","month":"202607","latest":{"date":"202
2026-07-28T20:03:07.833Z OK #1022 /x402/pha-lookup {"matches":[{"id":"nc-kinston-kha","name":"Kinston Housing Authority","hud_code"
2026-07-28T20:03:09.971Z OK #1023 /x402/hcv-fmr {"area":"Lenoir County, NC","year":2025,"bedrooms":4,"fmr_monthly":1497,"schedul
2026-07-28T20:03:12.092Z OK #1024 /x402/housing-windsor {"property":{"address":"1607 Windsor Rd","city":"Kinston","county":"Lenoir","sta
2026-07-28T20:03:14.405Z OK #1025 /x402/domain-enrich?domain=example.com {"timestamp":"2026-07-28T20:03:14.320Z","domain":"example.com","ips":["104.20.23
2026-07-28T20:03:16.852Z OK #1026 /x402/market?naics=541512 {"source":"usaspending.gov/api/v2","naics":"541512","window":{"start_date":"2023
2026-07-28T20:03:19.578Z OK #1027 /x402/sec-8k?ticker=AAPL {"source":"sec.gov/EDGAR","ticker":"AAPL","company":"Apple Inc.","cik":"320193",
2026-07-28T20:03:21.677Z OK #1028 /x402/fx-rate?base=USD&symbols=EUR {"source":"frankfurter.dev/v2/rates","data":[{"date":"2026-07-28","base":"USD","
2026-07-28T20:03:23.732Z OK #1029 /x402/fx-rate?base=USD&symbols=JPY {"source":"frankfurter.dev/v2/rates","data":[{"date":"2026-07-28","base":"USD","
2026-07-28T20:03:25.857Z OK #1030 /x402/gas-tracker {"timestamp":"2026-07-28T20:03:25.773Z","chains":[{"chain":"ethereum","gas_gwei"
2026-07-28T20:03:27.962Z OK #1031 /x402/web-fetch?url=https://example.com {"timestamp":"2026-07-28T20:03:27.877Z","url":"https://example.com","status":200
2026-07-28T20:03:29.834Z OK #1032 /x402/news-headlines {"timestamp":"2026-07-28T20:03:29.727Z","q":"crypto OR bitcoin OR AI agents","co
2026-07-28T20:03:32.174Z OK #1033 /x402/grants?keyword=ai {"source":"grants.gov/search2","total":138,"results":[{"id":"363121","number":"P
2026-07-28T20:03:34.334Z OK #1034 /x402/treasury-yields {"source":"home.treasury.gov/yield-curve","month":"202607","latest":{"date":"202
2026-07-28T20:03:36.057Z OK #1035 /x402/pha-lookup {"matches":[{"id":"nc-kinston-kha","name":"Kinston Housing Authority","hud_code"
2026-07-28T20:03:38.126Z OK #1036 /x402/hcv-fmr {"area":"Lenoir County, NC","year":2025,"bedrooms":4,"fmr_monthly":1497,"schedul
2026-07-28T20:03:40.447Z OK #1037 /x402/housing-windsor {"property":{"address":"1607 Windsor Rd","city":"Kinston","county":"Lenoir","sta
2026-07-28T20:03:42.435Z OK #1038 /x402/domain-enrich?domain=example.com {"timestamp":"2026-07-28T20:03:42.350Z","domain":"example.com","ips":["172.66.14
2026-07-28T20:03:44.838Z OK #1039 /x402/market?naics=541512 {"source":"usaspending.gov/api/v2","naics":"541512","window":{"start_date":"2023
2026-07-28T20:03:47.039Z OK #1040 /x402/sec-8k?ticker=AAPL {"source":"sec.gov/EDGAR","ticker":"AAPL","company":"Apple Inc.","cik":"320193",
2026-07-28T20:03:49.895Z OK #1041 /x402/fx-rate?base=USD&symbols=EUR {"source":"frankfurter.dev/v2/rates","data":[{"date":"2026-07-28","base":"USD","
2026-07-28T20:03:52.023Z OK #1042 /x402/fx-rate?base=USD&symbols=JPY {"source":"frankfurter.dev/v2/rates","data":[{"date":"2026-07-28","base":"USD","
2026-07-28T20:03:54.295Z OK #1043 /x402/gas-tracker {"timestamp":"2026-07-28T20:03:54.183Z","chains":[{"chain":"ethereum","gas_gwei"
2026-07-28T20:03:56.443Z OK #1044 /x402/web-fetch?url=https://example.com {"timestamp":"2026-07-28T20:03:56.357Z","url":"https://example.com","status":200
2026-07-28T20:03:58.712Z OK #1045 /x402/news-headlines {"timestamp":"2026-07-28T20:03:58.625Z","q":"crypto OR bitcoin OR AI agents","co
2026-07-28T20:04:01.075Z OK #1046 /x402/grants?keyword=ai {"source":"grants.gov/search2","total":138,"results":[{"id":"363121","number":"P
2026-07-28T20:04:03.592Z OK #1047 /x402/treasury-yields {"source":"home.treasury.gov/yield-curve","month":"202607","latest":{"date":"202
2026-07-28T20:04:06.093Z OK #1048 /x402/pha-lookup {"matches":[{"id":"nc-kinston-kha","name":"Kinston Housing Authority","hud_code"
2026-07-28T20:04:08.215Z OK #1049 /x402/hcv-fmr {"area":"Lenoir County, NC","year":2025,"bedrooms":4,"fmr_monthly":1497,"schedul
2026-07-28T20:04:10.318Z OK #1050 /x402/housing-windsor {"property":{"address":"1607 Windsor Rd","city":"Kinston","county":"Lenoir","sta
2026-07-28T20:04:12.639Z OK #1051 /x402/domain-enrich?domain=example.com {"timestamp":"2026-07-28T20:04:12.554Z","domain":"example.com","ips":["104.20.23
2026-07-28T20:04:14.636Z OK #1052 /x402/market?naics=541512 {"source":"usaspending.gov/api/v2","naics":"541512","window":{"start_date":"2023
2026-07-28T20:04:16.884Z OK #1053 /x402/sec-8k?ticker=AAPL {"source":"sec.gov/EDGAR","ticker":"AAPL","company":"Apple Inc.","cik":"320193",
2026-07-28T20:04:19.016Z OK #1054 /x402/fx-rate?base=USD&symbols=EUR {"source":"frankfurter.dev/v2/rates","data":[{"date":"2026-07-28","base":"USD","
2026-07-28T20:04:21.387Z OK #1055 /x402/fx-rate?base=USD&symbols=JPY {"source":"frankfurter.dev/v2/rates","data":[{"date":"2026-07-28","base":"USD","
2026-07-28T20:04:23.544Z OK #1056 /x402/gas-tracker {"timestamp":"2026-07-28T20:04:23.458Z","chains":[{"chain":"ethereum","gas_gwei"
2026-07-28T20:04:26.126Z OK #1057 /x402/web-fetch?url=https://example.com {"timestamp":"2026-07-28T20:04:26.042Z","url":"https://example.com","status":200
2026-07-28T20:04:28.009Z OK #1058 /x402/news-headlines {"timestamp":"2026-07-28T20:04:27.922Z","q":"crypto OR bitcoin OR AI agents","co
2026-07-28T20:04:30.735Z OK #1059 /x402/grants?keyword=ai {"source":"grants.gov/search2","total":138,"results":[{"id":"363121","number":"P
2026-07-28T20:04:33.569Z OK #1060 /x402/treasury-yields {"source":"home.treasury.gov/yield-curve","month":"202607","latest":{"date":"202
2026-07-28T20:04:35.631Z OK #1061 /x402/pha-lookup {"matches":[{"id":"nc-kinston-kha","name":"Kinston Housing Authority","hud_code"
2026-07-28T20:04:37.743Z OK #1062 /x402/hcv-fmr {"area":"Lenoir County, NC","year":2025,"bedrooms":4,"fmr_monthly":1497,"schedul
2026-07-28T20:04:39.742Z OK #1063 /x402/housing-windsor {"property":{"address":"1607 Windsor Rd","city":"Kinston","county":"Lenoir","sta
2026-07-28T20:04:42.164Z OK #1064 /x402/domain-enrich?domain=example.com {"timestamp":"2026-07-28T20:04:42.079Z","domain":"example.com","ips":["172.66.14
2026-07-28T20:04:44.529Z OK #1065 /x402/market?naics=541512 {"source":"usaspending.gov/api/v2","naics":"541512","window":{"start_date":"2023
2026-07-28T20:04:46.663Z OK #1066 /x402/sec-8k?ticker=AAPL {"source":"sec.gov/EDGAR","ticker":"AAPL","company":"Apple Inc.","cik":"320193",
2026-07-28T20:04:48.781Z OK #1067 /x402/fx-rate?base=USD&symbols=EUR {"source":"frankfurter.dev/v2/rates","data":[{"date":"2026-07-28","base":"USD","
2026-07-28T20:04:50.885Z OK #1068 /x402/fx-rate?base=USD&symbols=JPY {"source":"frankfurter.dev/v2/rates","data":[{"date":"2026-07-28","base":"USD","
2026-07-28T20:04:53.981Z OK #1069 /x402/gas-tracker {"timestamp":"2026-07-28T20:04:53.897Z","chains":[{"chain":"ethereum","gas_gwei"
2026-07-28T20:04:56.082Z OK #1070 /x402/web-fetch?url=https://example.com {"timestamp":"2026-07-28T20:04:55.997Z","url":"https://example.com","status":200
2026-07-28T20:04:58.251Z OK #1071 /x402/news-headlines {"timestamp":"2026-07-28T20:04:58.165Z","q":"crypto OR bitcoin OR AI agents","co
2026-07-28T20:05:00.490Z OK #1072 /x402/grants?keyword=ai {"source":"grants.gov/search2","total":138,"results":[{"id":"363121","number":"P
2026-07-28T20:05:02.659Z OK #1073 /x402/treasury-yields {"source":"home.treasury.gov/yield-curve","month":"202607","latest":{"date":"202
2026-07-28T20:05:04.593Z OK #1074 /x402/pha-lookup {"matches":[{"id":"nc-kinston-kha","name":"Kinston Housing Authority","hud_code"
2026-07-28T20:05:06.891Z OK #1075 /x402/hcv-fmr {"area":"Lenoir County, NC","year":2025,"bedrooms":4,"fmr_monthly":1497,"schedul
2026-07-28T20:05:08.972Z OK #1076 /x402/housing-windsor {"property":{"address":"1607 Windsor Rd","city":"Kinston","county":"Lenoir","sta
2026-07-28T20:05:11.784Z OK #1077 /x402/domain-enrich?domain=example.com {"timestamp":"2026-07-28T20:05:11.699Z","domain":"example.com","ips":["104.20.23
2026-07-28T20:05:14.192Z OK #1078 /x402/market?naics=541512 {"source":"usaspending.gov/api/v2","naics":"541512","window":{"start_date":"2023
2026-07-28T20:05:16.139Z OK #1079 /x402/sec-8k?ticker=AAPL {"source":"sec.gov/EDGAR","ticker":"AAPL","company":"Apple Inc.","cik":"320193",
2026-07-28T20:05:17.989Z OK #1080 /x402/fx-rate?base=USD&symbols=EUR {"source":"frankfurter.dev/v2/rates","data":[{"date":"2026-07-28","base":"USD","
2026-07-28T20:05:20.171Z OK #1081 /x402/fx-rate?base=USD&symbols=JPY {"source":"frankfurter.dev/v2/rates","data":[{"date":"2026-07-28","base":"USD","
2026-07-28T20:05:22.424Z OK #1082 /x402/gas-tracker {"timestamp":"2026-07-28T20:05:22.339Z","chains":[{"chain":"ethereum","gas_gwei"
2026-07-28T20:05:24.246Z OK #1083 /x402/web-fetch?url=https://example.com {"timestamp":"2026-07-28T20:05:24.162Z","url":"https://example.com","status":200
2026-07-28T20:05:26.386Z OK #1084 /x402/news-headlines {"timestamp":"2026-07-28T20:05:26.299Z","q":"crypto OR bitcoin OR AI agents","co
2026-07-28T20:05:28.758Z OK #1085 /x402/grants?keyword=ai {"source":"grants.gov/search2","total":138,"results":[{"id":"363121","number":"P
2026-07-28T20:05:30.962Z OK #1086 /x402/treasury-yields {"source":"home.treasury.gov/yield-curve","month":"202607","latest":{"date":"202
2026-07-28T20:05:33.361Z OK #1087 /x402/pha-lookup {"matches":[{"id":"nc-kinston-kha","name":"Kinston Housing Authority","hud_code"
2026-07-28T20:05:35.488Z OK #1088 /x402/hcv-fmr {"area":"Lenoir County, NC","year":2025,"bedrooms":4,"fmr_monthly":1497,"schedul
2026-07-28T20:05:37.404Z OK #1089 /x402/housing-windsor {"property":{"address":"1607 Windsor Rd","city":"Kinston","county":"Lenoir","sta
2026-07-28T20:05:39.828Z OK #1090 /x402/domain-enrich?domain=example.com {"timestamp":"2026-07-28T20:05:39.743Z","domain":"example.com","ips":["172.66.14
2026-07-28T20:05:42.068Z OK #1091 /x402/market?naics=541512 {"source":"usaspending.gov/api/v2","naics":"541512","window":{"start_date":"2023
2026-07-28T20:05:43.911Z OK #1092 /x402/sec-8k?ticker=AAPL {"source":"sec.gov/EDGAR","ticker":"AAPL","company":"Apple Inc.","cik":"320193",
2026-07-28T20:05:45.748Z OK #1093 /x402/fx-rate?base=USD&symbols=EUR {"source":"frankfurter.dev/v2/rates","data":[{"date":"2026-07-28","base":"USD","
2026-07-28T20:05:47.912Z OK #1094 /x402/fx-rate?base=USD&symbols=JPY {"source":"frankfurter.dev/v2/rates","data":[{"date":"2026-07-28","base":"USD","
2026-07-28T20:05:49.870Z OK #1095 /x402/gas-tracker {"timestamp":"2026-07-28T20:05:49.765Z","chains":[{"chain":"ethereum","gas_gwei"
2026-07-28T20:05:51.762Z OK #1096 /x402/web-fetch?url=https://example.com {"timestamp":"2026-07-28T20:05:51.673Z","url":"https://example.com","status":200
2026-07-28T20:05:54.420Z OK #1097 /x402/news-headlines {"timestamp":"2026-07-28T20:05:54.329Z","q":"crypto OR bitcoin OR AI agents","co
2026-07-28T20:05:56.919Z OK #1098 /x402/grants?keyword=ai {"source":"grants.gov/search2","total":138,"results":[{"id":"363121","number":"P
2026-07-28T20:05:59.059Z OK #1099 /x402/treasury-yields {"source":"home.treasury.gov/yield-curve","month":"202607","latest":{"date":"202
2026-07-28T20:06:01.457Z OK #1100 /x402/pha-lookup {"matches":[{"id":"nc-kinston-kha","name":"Kinston Housing Authority","hud_code"
2026-07-28T20:06:03.753Z OK #1101 /x402/hcv-fmr {"area":"Lenoir County, NC","year":2025,"bedrooms":4,"fmr_monthly":1497,"schedul
2026-07-28T20:06:05.899Z OK #1102 /x402/housing-windsor {"property":{"address":"1607 Windsor Rd","city":"Kinston","county":"Lenoir","sta
2026-07-28T20:06:08.261Z OK #1103 /x402/domain-enrich?domain=example.com {"timestamp":"2026-07-28T20:06:08.176Z","domain":"example.com","ips":["104.20.23
2026-07-28T20:06:10.717Z OK #1104 /x402/market?naics=541512 {"source":"usaspending.gov/api/v2","naics":"541512","window":{"start_date":"2023
2026-07-28T20:06:12.685Z OK #1105 /x402/sec-8k?ticker=AAPL {"source":"sec.gov/EDGAR","ticker":"AAPL","company":"Apple Inc.","cik":"320193",
2026-07-28T20:06:14.797Z OK #1106 /x402/fx-rate?base=USD&symbols=EUR {"source":"frankfurter.dev/v2/rates","data":[{"date":"2026-07-28","base":"USD","
2026-07-28T20:06:17.008Z OK #1107 /x402/fx-rate?base=USD&symbols=JPY {"source":"frankfurter.dev/v2/rates","data":[{"date":"2026-07-28","base":"USD","
2026-07-28T20:06:19.565Z OK #1108 /x402/gas-tracker {"timestamp":"2026-07-28T20:06:19.480Z","chains":[{"chain":"ethereum","gas_gwei"
2026-07-28T20:06:22.099Z OK #1109 /x402/web-fetch?url=https://example.com {"timestamp":"2026-07-28T20:06:22.014Z","url":"https://example.com","status":200
2026-07-28T20:06:25.180Z OK #1110 /x402/news-headlines {"timestamp":"2026-07-28T20:06:25.095Z","q":"crypto OR bitcoin OR AI agents","co
2026-07-28T20:06:27.946Z OK #1111 /x402/grants?keyword=ai {"source":"grants.gov/search2","total":138,"results":[{"id":"363121","number":"P
2026-07-28T20:06:30.331Z OK #1112 /x402/treasury-yields {"source":"home.treasury.gov/yield-curve","month":"202607","latest":{"date":"202
2026-07-28T20:06:32.500Z OK #1113 /x402/pha-lookup {"matches":[{"id":"nc-kinston-kha","name":"Kinston Housing Authority","hud_code"
2026-07-28T20:06:34.627Z OK #1114 /x402/hcv-fmr {"area":"Lenoir County, NC","year":2025,"bedrooms":4,"fmr_monthly":1497,"schedul
2026-07-28T20:06:36.776Z OK #1115 /x402/housing-windsor {"property":{"address":"1607 Windsor Rd","city":"Kinston","county":"Lenoir","sta
2026-07-28T20:06:39.349Z OK #1116 /x402/domain-enrich?domain=example.com {"timestamp":"2026-07-28T20:06:39.263Z","domain":"example.com","ips":["104.20.23
2026-07-28T20:06:41.712Z OK #1117 /x402/market?naics=541512 {"source":"usaspending.gov/api/v2","naics":"541512","window":{"start_date":"2023
2026-07-28T20:06:43.854Z OK #1118 /x402/sec-8k?ticker=AAPL {"source":"sec.gov/EDGAR","ticker":"AAPL","company":"Apple Inc.","cik":"320193",
2026-07-28T20:06:46.038Z OK #1119 /x402/fx-rate?base=USD&symbols=EUR {"source":"frankfurter.dev/v2/rates","data":[{"date":"2026-07-28","base":"USD","
2026-07-28T20:06:48.466Z OK #1120 /x402/fx-rate?base=USD&symbols=JPY {"source":"frankfurter.dev/v2/rates","data":[{"date":"2026-07-28","base":"USD","
2026-07-28T20:06:50.700Z OK #1121 /x402/gas-tracker {"timestamp":"2026-07-28T20:06:50.615Z","chains":[{"chain":"ethereum","gas_gwei"
2026-07-28T20:06:52.886Z OK #1122 /x402/web-fetch?url=https://example.com {"timestamp":"2026-07-28T20:06:52.801Z","url":"https://example.com","status":200
2026-07-28T20:06:55.522Z OK #1123 /x402/news-headlines {"timestamp":"2026-07-28T20:06:55.410Z","q":"crypto OR bitcoin OR AI agents","co
2026-07-28T20:06:57.723Z OK #1124 /x402/grants?keyword=ai {"source":"grants.gov/search2","total":138,"results":[{"id":"363121","number":"P
2026-07-28T20:06:59.631Z OK #1125 /x402/treasury-yields {"source":"home.treasury.gov/yield-curve","month":"202607","latest":{"date":"202
2026-07-28T20:07:01.775Z OK #1126 /x402/pha-lookup {"matches":[{"id":"nc-kinston-kha","name":"Kinston Housing Authority","hud_code"
2026-07-28T20:07:03.588Z OK #1127 /x402/hcv-fmr {"area":"Lenoir County, NC","year":2025,"bedrooms":4,"fmr_monthly":1497,"schedul
2026-07-28T20:07:05.976Z OK #1128 /x402/housing-windsor {"property":{"address":"1607 Windsor Rd","city":"Kinston","county":"Lenoir","sta
2026-07-28T20:07:08.134Z OK #1129 /x402/domain-enrich?domain=example.com {"timestamp":"2026-07-28T20:07:08.050Z","domain":"example.com","ips":["104.20.23
2026-07-28T20:07:10.505Z OK #1130 /x402/market?naics=541512 {"source":"usaspending.gov/api/v2","naics":"541512","window":{"start_date":"2023
2026-07-28T20:07:12.673Z OK #1131 /x402/sec-8k?ticker=AAPL {"source":"sec.gov/EDGAR","ticker":"AAPL","company":"Apple Inc.","cik":"320193",
2026-07-28T20:07:14.866Z OK #1132 /x402/fx-rate?base=USD&symbols=EUR {"source":"frankfurter.dev/v2/rates","data":[{"date":"2026-07-28","base":"USD","
2026-07-28T20:07:16.773Z OK #1133 /x402/fx-rate?base=USD&symbols=JPY {"source":"frankfurter.dev/v2/rates","data":[{"date":"2026-07-28","base":"USD","
2026-07-28T20:07:19.063Z OK #1134 /x402/gas-tracker {"timestamp":"2026-07-28T20:07:18.978Z","chains":[{"chain":"ethereum","gas_gwei"
2026-07-28T20:07:21.490Z OK #1135 /x402/web-fetch?url=https://example.com {"timestamp":"2026-07-28T20:07:21.405Z","url":"https://example.com","status":200
2026-07-28T20:07:23.486Z OK #1136 /x402/news-headlines {"timestamp":"2026-07-28T20:07:23.400Z","q":"crypto OR bitcoin OR AI agents","co
2026-07-28T20:07:25.879Z OK #1137 /x402/grants?keyword=ai {"source":"grants.gov/search2","total":138,"results":[{"id":"363121","number":"P
2026-07-28T20:07:27.783Z OK #1138 /x402/treasury-yields {"source":"home.treasury.gov/yield-curve","month":"202607","latest":{"date":"202
2026-07-28T20:07:30.017Z OK #1139 /x402/pha-lookup {"matches":[{"id":"nc-kinston-kha","name":"Kinston Housing Authority","hud_code"
2026-07-28T20:07:32.289Z OK #1140 /x402/hcv-fmr {"area":"Lenoir County, NC","year":2025,"bedrooms":4,"fmr_monthly":1497,"schedul
2026-07-28T20:07:34.509Z OK #1141 /x402/housing-windsor {"property":{"address":"1607 Windsor Rd","city":"Kinston","county":"Lenoir","sta
2026-07-28T20:07:36.862Z OK #1142 /x402/domain-enrich?domain=example.com {"timestamp":"2026-07-28T20:07:36.777Z","domain":"example.com","ips":["172.66.14
2026-07-28T20:07:39.207Z OK #1143 /x402/market?naics=541512 {"source":"usaspending.gov/api/v2","naics":"541512","window":{"start_date":"2023
2026-07-28T20:07:41.768Z OK #1144 /x402/sec-8k?ticker=AAPL {"source":"sec.gov/EDGAR","ticker":"AAPL","company":"Apple Inc.","cik":"320193",
2026-07-28T20:07:43.892Z OK #1145 /x402/fx-rate?base=USD&symbols=EUR {"source":"frankfurter.dev/v2/rates","data":[{"date":"2026-07-28","base":"USD","
2026-07-28T20:07:45.902Z OK #1146 /x402/fx-rate?base=USD&symbols=JPY {"source":"frankfurter.dev/v2/rates","data":[{"date":"2026-07-28","base":"USD","
2026-07-28T20:07:47.813Z OK #1147 /x402/gas-tracker {"timestamp":"2026-07-28T20:07:47.727Z","chains":[{"chain":"ethereum","gas_gwei"
2026-07-28T20:07:49.949Z OK #1148 /x402/web-fetch?url=https://example.com {"timestamp":"2026-07-28T20:07:49.864Z","url":"https://example.com","status":200
2026-07-28T20:07:52.500Z OK #1149 /x402/news-headlines {"timestamp":"2026-07-28T20:07:52.415Z","q":"crypto OR bitcoin OR AI agents","co
2026-07-28T20:07:54.841Z OK #1150 /x402/grants?keyword=ai {"source":"grants.gov/search2","total":138,"results":[{"id":"363121","number":"P
2026-07-28T20:07:56.791Z OK #1151 /x402/treasury-yields {"source":"home.treasury.gov/yield-curve","month":"202607","latest":{"date":"202
2026-07-28T20:07:58.580Z OK #1152 /x402/pha-lookup {"matches":[{"id":"nc-kinston-kha","name":"Kinston Housing Authority","hud_code"
2026-07-28T20:08:00.391Z OK #1153 /x402/hcv-fmr {"area":"Lenoir County, NC","year":2025,"bedrooms":4,"fmr_monthly":1497,"schedul
2026-07-28T20:08:02.661Z OK #1154 /x402/housing-windsor {"property":{"address":"1607 Windsor Rd","city":"Kinston","county":"Lenoir","sta
2026-07-28T20:08:05.002Z OK #1155 /x402/domain-enrich?domain=example.com {"timestamp":"2026-07-28T20:08:04.917Z","domain":"example.com","ips":["172.66.14
2026-07-28T20:08:07.731Z OK #1156 /x402/market?naics=541512 {"source":"usaspending.gov/api/v2","naics":"541512","window":{"start_date":"2023
2026-07-28T20:08:09.992Z OK #1157 /x402/sec-8k?ticker=AAPL {"source":"sec.gov/EDGAR","ticker":"AAPL","company":"Apple Inc.","cik":"320193",
2026-07-28T20:08:12.219Z OK #1158 /x402/fx-rate?base=USD&symbols=EUR {"source":"frankfurter.dev/v2/rates","data":[{"date":"2026-07-28","base":"USD","
2026-07-28T20:08:14.434Z OK #1159 /x402/fx-rate?base=USD&symbols=JPY {"source":"frankfurter.dev/v2/rates","data":[{"date":"2026-07-28","base":"USD","
2026-07-28T20:08:16.734Z OK #1160 /x402/gas-tracker {"timestamp":"2026-07-28T20:08:16.631Z","chains":[{"chain":"ethereum","gas_gwei"
2026-07-28T20:08:18.963Z OK #1161 /x402/web-fetch?url=https://example.com {"timestamp":"2026-07-28T20:08:18.879Z","url":"https://example.com","status":200
2026-07-28T20:08:21.902Z OK #1162 /x402/news-headlines {"timestamp":"2026-07-28T20:08:21.816Z","q":"crypto OR bitcoin OR AI agents","co
2026-07-28T20:08:24.543Z OK #1163 /x402/grants?keyword=ai {"source":"grants.gov/search2","total":138,"results":[{"id":"363121","number":"P
2026-07-28T20:08:26.508Z OK #1164 /x402/treasury-yields {"source":"home.treasury.gov/yield-curve","month":"202607","latest":{"date":"202
2026-07-28T20:08:28.647Z OK #1165 /x402/pha-lookup {"matches":[{"id":"nc-kinston-kha","name":"Kinston Housing Authority","hud_code"
2026-07-28T20:08:32.065Z OK #1166 /x402/hcv-fmr {"area":"Lenoir County, NC","year":2025,"bedrooms":4,"fmr_monthly":1497,"schedul
2026-07-28T20:08:34.418Z FAIL 402 /x402/housing-windsor {"x402Version":2,"error":"payment_unsettled","resource":{"url":"https://mcp-x402.onrender.com/x402/housing-windsor","description":"Kinston NC 4BR landlord bundle: PHA contacts, FY2
2026-07-28T20:08:37.922Z OK #1167 /x402/domain-enrich?domain=example.com {"timestamp":"2026-07-28T20:08:37.836Z","domain":"example.com","ips":["172.66.14
2026-07-28T20:08:40.295Z OK #1168 /x402/market?naics=541512 {"source":"usaspending.gov/api/v2","naics":"541512","window":{"start_date":"2023
2026-07-28T20:08:42.497Z OK #1169 /x402/sec-8k?ticker=AAPL {"source":"sec.gov/EDGAR","ticker":"AAPL","company":"Apple Inc.","cik":"320193",
2026-07-28T20:08:44.628Z OK #1170 /x402/fx-rate?base=USD&symbols=EUR {"source":"frankfurter.dev/v2/rates","data":[{"date":"2026-07-28","base":"USD","
2026-07-28T20:08:46.757Z OK #1171 /x402/fx-rate?base=USD&symbols=JPY {"source":"frankfurter.dev/v2/rates","data":[{"date":"2026-07-28","base":"USD","
2026-07-28T20:08:48.693Z OK #1172 /x402/gas-tracker {"timestamp":"2026-07-28T20:08:48.608Z","chains":[{"chain":"ethereum","gas_gwei"
2026-07-28T20:08:50.868Z OK #1173 /x402/web-fetch?url=https://example.com {"timestamp":"2026-07-28T20:08:50.783Z","url":"https://example.com","status":200
2026-07-28T20:08:53.256Z OK #1174 /x402/news-headlines {"timestamp":"2026-07-28T20:08:53.158Z","q":"crypto OR bitcoin OR AI agents","co
2026-07-28T20:08:55.845Z OK #1175 /x402/grants?keyword=ai {"source":"grants.gov/search2","total":138,"results":[{"id":"363121","number":"P
2026-07-28T20:08:57.767Z OK #1176 /x402/treasury-yields {"source":"home.treasury.gov/yield-curve","month":"202607","latest":{"date":"202
2026-07-28T20:08:59.938Z OK #1177 /x402/pha-lookup {"matches":[{"id":"nc-kinston-kha","name":"Kinston Housing Authority","hud_code"
2026-07-28T20:09:02.116Z OK #1178 /x402/hcv-fmr {"area":"Lenoir County, NC","year":2025,"bedrooms":4,"fmr_monthly":1497,"schedul
2026-07-28T20:09:04.290Z OK #1179 /x402/housing-windsor {"property":{"address":"1607 Windsor Rd","city":"Kinston","county":"Lenoir","sta
2026-07-28T20:09:06.833Z OK #1180 /x402/domain-enrich?domain=example.com {"timestamp":"2026-07-28T20:09:06.748Z","domain":"example.com","ips":["104.20.23
2026-07-28T20:09:09.000Z OK #1181 /x402/market?naics=541512 {"source":"usaspending.gov/api/v2","naics":"541512","window":{"start_date":"2023
2026-07-28T20:09:11.542Z OK #1182 /x402/sec-8k?ticker=AAPL {"source":"sec.gov/EDGAR","ticker":"AAPL","company":"Apple Inc.","cik":"320193",
2026-07-28T20:09:13.437Z OK #1183 /x402/fx-rate?base=USD&symbols=EUR {"source":"frankfurter.dev/v2/rates","data":[{"date":"2026-07-28","base":"USD","
2026-07-28T20:09:15.574Z OK #1184 /x402/fx-rate?base=USD&symbols=JPY {"source":"frankfurter.dev/v2/rates","data":[{"date":"2026-07-28","base":"USD","
2026-07-28T20:09:17.909Z OK #1185 /x402/gas-tracker {"timestamp":"2026-07-28T20:09:17.824Z","chains":[{"chain":"ethereum","gas_gwei"
2026-07-28T20:09:20.382Z OK #1186 /x402/web-fetch?url=https://example.com {"timestamp":"2026-07-28T20:09:20.297Z","url":"https://example.com","status":200
2026-07-28T20:09:22.669Z OK #1187 /x402/news-headlines {"timestamp":"2026-07-28T20:09:22.584Z","q":"crypto OR bitcoin OR AI agents","co
2026-07-28T20:09:25.130Z OK #1188 /x402/grants?keyword=ai {"source":"grants.gov/search2","total":138,"results":[{"id":"363121","number":"P
2026-07-28T20:09:27.641Z OK #1189 /x402/treasury-yields {"source":"home.treasury.gov/yield-curve","month":"202607","latest":{"date":"202
2026-07-28T20:09:29.561Z OK #1190 /x402/pha-lookup {"matches":[{"id":"nc-kinston-kha","name":"Kinston Housing Authority","hud_code"
2026-07-28T20:09:31.720Z OK #1191 /x402/hcv-fmr {"area":"Lenoir County, NC","year":2025,"bedrooms":4,"fmr_monthly":1497,"schedul
2026-07-28T20:09:33.784Z OK #1192 /x402/housing-windsor {"property":{"address":"1607 Windsor Rd","city":"Kinston","county":"Lenoir","sta
2026-07-28T20:09:36.085Z OK #1193 /x402/domain-enrich?domain=example.com {"timestamp":"2026-07-28T20:09:36.001Z","domain":"example.com","ips":["104.20.23
2026-07-28T20:09:38.088Z OK #1194 /x402/market?naics=541512 {"source":"usaspending.gov/api/v2","naics":"541512","window":{"start_date":"2023
2026-07-28T20:09:40.387Z OK #1195 /x402/sec-8k?ticker=AAPL {"source":"sec.gov/EDGAR","ticker":"AAPL","company":"Apple Inc.","cik":"320193",
2026-07-28T20:09:42.266Z OK #1196 /x402/fx-rate?base=USD&symbols=EUR {"source":"frankfurter.dev/v2/rates","data":[{"date":"2026-07-28","base":"USD","
2026-07-28T20:09:44.119Z OK #1197 /x402/fx-rate?base=USD&symbols=JPY {"source":"frankfurter.dev/v2/rates","data":[{"date":"2026-07-28","base":"USD","
2026-07-28T20:09:47.031Z OK #1198 /x402/gas-tracker {"timestamp":"2026-07-28T20:09:46.946Z","chains":[{"chain":"ethereum","gas_gwei"
2026-07-28T20:09:49.577Z OK #1199 /x402/web-fetch?url=https://example.com {"timestamp":"2026-07-28T20:09:49.493Z","url":"https://example.com","status":200
2026-07-28T20:09:51.474Z OK #1200 /x402/news-headlines {"timestamp":"2026-07-28T20:09:51.389Z","q":"crypto OR bitcoin OR AI agents","co
2026-07-28T20:09:54.079Z OK #1201 /x402/grants?keyword=ai {"source":"grants.gov/search2","total":138,"results":[{"id":"363121","number":"P
2026-07-28T20:09:56.224Z OK #1202 /x402/treasury-yields {"source":"home.treasury.gov/yield-curve","month":"202607","latest":{"date":"202
2026-07-28T20:09:58.364Z OK #1203 /x402/pha-lookup {"matches":[{"id":"nc-kinston-kha","name":"Kinston Housing Authority","hud_code"
2026-07-28T20:10:00.457Z OK #1204 /x402/hcv-fmr {"area":"Lenoir County, NC","year":2025,"bedrooms":4,"fmr_monthly":1497,"schedul
2026-07-28T20:10:02.672Z OK #1205 /x402/housing-windsor {"property":{"address":"1607 Windsor Rd","city":"Kinston","county":"Lenoir","sta
2026-07-28T20:10:05.025Z OK #1206 /x402/domain-enrich?domain=example.com {"timestamp":"2026-07-28T20:10:04.940Z","domain":"example.com","ips":["172.66.14
2026-07-28T20:10:07.636Z OK #1207 /x402/market?naics=541512 {"source":"usaspending.gov/api/v2","naics":"541512","window":{"start_date":"2023
2026-07-28T20:10:09.580Z OK #1208 /x402/sec-8k?ticker=AAPL {"source":"sec.gov/EDGAR","ticker":"AAPL","company":"Apple Inc.","cik":"320193",
2026-07-28T20:10:11.903Z OK #1209 /x402/fx-rate?base=USD&symbols=EUR {"source":"frankfurter.dev/v2/rates","data":[{"date":"2026-07-28","base":"USD","
2026-07-28T20:10:14.141Z OK #1210 /x402/fx-rate?base=USD&symbols=JPY {"source":"frankfurter.dev/v2/rates","data":[{"date":"2026-07-28","base":"USD","
2026-07-28T20:10:16.447Z OK #1211 /x402/gas-tracker {"timestamp":"2026-07-28T20:10:16.362Z","chains":[{"chain":"ethereum","gas_gwei"
2026-07-28T20:10:18.514Z OK #1212 /x402/web-fetch?url=https://example.com {"timestamp":"2026-07-28T20:10:18.429Z","url":"https://example.com","status":200
2026-07-28T20:10:21.025Z OK #1213 /x402/news-headlines {"timestamp":"2026-07-28T20:10:20.940Z","q":"crypto OR bitcoin OR AI agents","co
2026-07-28T20:10:23.737Z OK #1214 /x402/grants?keyword=ai {"source":"grants.gov/search2","total":138,"results":[{"id":"363121","number":"P
2026-07-28T20:10:25.998Z OK #1215 /x402/treasury-yields {"source":"home.treasury.gov/yield-curve","month":"202607","latest":{"date":"202
2026-07-28T20:10:28.120Z OK #1216 /x402/pha-lookup {"matches":[{"id":"nc-kinston-kha","name":"Kinston Housing Authority","hud_code"
2026-07-28T20:10:29.900Z OK #1217 /x402/hcv-fmr {"area":"Lenoir County, NC","year":2025,"bedrooms":4,"fmr_monthly":1497,"schedul
2026-07-28T20:10:31.709Z OK #1218 /x402/housing-windsor {"property":{"address":"1607 Windsor Rd","city":"Kinston","county":"Lenoir","sta
2026-07-28T20:10:34.031Z OK #1219 /x402/domain-enrich?domain=example.com {"timestamp":"2026-07-28T20:10:33.946Z","domain":"example.com","ips":["104.20.23
2026-07-28T20:10:36.082Z OK #1220 /x402/market?naics=541512 {"source":"usaspending.gov/api/v2","naics":"541512","window":{"start_date":"2023
2026-07-28T20:10:37.943Z OK #1221 /x402/sec-8k?ticker=AAPL {"source":"sec.gov/EDGAR","ticker":"AAPL","company":"Apple Inc.","cik":"320193",
2026-07-28T20:10:39.791Z OK #1222 /x402/fx-rate?base=USD&symbols=EUR {"source":"frankfurter.dev/v2/rates","data":[{"date":"2026-07-28","base":"USD","
2026-07-28T20:10:41.929Z OK #1223 /x402/fx-rate?base=USD&symbols=JPY {"source":"frankfurter.dev/v2/rates","data":[{"date":"2026-07-28","base":"USD","
2026-07-28T20:10:43.895Z OK #1224 /x402/gas-tracker {"timestamp":"2026-07-28T20:10:43.810Z","chains":[{"chain":"ethereum","gas_gwei"
2026-07-28T20:10:45.741Z OK #1225 /x402/web-fetch?url=https://example.com {"timestamp":"2026-07-28T20:10:45.656Z","url":"https://example.com","status":200
2026-07-28T20:10:47.695Z OK #1226 /x402/news-headlines {"timestamp":"2026-07-28T20:10:47.610Z","q":"crypto OR bitcoin OR AI agents","co
2026-07-28T20:10:50.118Z OK #1227 /x402/grants?keyword=ai {"source":"grants.gov/search2","total":138,"results":[{"id":"363121","number":"P
2026-07-28T20:10:52.370Z OK #1228 /x402/treasury-yields {"source":"home.treasury.gov/yield-curve","month":"202607","latest":{"date":"202
2026-07-28T20:10:54.613Z OK #1229 /x402/pha-lookup {"matches":[{"id":"nc-kinston-kha","name":"Kinston Housing Authority","hud_code"
2026-07-28T20:10:56.775Z OK #1230 /x402/hcv-fmr {"area":"Lenoir County, NC","year":2025,"bedrooms":4,"fmr_monthly":1497,"schedul
2026-07-28T20:10:58.564Z OK #1231 /x402/housing-windsor {"property":{"address":"1607 Windsor Rd","city":"Kinston","county":"Lenoir","sta
2026-07-28T20:11:00.940Z OK #1232 /x402/domain-enrich?domain=example.com {"timestamp":"2026-07-28T20:11:00.855Z","domain":"example.com","ips":["172.66.14
2026-07-28T20:11:03.611Z OK #1233 /x402/market?naics=541512 {"source":"usaspending.gov/api/v2","naics":"541512","window":{"start_date":"2023
2026-07-28T20:11:05.793Z OK #1234 /x402/sec-8k?ticker=AAPL {"source":"sec.gov/EDGAR","ticker":"AAPL","company":"Apple Inc.","cik":"320193",
2026-07-28T20:11:07.753Z OK #1235 /x402/fx-rate?base=USD&symbols=EUR {"source":"frankfurter.dev/v2/rates","data":[{"date":"2026-07-28","base":"USD","
2026-07-28T20:11:09.866Z OK #1236 /x402/fx-rate?base=USD&symbols=JPY {"source":"frankfurter.dev/v2/rates","data":[{"date":"2026-07-28","base":"USD","
2026-07-28T20:11:11.819Z OK #1237 /x402/gas-tracker {"timestamp":"2026-07-28T20:11:11.734Z","chains":[{"chain":"ethereum","gas_gwei"
2026-07-28T20:11:13.910Z OK #1238 /x402/web-fetch?url=https://example.com {"timestamp":"2026-07-28T20:11:13.826Z","url":"https://example.com","status":200
2026-07-28T20:11:16.665Z OK #1239 /x402/news-headlines {"timestamp":"2026-07-28T20:11:16.580Z","q":"crypto OR bitcoin OR AI agents","co
2026-07-28T20:11:19.143Z OK #1240 /x402/grants?keyword=ai {"source":"grants.gov/search2","total":138,"results":[{"id":"363121","number":"P
2026-07-28T20:11:21.690Z OK #1241 /x402/treasury-yields {"source":"home.treasury.gov/yield-curve","month":"202607","latest":{"date":"202
2026-07-28T20:11:23.815Z OK #1242 /x402/pha-lookup {"matches":[{"id":"nc-kinston-kha","name":"Kinston Housing Authority","hud_code"
2026-07-28T20:11:25.956Z OK #1243 /x402/hcv-fmr {"area":"Lenoir County, NC","year":2025,"bedrooms":4,"fmr_monthly":1497,"schedul
2026-07-28T20:11:28.243Z OK #1244 /x402/housing-windsor {"property":{"address":"1607 Windsor Rd","city":"Kinston","county":"Lenoir","sta
2026-07-28T20:11:30.322Z OK #1245 /x402/domain-enrich?domain=example.com {"timestamp":"2026-07-28T20:11:30.237Z","domain":"example.com","ips":["104.20.23
2026-07-28T20:11:32.647Z OK #1246 /x402/market?naics=541512 {"source":"usaspending.gov/api/v2","naics":"541512","window":{"start_date":"2023
2026-07-28T20:11:34.784Z OK #1247 /x402/sec-8k?ticker=AAPL {"source":"sec.gov/EDGAR","ticker":"AAPL","company":"Apple Inc.","cik":"320193",
2026-07-28T20:11:36.931Z OK #1248 /x402/fx-rate?base=USD&symbols=EUR {"source":"frankfurter.dev/v2/rates","data":[{"date":"2026-07-28","base":"USD","
2026-07-28T20:11:39.013Z OK #1249 /x402/fx-rate?base=USD&symbols=JPY {"source":"frankfurter.dev/v2/rates","data":[{"date":"2026-07-28","base":"USD","
2026-07-28T20:11:41.633Z OK #1250 /x402/gas-tracker {"timestamp":"2026-07-28T20:11:41.549Z","chains":[{"chain":"ethereum","gas_gwei"
2026-07-28T20:11:43.918Z OK #1251 /x402/web-fetch?url=https://example.com {"timestamp":"2026-07-28T20:11:43.831Z","url":"https://example.com","status":200
2026-07-28T20:11:46.198Z OK #1252 /x402/news-headlines {"timestamp":"2026-07-28T20:11:46.113Z","q":"crypto OR bitcoin OR AI agents","co
2026-07-28T20:11:48.587Z OK #1253 /x402/grants?keyword=ai {"source":"grants.gov/search2","total":138,"results":[{"id":"363121","number":"P
2026-07-28T20:11:50.639Z OK #1254 /x402/treasury-yields {"source":"home.treasury.gov/yield-curve","month":"202607","latest":{"date":"202
2026-07-28T20:11:52.390Z OK #1255 /x402/pha-lookup {"matches":[{"id":"nc-kinston-kha","name":"Kinston Housing Authority","hud_code"
2026-07-28T20:11:54.587Z OK #1256 /x402/hcv-fmr {"area":"Lenoir County, NC","year":2025,"bedrooms":4,"fmr_monthly":1497,"schedul
2026-07-28T20:11:56.632Z OK #1257 /x402/housing-windsor {"property":{"address":"1607 Windsor Rd","city":"Kinston","county":"Lenoir","sta
2026-07-28T20:11:59.264Z OK #1258 /x402/domain-enrich?domain=example.com {"timestamp":"2026-07-28T20:11:59.179Z","domain":"example.com","ips":["104.20.23
2026-07-28T20:12:01.644Z OK #1259 /x402/market?naics=541512 {"source":"usaspending.gov/api/v2","naics":"541512","window":{"start_date":"2023
2026-07-28T20:12:03.603Z OK #1260 /x402/sec-8k?ticker=AAPL {"source":"sec.gov/EDGAR","ticker":"AAPL","company":"Apple Inc.","cik":"320193",
2026-07-28T20:12:05.415Z OK #1261 /x402/fx-rate?base=USD&symbols=EUR {"source":"frankfurter.dev/v2/rates","data":[{"date":"2026-07-28","base":"USD","
2026-07-28T20:12:07.654Z OK #1262 /x402/fx-rate?base=USD&symbols=JPY {"source":"frankfurter.dev/v2/rates","data":[{"date":"2026-07-28","base":"USD","
2026-07-28T20:12:09.645Z OK #1263 /x402/gas-tracker {"timestamp":"2026-07-28T20:12:09.558Z","chains":[{"chain":"ethereum","gas_gwei"
2026-07-28T20:12:11.762Z OK #1264 /x402/web-fetch?url=https://example.com {"timestamp":"2026-07-28T20:12:11.678Z","url":"https://example.com","status":200
2026-07-28T20:12:13.964Z OK #1265 /x402/news-headlines {"timestamp":"2026-07-28T20:12:13.876Z","q":"crypto OR bitcoin OR AI agents","co
2026-07-28T20:12:16.418Z OK #1266 /x402/grants?keyword=ai {"source":"grants.gov/search2","total":138,"results":[{"id":"363121","number":"P
2026-07-28T20:12:18.700Z OK #1267 /x402/treasury-yields {"source":"home.treasury.gov/yield-curve","month":"202607","latest":{"date":"202
2026-07-28T20:12:20.867Z OK #1268 /x402/pha-lookup {"matches":[{"id":"nc-kinston-kha","name":"Kinston Housing Authority","hud_code"
2026-07-28T20:12:22.895Z OK #1269 /x402/hcv-fmr {"area":"Lenoir County, NC","year":2025,"bedrooms":4,"fmr_monthly":1497,"schedul
2026-07-28T20:12:25.028Z OK #1270 /x402/housing-windsor {"property":{"address":"1607 Windsor Rd","city":"Kinston","county":"Lenoir","sta
2026-07-28T20:12:27.788Z OK #1271 /x402/domain-enrich?domain=example.com {"timestamp":"2026-07-28T20:12:27.704Z","domain":"example.com","ips":["172.66.14
2026-07-28T20:12:29.797Z OK #1272 /x402/market?naics=541512 {"source":"usaspending.gov/api/v2","naics":"541512","window":{"start_date":"2023
2026-07-28T20:12:32.001Z OK #1273 /x402/sec-8k?ticker=AAPL {"source":"sec.gov/EDGAR","ticker":"AAPL","company":"Apple Inc.","cik":"320193",
2026-07-28T20:12:34.248Z OK #1274 /x402/fx-rate?base=USD&symbols=EUR {"source":"frankfurter.dev/v2/rates","data":[{"date":"2026-07-28","base":"USD","
2026-07-28T20:12:36.482Z OK #1275 /x402/fx-rate?base=USD&symbols=JPY {"source":"frankfurter.dev/v2/rates","data":[{"date":"2026-07-28","base":"USD","
2026-07-28T20:12:38.714Z OK #1276 /x402/gas-tracker {"timestamp":"2026-07-28T20:12:38.630Z","chains":[{"chain":"ethereum","gas_gwei"
2026-07-28T20:12:40.892Z OK #1277 /x402/web-fetch?url=https://example.com {"timestamp":"2026-07-28T20:12:40.807Z","url":"https://example.com","status":200
2026-07-28T20:12:43.627Z OK #1278 /x402/news-headlines {"timestamp":"2026-07-28T20:12:43.541Z","q":"crypto OR bitcoin OR AI agents","co
2026-07-28T20:12:46.008Z OK #1279 /x402/grants?keyword=ai {"source":"grants.gov/search2","total":138,"results":[{"id":"363121","number":"P
2026-07-28T20:12:48.187Z OK #1280 /x402/treasury-yields {"source":"home.treasury.gov/yield-curve","month":"202607","latest":{"date":"202
2026-07-28T20:12:50.596Z OK #1281 /x402/pha-lookup {"matches":[{"id":"nc-kinston-kha","name":"Kinston Housing Authority","hud_code"
2026-07-28T20:12:52.962Z OK #1282 /x402/hcv-fmr {"area":"Lenoir County, NC","year":2025,"bedrooms":4,"fmr_monthly":1497,"schedul
2026-07-28T20:12:55.338Z OK #1283 /x402/housing-windsor {"property":{"address":"1607 Windsor Rd","city":"Kinston","county":"Lenoir","sta
2026-07-28T20:12:57.729Z OK #1284 /x402/domain-enrich?domain=example.com {"timestamp":"2026-07-28T20:12:57.640Z","domain":"example.com","ips":["172.66.14
2026-07-28T20:13:00.002Z OK #1285 /x402/market?naics=541512 {"source":"usaspending.gov/api/v2","naics":"541512","window":{"start_date":"2023
2026-07-28T20:13:02.190Z OK #1286 /x402/sec-8k?ticker=AAPL {"source":"sec.gov/EDGAR","ticker":"AAPL","company":"Apple Inc.","cik":"320193",
2026-07-28T20:13:04.084Z OK #1287 /x402/fx-rate?base=USD&symbols=EUR {"source":"frankfurter.dev/v2/rates","data":[{"date":"2026-07-28","base":"USD","
2026-07-28T20:13:05.914Z OK #1288 /x402/fx-rate?base=USD&symbols=JPY {"source":"frankfurter.dev/v2/rates","data":[{"date":"2026-07-28","base":"USD","
2026-07-28T20:13:08.096Z OK #1289 /x402/gas-tracker {"timestamp":"2026-07-28T20:13:08.008Z","chains":[{"chain":"ethereum","gas_gwei"
2026-07-28T20:13:10.170Z OK #1290 /x402/web-fetch?url=https://example.com {"timestamp":"2026-07-28T20:13:10.085Z","url":"https://example.com","status":200
2026-07-28T20:13:12.429Z OK #1291 /x402/news-headlines {"timestamp":"2026-07-28T20:13:12.343Z","q":"crypto OR bitcoin OR AI agents","co
2026-07-28T20:13:14.883Z OK #1292 /x402/grants?keyword=ai {"source":"grants.gov/search2","total":138,"results":[{"id":"363121","number":"P
2026-07-28T20:13:17.544Z OK #1293 /x402/treasury-yields {"source":"home.treasury.gov/yield-curve","month":"202607","latest":{"date":"202
2026-07-28T20:13:19.663Z OK #1294 /x402/pha-lookup {"matches":[{"id":"nc-kinston-kha","name":"Kinston Housing Authority","hud_code"
2026-07-28T20:13:21.782Z OK #1295 /x402/hcv-fmr {"area":"Lenoir County, NC","year":2025,"bedrooms":4,"fmr_monthly":1497,"schedul
2026-07-28T20:13:23.557Z OK #1296 /x402/housing-windsor {"property":{"address":"1607 Windsor Rd","city":"Kinston","county":"Lenoir","sta
2026-07-28T20:13:25.848Z OK #1297 /x402/domain-enrich?domain=example.com {"timestamp":"2026-07-28T20:13:25.763Z","domain":"example.com","ips":["104.20.23
2026-07-28T20:13:28.165Z OK #1298 /x402/market?naics=541512 {"source":"usaspending.gov/api/v2","naics":"541512","window":{"start_date":"2023
2026-07-28T20:13:30.664Z OK #1299 /x402/sec-8k?ticker=AAPL {"source":"sec.gov/EDGAR","ticker":"AAPL","company":"Apple Inc.","cik":"320193",
2026-07-28T20:13:32.872Z OK #1300 /x402/fx-rate?base=USD&symbols=EUR {"source":"frankfurter.dev/v2/rates","data":[{"date":"2026-07-28","base":"USD","
2026-07-28T20:13:34.738Z OK #1301 /x402/fx-rate?base=USD&symbols=JPY {"source":"frankfurter.dev/v2/rates","data":[{"date":"2026-07-28","base":"USD","
2026-07-28T20:13:36.919Z OK #1302 /x402/gas-tracker {"timestamp":"2026-07-28T20:13:36.832Z","chains":[{"chain":"ethereum","gas_gwei"
2026-07-28T20:13:39.066Z OK #1303 /x402/web-fetch?url=https://example.com {"timestamp":"2026-07-28T20:13:38.981Z","url":"https://example.com","status":200
2026-07-28T20:13:41.997Z OK #1304 /x402/news-headlines {"timestamp":"2026-07-28T20:13:41.911Z","q":"crypto OR bitcoin OR AI agents","co
2026-07-28T20:13:44.549Z OK #1305 /x402/grants?keyword=ai {"source":"grants.gov/search2","total":138,"results":[{"id":"363121","number":"P
2026-07-28T20:13:46.739Z OK #1306 /x402/treasury-yields {"source":"home.treasury.gov/yield-curve","month":"202607","latest":{"date":"202
2026-07-28T20:13:48.835Z OK #1307 /x402/pha-lookup {"matches":[{"id":"nc-kinston-kha","name":"Kinston Housing Authority","hud_code"
2026-07-28T20:13:50.966Z OK #1308 /x402/hcv-fmr {"area":"Lenoir County, NC","year":2025,"bedrooms":4,"fmr_monthly":1497,"schedul
2026-07-28T20:13:53.863Z OK #1309 /x402/housing-windsor {"property":{"address":"1607 Windsor Rd","city":"Kinston","county":"Lenoir","sta
2026-07-28T20:13:56.217Z OK #1310 /x402/domain-enrich?domain=example.com {"timestamp":"2026-07-28T20:13:56.130Z","domain":"example.com","ips":["172.66.14
2026-07-28T20:13:58.508Z OK #1311 /x402/market?naics=541512 {"source":"usaspending.gov/api/v2","naics":"541512","window":{"start_date":"2023
2026-07-28T20:14:00.663Z OK #1312 /x402/sec-8k?ticker=AAPL {"source":"sec.gov/EDGAR","ticker":"AAPL","company":"Apple Inc.","cik":"320193",
2026-07-28T20:14:03.452Z OK #1313 /x402/fx-rate?base=USD&symbols=EUR {"source":"frankfurter.dev/v2/rates","data":[{"date":"2026-07-28","base":"USD","
2026-07-28T20:14:05.615Z OK #1314 /x402/fx-rate?base=USD&symbols=JPY {"source":"frankfurter.dev/v2/rates","data":[{"date":"2026-07-28","base":"USD","
2026-07-28T20:14:07.500Z OK #1315 /x402/gas-tracker {"timestamp":"2026-07-28T20:14:07.416Z","chains":[{"chain":"ethereum","gas_gwei"
2026-07-28T20:14:09.582Z OK #1316 /x402/web-fetch?url=https://example.com {"timestamp":"2026-07-28T20:14:09.498Z","url":"https://example.com","status":200
2026-07-28T20:14:12.129Z OK #1317 /x402/news-headlines {"timestamp":"2026-07-28T20:14:12.044Z","q":"crypto OR bitcoin OR AI agents","co
2026-07-28T20:14:14.174Z OK #1318 /x402/grants?keyword=ai {"source":"grants.gov/search2","total":138,"results":[{"id":"363121","number":"P
2026-07-28T20:14:16.335Z OK #1319 /x402/treasury-yields {"source":"home.treasury.gov/yield-curve","month":"202607","latest":{"date":"202
2026-07-28T20:14:18.486Z OK #1320 /x402/pha-lookup {"matches":[{"id":"nc-kinston-kha","name":"Kinston Housing Authority","hud_code"
2026-07-28T20:14:20.560Z OK #1321 /x402/hcv-fmr {"area":"Lenoir County, NC","year":2025,"bedrooms":4,"fmr_monthly":1497,"schedul
2026-07-28T20:14:22.423Z OK #1322 /x402/housing-windsor {"property":{"address":"1607 Windsor Rd","city":"Kinston","county":"Lenoir","sta
2026-07-28T20:14:24.423Z OK #1323 /x402/domain-enrich?domain=example.com {"timestamp":"2026-07-28T20:14:24.338Z","domain":"example.com","ips":["104.20.23
2026-07-28T20:14:26.657Z OK #1324 /x402/market?naics=541512 {"source":"usaspending.gov/api/v2","naics":"541512","window":{"start_date":"2023
2026-07-28T20:14:28.794Z OK #1325 /x402/sec-8k?ticker=AAPL {"source":"sec.gov/EDGAR","ticker":"AAPL","company":"Apple Inc.","cik":"320193",
2026-07-28T20:14:31.012Z OK #1326 /x402/fx-rate?base=USD&symbols=EUR {"source":"frankfurter.dev/v2/rates","data":[{"date":"2026-07-28","base":"USD","
2026-07-28T20:14:33.464Z OK #1327 /x402/fx-rate?base=USD&symbols=JPY {"source":"frankfurter.dev/v2/rates","data":[{"date":"2026-07-28","base":"USD","
2026-07-28T20:14:36.435Z OK #1328 /x402/gas-tracker {"timestamp":"2026-07-28T20:14:36.351Z","chains":[{"chain":"ethereum","gas_gwei"
2026-07-28T20:14:38.963Z OK #1329 /x402/web-fetch?url=https://example.com {"timestamp":"2026-07-28T20:14:38.878Z","url":"https://example.com","status":200
2026-07-28T20:14:41.730Z OK #1330 /x402/news-headlines {"timestamp":"2026-07-28T20:14:41.645Z","q":"crypto OR bitcoin OR AI agents","co
2026-07-28T20:14:44.090Z OK #1331 /x402/grants?keyword=ai {"source":"grants.gov/search2","total":138,"results":[{"id":"363121","number":"P
2026-07-28T20:14:46.343Z OK #1332 /x402/treasury-yields {"source":"home.treasury.gov/yield-curve","month":"202607","latest":{"date":"202
2026-07-28T20:14:48.454Z OK #1333 /x402/pha-lookup {"matches":[{"id":"nc-kinston-kha","name":"Kinston Housing Authority","hud_code"
2026-07-28T20:14:50.481Z OK #1334 /x402/hcv-fmr {"area":"Lenoir County, NC","year":2025,"bedrooms":4,"fmr_monthly":1497,"schedul
2026-07-28T20:14:52.982Z OK #1335 /x402/housing-windsor {"property":{"address":"1607 Windsor Rd","city":"Kinston","county":"Lenoir","sta
2026-07-28T20:14:55.549Z OK #1336 /x402/domain-enrich?domain=example.com {"timestamp":"2026-07-28T20:14:55.464Z","domain":"example.com","ips":["104.20.23
2026-07-28T20:14:57.880Z OK #1337 /x402/market?naics=541512 {"source":"usaspending.gov/api/v2","naics":"541512","window":{"start_date":"2023
2026-07-28T20:15:00.105Z OK #1338 /x402/sec-8k?ticker=AAPL {"source":"sec.gov/EDGAR","ticker":"AAPL","company":"Apple Inc.","cik":"320193",
2026-07-28T20:15:02.243Z OK #1339 /x402/fx-rate?base=USD&symbols=EUR {"source":"frankfurter.dev/v2/rates","data":[{"date":"2026-07-28","base":"USD","
2026-07-28T20:15:04.436Z OK #1340 /x402/fx-rate?base=USD&symbols=JPY {"source":"frankfurter.dev/v2/rates","data":[{"date":"2026-07-28","base":"USD","
2026-07-28T20:15:06.756Z OK #1341 /x402/gas-tracker {"timestamp":"2026-07-28T20:15:06.671Z","chains":[{"chain":"ethereum","gas_gwei"
2026-07-28T20:15:08.589Z OK #1342 /x402/web-fetch?url=https://example.com {"timestamp":"2026-07-28T20:15:08.505Z","url":"https://example.com","status":200
2026-07-28T20:15:10.908Z OK #1343 /x402/news-headlines {"timestamp":"2026-07-28T20:15:10.648Z","q":"crypto OR bitcoin OR AI agents","co
2026-07-28T20:15:13.407Z OK #1344 /x402/grants?keyword=ai {"source":"grants.gov/search2","total":138,"results":[{"id":"363121","number":"P
2026-07-28T20:15:15.671Z OK #1345 /x402/treasury-yields {"source":"home.treasury.gov/yield-curve","month":"202607","latest":{"date":"202
2026-07-28T20:15:17.723Z OK #1346 /x402/pha-lookup {"matches":[{"id":"nc-kinston-kha","name":"Kinston Housing Authority","hud_code"
2026-07-28T20:15:19.841Z OK #1347 /x402/hcv-fmr {"area":"Lenoir County, NC","year":2025,"bedrooms":4,"fmr_monthly":1497,"schedul
2026-07-28T20:15:21.884Z OK #1348 /x402/housing-windsor {"property":{"address":"1607 Windsor Rd","city":"Kinston","county":"Lenoir","sta
2026-07-28T20:15:24.168Z OK #1349 /x402/domain-enrich?domain=example.com {"timestamp":"2026-07-28T20:15:24.084Z","domain":"example.com","ips":["104.20.23
2026-07-28T20:15:26.464Z OK #1350 /x402/market?naics=541512 {"source":"usaspending.gov/api/v2","naics":"541512","window":{"start_date":"2023
2026-07-28T20:15:28.608Z OK #1351 /x402/sec-8k?ticker=AAPL {"source":"sec.gov/EDGAR","ticker":"AAPL","company":"Apple Inc.","cik":"320193",
2026-07-28T20:15:30.689Z OK #1352 /x402/fx-rate?base=USD&symbols=EUR {"source":"frankfurter.dev/v2/rates","data":[{"date":"2026-07-28","base":"USD","
2026-07-28T20:15:32.580Z OK #1353 /x402/fx-rate?base=USD&symbols=JPY {"source":"frankfurter.dev/v2/rates","data":[{"date":"2026-07-28","base":"USD","
2026-07-28T20:15:34.501Z OK #1354 /x402/gas-tracker {"timestamp":"2026-07-28T20:15:34.416Z","chains":[{"chain":"ethereum","gas_gwei"
2026-07-28T20:15:36.761Z OK #1355 /x402/web-fetch?url=https://example.com {"timestamp":"2026-07-28T20:15:36.676Z","url":"https://example.com","status":200
2026-07-28T20:15:38.947Z OK #1356 /x402/news-headlines {"timestamp":"2026-07-28T20:15:38.859Z","q":"crypto OR bitcoin OR AI agents","co
2026-07-28T20:15:42.014Z OK #1357 /x402/grants?keyword=ai {"source":"grants.gov/search2","total":138,"results":[{"id":"363121","number":"P
2026-07-28T20:15:44.169Z OK #1358 /x402/treasury-yields {"source":"home.treasury.gov/yield-curve","month":"202607","latest":{"date":"202
2026-07-28T20:15:46.297Z OK #1359 /x402/pha-lookup {"matches":[{"id":"nc-kinston-kha","name":"Kinston Housing Authority","hud_code"
2026-07-28T20:15:48.390Z OK #1360 /x402/hcv-fmr {"area":"Lenoir County, NC","year":2025,"bedrooms":4,"fmr_monthly":1497,"schedul
2026-07-28T20:15:50.449Z OK #1361 /x402/housing-windsor {"property":{"address":"1607 Windsor Rd","city":"Kinston","county":"Lenoir","sta
2026-07-28T20:15:52.855Z OK #1362 /x402/domain-enrich?domain=example.com {"timestamp":"2026-07-28T20:15:52.770Z","domain":"example.com","ips":["172.66.14
2026-07-28T20:15:55.105Z OK #1363 /x402/market?naics=541512 {"source":"usaspending.gov/api/v2","naics":"541512","window":{"start_date":"2023
2026-07-28T20:15:57.572Z OK #1364 /x402/sec-8k?ticker=AAPL {"source":"sec.gov/EDGAR","ticker":"AAPL","company":"Apple Inc.","cik":"320193",
2026-07-28T20:15:59.712Z OK #1365 /x402/fx-rate?base=USD&symbols=EUR {"source":"frankfurter.dev/v2/rates","data":[{"date":"2026-07-28","base":"USD","
2026-07-28T20:16:01.822Z OK #1366 /x402/fx-rate?base=USD&symbols=JPY {"source":"frankfurter.dev/v2/rates","data":[{"date":"2026-07-28","base":"USD","
2026-07-28T20:16:04.051Z OK #1367 /x402/gas-tracker {"timestamp":"2026-07-28T20:16:03.967Z","chains":[{"chain":"ethereum","gas_gwei"
2026-07-28T20:16:06.200Z OK #1368 /x402/web-fetch?url=https://example.com {"timestamp":"2026-07-28T20:16:06.115Z","url":"https://example.com","status":200
2026-07-28T20:16:08.730Z OK #1369 /x402/news-headlines {"timestamp":"2026-07-28T20:16:08.645Z","q":"crypto OR bitcoin OR AI agents","co
2026-07-28T20:16:11.094Z OK #1370 /x402/grants?keyword=ai {"source":"grants.gov/search2","total":138,"results":[{"id":"363121","number":"P
2026-07-28T20:16:13.546Z OK #1371 /x402/treasury-yields {"source":"home.treasury.gov/yield-curve","month":"202607","latest":{"date":"202
2026-07-28T20:16:15.639Z OK #1372 /x402/pha-lookup {"matches":[{"id":"nc-kinston-kha","name":"Kinston Housing Authority","hud_code"
2026-07-28T20:16:17.709Z OK #1373 /x402/hcv-fmr {"area":"Lenoir County, NC","year":2025,"bedrooms":4,"fmr_monthly":1497,"schedul
2026-07-28T20:16:19.743Z OK #1374 /x402/housing-windsor {"property":{"address":"1607 Windsor Rd","city":"Kinston","county":"Lenoir","sta
2026-07-28T20:16:21.748Z OK #1375 /x402/domain-enrich?domain=example.com {"timestamp":"2026-07-28T20:16:21.663Z","domain":"example.com","ips":["104.20.23
2026-07-28T20:16:23.770Z OK #1376 /x402/market?naics=541512 {"source":"usaspending.gov/api/v2","naics":"541512","window":{"start_date":"2023
2026-07-28T20:16:26.269Z OK #1377 /x402/sec-8k?ticker=AAPL {"source":"sec.gov/EDGAR","ticker":"AAPL","company":"Apple Inc.","cik":"320193",
2026-07-28T20:16:28.424Z OK #1378 /x402/fx-rate?base=USD&symbols=EUR {"source":"frankfurter.dev/v2/rates","data":[{"date":"2026-07-28","base":"USD","
2026-07-28T20:16:30.223Z OK #1379 /x402/fx-rate?base=USD&symbols=JPY {"source":"frankfurter.dev/v2/rates","data":[{"date":"2026-07-28","base":"USD","
2026-07-28T20:16:32.428Z OK #1380 /x402/gas-tracker {"timestamp":"2026-07-28T20:16:32.344Z","chains":[{"chain":"ethereum","gas_gwei"
2026-07-28T20:16:34.527Z OK #1381 /x402/web-fetch?url=https://example.com {"timestamp":"2026-07-28T20:16:34.442Z","url":"https://example.com","status":200
2026-07-28T20:16:36.740Z OK #1382 /x402/news-headlines {"timestamp":"2026-07-28T20:16:36.655Z","q":"crypto OR bitcoin OR AI agents","co
2026-07-28T20:16:39.114Z OK #1383 /x402/grants?keyword=ai {"source":"grants.gov/search2","total":138,"results":[{"id":"363121","number":"P
2026-07-28T20:16:41.584Z OK #1384 /x402/treasury-yields {"source":"home.treasury.gov/yield-curve","month":"202607","latest":{"date":"202
2026-07-28T20:16:43.611Z OK #1385 /x402/pha-lookup {"matches":[{"id":"nc-kinston-kha","name":"Kinston Housing Authority","hud_code"
2026-07-28T20:16:45.727Z OK #1386 /x402/hcv-fmr {"area":"Lenoir County, NC","year":2025,"bedrooms":4,"fmr_monthly":1497,"schedul
2026-07-28T20:16:47.993Z OK #1387 /x402/housing-windsor {"property":{"address":"1607 Windsor Rd","city":"Kinston","county":"Lenoir","sta
2026-07-28T20:16:50.333Z OK #1388 /x402/domain-enrich?domain=example.com {"timestamp":"2026-07-28T20:16:50.247Z","domain":"example.com","ips":["172.66.14
2026-07-28T20:16:52.868Z OK #1389 /x402/market?naics=541512 {"source":"usaspending.gov/api/v2","naics":"541512","window":{"start_date":"2023
2026-07-28T20:16:55.043Z OK #1390 /x402/sec-8k?ticker=AAPL {"source":"sec.gov/EDGAR","ticker":"AAPL","company":"Apple Inc.","cik":"320193",
2026-07-28T20:16:57.579Z OK #1391 /x402/fx-rate?base=USD&symbols=EUR {"source":"frankfurter.dev/v2/rates","data":[{"date":"2026-07-28","base":"USD","
2026-07-28T20:16:59.409Z OK #1392 /x402/fx-rate?base=USD&symbols=JPY {"source":"frankfurter.dev/v2/rates","data":[{"date":"2026-07-28","base":"USD","
2026-07-28T20:17:01.622Z OK #1393 /x402/gas-tracker {"timestamp":"2026-07-28T20:17:01.538Z","chains":[{"chain":"ethereum","gas_gwei"
2026-07-28T20:17:03.823Z OK #1394 /x402/web-fetch?url=https://example.com {"timestamp":"2026-07-28T20:17:03.738Z","url":"https://example.com","status":200
2026-07-28T20:17:06.420Z OK #1395 /x402/news-headlines {"timestamp":"2026-07-28T20:17:06.304Z","q":"crypto OR bitcoin OR AI agents","co
2026-07-28T20:17:08.537Z OK #1396 /x402/grants?keyword=ai {"source":"grants.gov/search2","total":138,"results":[{"id":"363121","number":"P
2026-07-28T20:17:10.638Z OK #1397 /x402/treasury-yields {"source":"home.treasury.gov/yield-curve","month":"202607","latest":{"date":"202
2026-07-28T20:17:12.780Z OK #1398 /x402/pha-lookup {"matches":[{"id":"nc-kinston-kha","name":"Kinston Housing Authority","hud_code"
2026-07-28T20:17:14.905Z OK #1399 /x402/hcv-fmr {"area":"Lenoir County, NC","year":2025,"bedrooms":4,"fmr_monthly":1497,"schedul
2026-07-28T20:17:17.034Z OK #1400 /x402/housing-windsor {"property":{"address":"1607 Windsor Rd","city":"Kinston","county":"Lenoir","sta
2026-07-28T20:17:19.687Z OK #1401 /x402/domain-enrich?domain=example.com {"timestamp":"2026-07-28T20:17:19.603Z","domain":"example.com","ips":["104.20.23
2026-07-28T20:17:21.963Z OK #1402 /x402/market?naics=541512 {"source":"usaspending.gov/api/v2","naics":"541512","window":{"start_date":"2023
2026-07-28T20:17:24.190Z OK #1403 /x402/sec-8k?ticker=AAPL {"source":"sec.gov/EDGAR","ticker":"AAPL","company":"Apple Inc.","cik":"320193",
2026-07-28T20:17:26.354Z OK #1404 /x402/fx-rate?base=USD&symbols=EUR {"source":"frankfurter.dev/v2/rates","data":[{"date":"2026-07-28","base":"USD","
2026-07-28T20:17:28.458Z OK #1405 /x402/fx-rate?base=USD&symbols=JPY {"source":"frankfurter.dev/v2/rates","data":[{"date":"2026-07-28","base":"USD","
2026-07-28T20:17:30.734Z OK #1406 /x402/gas-tracker {"timestamp":"2026-07-28T20:17:30.650Z","chains":[{"chain":"ethereum","gas_gwei"
2026-07-28T20:17:32.846Z OK #1407 /x402/web-fetch?url=https://example.com {"timestamp":"2026-07-28T20:17:32.761Z","url":"https://example.com","status":200
2026-07-28T20:17:35.055Z OK #1408 /x402/news-headlines {"timestamp":"2026-07-28T20:17:34.969Z","q":"crypto OR bitcoin OR AI agents","co
2026-07-28T20:17:37.800Z OK #1409 /x402/grants?keyword=ai {"source":"grants.gov/search2","total":138,"results":[{"id":"363121","number":"P
2026-07-28T20:17:39.619Z OK #1410 /x402/treasury-yields {"source":"home.treasury.gov/yield-curve","month":"202607","latest":{"date":"202
2026-07-28T20:17:42.005Z OK #1411 /x402/pha-lookup {"matches":[{"id":"nc-kinston-kha","name":"Kinston Housing Authority","hud_code"
2026-07-28T20:17:44.122Z OK #1412 /x402/hcv-fmr {"area":"Lenoir County, NC","year":2025,"bedrooms":4,"fmr_monthly":1497,"schedul
2026-07-28T20:17:46.159Z OK #1413 /x402/housing-windsor {"property":{"address":"1607 Windsor Rd","city":"Kinston","county":"Lenoir","sta
2026-07-28T20:17:48.677Z OK #1414 /x402/domain-enrich?domain=example.com {"timestamp":"2026-07-28T20:17:48.593Z","domain":"example.com","ips":["172.66.14
2026-07-28T20:17:51.030Z OK #1415 /x402/market?naics=541512 {"source":"usaspending.gov/api/v2","naics":"541512","window":{"start_date":"2023
2026-07-28T20:17:53.483Z OK #1416 /x402/sec-8k?ticker=AAPL {"source":"sec.gov/EDGAR","ticker":"AAPL","company":"Apple Inc.","cik":"320193",
2026-07-28T20:17:55.642Z OK #1417 /x402/fx-rate?base=USD&symbols=EUR {"source":"frankfurter.dev/v2/rates","data":[{"date":"2026-07-28","base":"USD","
2026-07-28T20:17:57.727Z OK #1418 /x402/fx-rate?base=USD&symbols=JPY {"source":"frankfurter.dev/v2/rates","data":[{"date":"2026-07-28","base":"USD","
2026-07-28T20:17:59.969Z OK #1419 /x402/gas-tracker {"timestamp":"2026-07-28T20:17:59.885Z","chains":[{"chain":"ethereum","gas_gwei"
2026-07-28T20:18:03.381Z OK #1420 /x402/web-fetch?url=https://example.com {"timestamp":"2026-07-28T20:18:03.296Z","url":"https://example.com","status":200
2026-07-28T20:18:05.635Z OK #1421 /x402/news-headlines {"timestamp":"2026-07-28T20:18:05.551Z","q":"crypto OR bitcoin OR AI agents","co
2026-07-28T20:18:07.900Z OK #1422 /x402/grants?keyword=ai {"source":"grants.gov/search2","total":138,"results":[{"id":"363121","number":"P
2026-07-28T20:18:10.072Z OK #1423 /x402/treasury-yields {"source":"home.treasury.gov/yield-curve","month":"202607","latest":{"date":"202
2026-07-28T20:18:12.133Z OK #1424 /x402/pha-lookup {"matches":[{"id":"nc-kinston-kha","name":"Kinston Housing Authority","hud_code"
2026-07-28T20:18:14.275Z OK #1425 /x402/hcv-fmr {"area":"Lenoir County, NC","year":2025,"bedrooms":4,"fmr_monthly":1497,"schedul
2026-07-28T20:18:16.349Z OK #1426 /x402/housing-windsor {"property":{"address":"1607 Windsor Rd","city":"Kinston","county":"Lenoir","sta
2026-07-28T20:18:18.629Z OK #1427 /x402/domain-enrich?domain=example.com {"timestamp":"2026-07-28T20:18:18.544Z","domain":"example.com","ips":["172.66.14
2026-07-28T20:18:20.898Z OK #1428 /x402/market?naics=541512 {"source":"usaspending.gov/api/v2","naics":"541512","window":{"start_date":"2023
2026-07-28T20:18:22.804Z OK #1429 /x402/sec-8k?ticker=AAPL {"source":"sec.gov/EDGAR","ticker":"AAPL","company":"Apple Inc.","cik":"320193",
2026-07-28T20:18:24.618Z OK #1430 /x402/fx-rate?base=USD&symbols=EUR {"source":"frankfurter.dev/v2/rates","data":[{"date":"2026-07-28","base":"USD","
2026-07-28T20:18:26.767Z OK #1431 /x402/fx-rate?base=USD&symbols=JPY {"source":"frankfurter.dev/v2/rates","data":[{"date":"2026-07-28","base":"USD","
2026-07-28T20:18:28.680Z OK #1432 /x402/gas-tracker {"timestamp":"2026-07-28T20:18:28.595Z","chains":[{"chain":"ethereum","gas_gwei"
2026-07-28T20:18:30.437Z OK #1433 /x402/web-fetch?url=https://example.com {"timestamp":"2026-07-28T20:18:30.353Z","url":"https://example.com","status":200
2026-07-28T20:18:32.343Z OK #1434 /x402/news-headlines {"timestamp":"2026-07-28T20:18:32.258Z","q":"crypto OR bitcoin OR AI agents","co
2026-07-28T20:18:34.590Z OK #1435 /x402/grants?keyword=ai {"source":"grants.gov/search2","total":138,"results":[{"id":"363121","number":"P
2026-07-28T20:18:36.447Z OK #1436 /x402/treasury-yields {"source":"home.treasury.gov/yield-curve","month":"202607","latest":{"date":"202
2026-07-28T20:18:38.528Z OK #1437 /x402/pha-lookup {"matches":[{"id":"nc-kinston-kha","name":"Kinston Housing Authority","hud_code"
2026-07-28T20:18:40.566Z OK #1438 /x402/hcv-fmr {"area":"Lenoir County, NC","year":2025,"bedrooms":4,"fmr_monthly":1497,"schedul
2026-07-28T20:18:42.410Z OK #1439 /x402/housing-windsor {"property":{"address":"1607 Windsor Rd","city":"Kinston","county":"Lenoir","sta
2026-07-28T20:18:44.375Z OK #1440 /x402/domain-enrich?domain=example.com {"timestamp":"2026-07-28T20:18:44.290Z","domain":"example.com","ips":["104.20.23
2026-07-28T20:18:46.436Z OK #1441 /x402/market?naics=541512 {"source":"usaspending.gov/api/v2","naics":"541512","window":{"start_date":"2023
2026-07-28T20:18:48.337Z OK #1442 /x402/sec-8k?ticker=AAPL {"source":"sec.gov/EDGAR","ticker":"AAPL","company":"Apple Inc.","cik":"320193",
2026-07-28T20:18:50.448Z OK #1443 /x402/fx-rate?base=USD&symbols=EUR {"source":"frankfurter.dev/v2/rates","data":[{"date":"2026-07-28","base":"USD","
2026-07-28T20:18:50.928Z STOP low bal 0.020085
2026-07-28T20:18:51.086Z DONE {"ok":1443,"attempts":1444,"eoa":"0x523512A2Ab8aD92d16e6A6eB939811eC9914fA16","rails":"0x4e14B249D9A4c9c9352D780eCEB508A8eB7a7700","usdc_eoa_before":1.462085,"usdc_eoa_after":0.020085,"rails_before":7.294,"rails_after":8.736,"moved_to_rails":1.442000000000001,"note":"Facilitator self-settle EOA→rails. Closed-loop SML treasury."}
2026-07-28T20:18:51.269Z STATS settledByFacilitator={"cdp":1038,"self":503} recentSettled=50
2026-08-01T23:42:19.815Z START payer_eoa=0x523512A2Ab8aD92d16e6A6eB939811eC9914fA16 USDC=0.519085 rails=0x4e14B249D9A4c9c9352D780eCEB508A8eB7a7700 USDC=8.74 max=15 leave=0.05
2026-08-01T23:42:19.927Z payer is EOA ✓
2026-08-01T23:42:21.499Z OK #1 /x402/fx-rate?base=USD&symbols=EUR {"source":"frankfurter.dev/v2/rates","data":[{"date":"2026-08-01","base":"USD","
2026-08-01T23:42:23.489Z OK #2 /x402/fx-rate?base=USD&symbols=JPY {"source":"frankfurter.dev/v2/rates","data":[{"date":"2026-08-01","base":"USD","
2026-08-01T23:42:25.550Z OK #3 /x402/gas-tracker {"timestamp":"2026-08-01T23:42:25.466Z","chains":[{"chain":"ethereum","gas_gwei"
2026-08-01T23:42:27.544Z OK #4 /x402/web-fetch?url=https://example.com {"timestamp":"2026-08-01T23:42:27.461Z","url":"https://example.com","status":200
2026-08-01T23:42:30.230Z OK #5 /x402/news-headlines {"timestamp":"2026-08-01T23:42:30.146Z","q":"crypto OR bitcoin OR AI agents","co
2026-08-01T23:42:32.109Z OK #6 /x402/grants?keyword=ai {"source":"grants.gov/search2","total":140,"results":[{"id":"363121","number":"P
2026-08-01T23:42:33.817Z OK #7 /x402/treasury-yields {"source":"home.treasury.gov/yield-curve","month":"202608","latest":{},"recent_d
2026-08-01T23:42:35.410Z OK #8 /x402/pha-lookup {"matches":[{"id":"nc-kinston-kha","name":"Kinston Housing Authority","hud_code"
2026-08-01T23:42:37.049Z OK #9 /x402/hcv-fmr {"error":"zip_not_in_curated_seed","message":"This curated dataset only covers L
2026-08-01T23:42:38.616Z OK #10 /x402/housing-windsor {"property":{"address":"1607 Windsor Rd","city":"Kinston","county":"Lenoir","sta
2026-08-01T23:42:40.298Z OK #11 /x402/domain-enrich?domain=example.com {"timestamp":"2026-08-01T23:42:40.213Z","domain":"example.com","ips":["104.20.23
2026-08-01T23:42:42.533Z OK #12 /x402/market?naics=541512 {"source":"usaspending.gov/api/v2","naics":"541512","window":{"start_date":"2023
2026-08-01T23:42:44.434Z OK #13 /x402/sec-8k?ticker=AAPL {"source":"sec.gov/EDGAR","ticker":"AAPL","company":"Apple Inc.","cik":"320193",
2026-08-01T23:42:46.067Z OK #14 /x402/fx-rate?base=USD&symbols=EUR {"source":"frankfurter.dev/v2/rates","data":[{"date":"2026-08-01","base":"USD","
2026-08-01T23:42:47.597Z OK #15 /x402/fx-rate?base=USD&symbols=JPY {"source":"frankfurter.dev/v2/rates","data":[{"date":"2026-08-01","base":"USD","
2026-08-01T23:42:48.200Z DONE {"ok":15,"attempts":15,"eoa":"0x523512A2Ab8aD92d16e6A6eB939811eC9914fA16","rails":"0x4e14B249D9A4c9c9352D780eCEB508A8eB7a7700","usdc_eoa_before":0.519085,"usdc_eoa_after":0.506085,"rails_before":8.74,"rails_after":8.754,"moved_to_rails":0.013999999999999346,"note":"Facilitator self-settle EOA→rails. Closed-loop SML treasury."}
2026-08-01T23:42:48.384Z STATS settledByFacilitator={"cdp":15} recentSettled=15
2026-08-01T23:54:10.401Z START payer_eoa=0x523512A2Ab8aD92d16e6A6eB939811eC9914fA16 USDC=2.504085 rails=0x4e14B249D9A4c9c9352D780eCEB508A8eB7a7700 USDC=8.756 max=400 leave=0.05
2026-08-01T23:54:10.503Z payer is EOA ✓
2026-08-01T23:54:12.009Z OK #1 /x402/fx-rate?base=USD&symbols=EUR {"source":"frankfurter.dev/v2/rates","data":[{"date":"2026-08-01","base":"USD","
2026-08-01T23:54:14.134Z OK #2 /x402/fx-rate?base=USD&symbols=JPY {"source":"frankfurter.dev/v2/rates","data":[{"date":"2026-08-01","base":"USD","
2026-08-01T23:54:15.849Z OK #3 /x402/gas-tracker {"timestamp":"2026-08-01T23:54:15.758Z","chains":[{"chain":"ethereum","gas_gwei"
2026-08-01T23:54:17.454Z OK #4 /x402/web-fetch?url=https://example.com {"timestamp":"2026-08-01T23:54:17.365Z","url":"https://example.com","status":200
2026-08-01T23:54:19.965Z OK #5 /x402/news-headlines {"timestamp":"2026-08-01T23:54:19.876Z","q":"crypto OR bitcoin OR AI agents","co
2026-08-01T23:54:21.972Z OK #6 /x402/grants?keyword=ai {"source":"grants.gov/search2","total":140,"results":[{"id":"363121","number":"P
2026-08-01T23:54:23.745Z OK #7 /x402/treasury-yields {"source":"home.treasury.gov/yield-curve","month":"202608","latest":{},"recent_d
2026-08-01T23:54:25.706Z OK #8 /x402/pha-lookup {"matches":[{"id":"nc-kinston-kha","name":"Kinston Housing Authority","hud_code"
2026-08-01T23:54:27.265Z OK #9 /x402/hcv-fmr {"error":"zip_not_in_curated_seed","message":"This curated dataset only covers L
2026-08-01T23:54:28.788Z OK #10 /x402/housing-windsor {"property":{"address":"1607 Windsor Rd","city":"Kinston","county":"Lenoir","sta
2026-08-01T23:54:30.546Z OK #11 /x402/domain-enrich?domain=example.com {"timestamp":"2026-08-01T23:54:30.459Z","domain":"example.com","ips":["172.66.14
2026-08-01T23:54:32.273Z OK #12 /x402/market?naics=541512 {"source":"usaspending.gov/api/v2","naics":"541512","window":{"start_date":"2023
2026-08-01T23:54:34.109Z OK #13 /x402/sec-8k?ticker=AAPL {"source":"sec.gov/EDGAR","ticker":"AAPL","company":"Apple Inc.","cik":"320193",
2026-08-01T23:54:36.079Z OK #14 /x402/fx-rate?base=USD&symbols=EUR {"source":"frankfurter.dev/v2/rates","data":[{"date":"2026-08-01","base":"USD","
2026-08-01T23:54:37.647Z OK #15 /x402/fx-rate?base=USD&symbols=JPY {"source":"frankfurter.dev/v2/rates","data":[{"date":"2026-08-01","base":"USD","
2026-08-01T23:54:39.611Z OK #16 /x402/gas-tracker {"timestamp":"2026-08-01T23:54:39.524Z","chains":[{"chain":"ethereum","gas_gwei"
2026-08-01T23:54:41.555Z OK #17 /x402/web-fetch?url=https://example.com {"timestamp":"2026-08-01T23:54:41.465Z","url":"https://example.com","status":200
2026-08-01T23:54:43.466Z OK #18 /x402/news-headlines {"timestamp":"2026-08-01T23:54:43.373Z","q":"crypto OR bitcoin OR AI agents","co
2026-08-01T23:54:45.701Z OK #19 /x402/grants?keyword=ai {"source":"grants.gov/search2","total":140,"results":[{"id":"363121","number":"P
2026-08-01T23:54:47.628Z OK #20 /x402/treasury-yields {"source":"home.treasury.gov/yield-curve","month":"202608","latest":{},"recent_d
2026-08-01T23:54:49.308Z OK #21 /x402/pha-lookup {"matches":[{"id":"nc-kinston-kha","name":"Kinston Housing Authority","hud_code"
2026-08-01T23:54:50.867Z OK #22 /x402/hcv-fmr {"error":"zip_not_in_curated_seed","message":"This curated dataset only covers L
2026-08-01T23:54:52.824Z OK #23 /x402/housing-windsor {"property":{"address":"1607 Windsor Rd","city":"Kinston","county":"Lenoir","sta
2026-08-01T23:54:54.642Z OK #24 /x402/domain-enrich?domain=example.com {"timestamp":"2026-08-01T23:54:54.554Z","domain":"example.com","ips":["104.20.23
2026-08-01T23:54:56.580Z OK #25 /x402/market?naics=541512 {"source":"usaspending.gov/api/v2","naics":"541512","window":{"start_date":"2023
2026-08-01T23:54:58.364Z OK #26 /x402/sec-8k?ticker=AAPL {"source":"sec.gov/EDGAR","ticker":"AAPL","company":"Apple Inc.","cik":"320193",
2026-08-01T23:55:00.296Z OK #27 /x402/fx-rate?base=USD&symbols=EUR {"source":"frankfurter.dev/v2/rates","data":[{"date":"2026-08-01","base":"USD","
2026-08-01T23:55:01.984Z OK #28 /x402/fx-rate?base=USD&symbols=JPY {"source":"frankfurter.dev/v2/rates","data":[{"date":"2026-08-01","base":"USD","
2026-08-01T23:55:03.805Z OK #29 /x402/gas-tracker {"timestamp":"2026-08-01T23:55:03.714Z","chains":[{"chain":"ethereum","gas_gwei"
2026-08-01T23:55:05.661Z OK #30 /x402/web-fetch?url=https://example.com {"timestamp":"2026-08-01T23:55:05.574Z","url":"https://example.com","status":200
2026-08-01T23:55:07.737Z OK #31 /x402/news-headlines {"timestamp":"2026-08-01T23:55:07.648Z","q":"crypto OR bitcoin OR AI agents","co
2026-08-01T23:55:09.721Z OK #32 /x402/grants?keyword=ai {"source":"grants.gov/search2","total":140,"results":[{"id":"363121","number":"P
2026-08-01T23:55:11.356Z OK #33 /x402/treasury-yields {"source":"home.treasury.gov/yield-curve","month":"202608","latest":{},"recent_d
2026-08-01T23:55:12.883Z OK #34 /x402/pha-lookup {"matches":[{"id":"nc-kinston-kha","name":"Kinston Housing Authority","hud_code"
2026-08-01T23:55:14.408Z OK #35 /x402/hcv-fmr {"error":"zip_not_in_curated_seed","message":"This curated dataset only covers L
2026-08-01T23:55:15.897Z OK #36 /x402/housing-windsor {"property":{"address":"1607 Windsor Rd","city":"Kinston","county":"Lenoir","sta
2026-08-01T23:55:17.685Z OK #37 /x402/domain-enrich?domain=example.com {"timestamp":"2026-08-01T23:55:17.598Z","domain":"example.com","ips":["172.66.14
2026-08-01T23:55:19.711Z OK #38 /x402/market?naics=541512 {"source":"usaspending.gov/api/v2","naics":"541512","window":{"start_date":"2023
2026-08-01T23:55:21.435Z OK #39 /x402/sec-8k?ticker=AAPL {"source":"sec.gov/EDGAR","ticker":"AAPL","company":"Apple Inc.","cik":"320193",
2026-08-01T23:55:23.627Z OK #40 /x402/fx-rate?base=USD&symbols=EUR {"source":"frankfurter.dev/v2/rates","data":[{"date":"2026-08-01","base":"USD","
2026-08-01T23:55:25.624Z OK #41 /x402/fx-rate?base=USD&symbols=JPY {"source":"frankfurter.dev/v2/rates","data":[{"date":"2026-08-01","base":"USD","
2026-08-01T23:55:27.751Z OK #42 /x402/gas-tracker {"timestamp":"2026-08-01T23:55:27.663Z","chains":[{"chain":"ethereum","gas_gwei"
2026-08-01T23:55:29.389Z OK #43 /x402/web-fetch?url=https://example.com {"timestamp":"2026-08-01T23:55:29.285Z","url":"https://example.com","status":200
2026-08-01T23:55:31.020Z OK #44 /x402/news-headlines {"timestamp":"2026-08-01T23:55:30.928Z","q":"crypto OR bitcoin OR AI agents","co
2026-08-01T23:55:33.108Z OK #45 /x402/grants?keyword=ai {"source":"grants.gov/search2","total":140,"results":[{"id":"363121","number":"P
2026-08-01T23:55:34.674Z OK #46 /x402/treasury-yields {"source":"home.treasury.gov/yield-curve","month":"202608","latest":{},"recent_d
2026-08-01T23:55:36.180Z OK #47 /x402/pha-lookup {"matches":[{"id":"nc-kinston-kha","name":"Kinston Housing Authority","hud_code"
2026-08-01T23:55:37.852Z OK #48 /x402/hcv-fmr {"error":"zip_not_in_curated_seed","message":"This curated dataset only covers L
2026-08-01T23:55:39.528Z OK #49 /x402/housing-windsor {"property":{"address":"1607 Windsor Rd","city":"Kinston","county":"Lenoir","sta
2026-08-01T23:55:41.594Z OK #50 /x402/domain-enrich?domain=example.com {"timestamp":"2026-08-01T23:55:41.491Z","domain":"example.com","ips":["104.20.23
2026-08-01T23:55:43.810Z OK #51 /x402/market?naics=541512 {"source":"usaspending.gov/api/v2","naics":"541512","window":{"start_date":"2023
2026-08-01T23:55:45.542Z OK #52 /x402/sec-8k?ticker=AAPL {"source":"sec.gov/EDGAR","ticker":"AAPL","company":"Apple Inc.","cik":"320193",
2026-08-01T23:55:47.607Z OK #53 /x402/fx-rate?base=USD&symbols=EUR {"source":"frankfurter.dev/v2/rates","data":[{"date":"2026-08-01","base":"USD","
2026-08-01T23:55:49.416Z OK #54 /x402/fx-rate?base=USD&symbols=JPY {"source":"frankfurter.dev/v2/rates","data":[{"date":"2026-08-01","base":"USD","
2026-08-01T23:55:51.685Z OK #55 /x402/gas-tracker {"timestamp":"2026-08-01T23:55:51.581Z","chains":[{"chain":"ethereum","gas_gwei"
2026-08-01T23:55:53.651Z OK #56 /x402/web-fetch?url=https://example.com {"timestamp":"2026-08-01T23:55:53.548Z","url":"https://example.com","status":200
2026-08-01T23:55:55.478Z OK #57 /x402/news-headlines {"timestamp":"2026-08-01T23:55:55.386Z","q":"crypto OR bitcoin OR AI agents","co
2026-08-01T23:55:57.840Z OK #58 /x402/grants?keyword=ai {"source":"grants.gov/search2","total":140,"results":[{"id":"363121","number":"P
2026-08-01T23:55:59.621Z OK #59 /x402/treasury-yields {"source":"home.treasury.gov/yield-curve","month":"202608","latest":{},"recent_d
2026-08-01T23:56:01.262Z OK #60 /x402/pha-lookup {"matches":[{"id":"nc-kinston-kha","name":"Kinston Housing Authority","hud_code"
2026-08-01T23:56:03.024Z OK #61 /x402/hcv-fmr {"error":"zip_not_in_curated_seed","message":"This curated dataset only covers L
2026-08-01T23:56:04.572Z OK #62 /x402/housing-windsor {"property":{"address":"1607 Windsor Rd","city":"Kinston","county":"Lenoir","sta
2026-08-01T23:56:06.391Z OK #63 /x402/domain-enrich?domain=example.com {"timestamp":"2026-08-01T23:56:06.289Z","domain":"example.com","ips":["104.20.23
2026-08-01T23:56:08.081Z OK #64 /x402/market?naics=541512 {"source":"usaspending.gov/api/v2","naics":"541512","window":{"start_date":"2023
2026-08-01T23:56:09.750Z OK #65 /x402/sec-8k?ticker=AAPL {"source":"sec.gov/EDGAR","ticker":"AAPL","company":"Apple Inc.","cik":"320193",
2026-08-01T23:56:11.346Z OK #66 /x402/fx-rate?base=USD&symbols=EUR {"source":"frankfurter.dev/v2/rates","data":[{"date":"2026-08-01","base":"USD","
2026-08-01T23:56:12.932Z OK #67 /x402/fx-rate?base=USD&symbols=JPY {"source":"frankfurter.dev/v2/rates","data":[{"date":"2026-08-01","base":"USD","
2026-08-01T23:56:14.780Z OK #68 /x402/gas-tracker {"timestamp":"2026-08-01T23:56:14.677Z","chains":[{"chain":"ethereum","gas_gwei"
2026-08-01T23:56:16.862Z OK #69 /x402/web-fetch?url=https://example.com {"timestamp":"2026-08-01T23:56:16.759Z","url":"https://example.com","status":200
2026-08-01T23:56:18.562Z OK #70 /x402/news-headlines {"timestamp":"2026-08-01T23:56:18.473Z","q":"crypto OR bitcoin OR AI agents","co
2026-08-01T23:56:20.598Z OK #71 /x402/grants?keyword=ai {"source":"grants.gov/search2","total":140,"results":[{"id":"363121","number":"P
2026-08-01T23:56:22.249Z OK #72 /x402/treasury-yields {"source":"home.treasury.gov/yield-curve","month":"202608","latest":{},"recent_d
2026-08-01T23:56:23.814Z OK #73 /x402/pha-lookup {"matches":[{"id":"nc-kinston-kha","name":"Kinston Housing Authority","hud_code"
2026-08-01T23:56:25.327Z OK #74 /x402/hcv-fmr {"error":"zip_not_in_curated_seed","message":"This curated dataset only covers L
2026-08-01T23:56:26.809Z OK #75 /x402/housing-windsor {"property":{"address":"1607 Windsor Rd","city":"Kinston","county":"Lenoir","sta
2026-08-01T23:56:28.572Z OK #76 /x402/domain-enrich?domain=example.com {"timestamp":"2026-08-01T23:56:28.484Z","domain":"example.com","ips":["104.20.23
2026-08-01T23:56:30.390Z OK #77 /x402/market?naics=541512 {"source":"usaspending.gov/api/v2","naics":"541512","window":{"start_date":"2023
2026-08-01T23:56:32.140Z OK #78 /x402/sec-8k?ticker=AAPL {"source":"sec.gov/EDGAR","ticker":"AAPL","company":"Apple Inc.","cik":"320193",
2026-08-01T23:56:33.723Z OK #79 /x402/fx-rate?base=USD&symbols=EUR {"source":"frankfurter.dev/v2/rates","data":[{"date":"2026-08-01","base":"USD","
2026-08-01T23:56:35.590Z OK #80 /x402/fx-rate?base=USD&symbols=JPY {"source":"frankfurter.dev/v2/rates","data":[{"date":"2026-08-01","base":"USD","
2026-08-01T23:56:37.797Z OK #81 /x402/gas-tracker {"timestamp":"2026-08-01T23:56:37.710Z","chains":[{"chain":"ethereum","gas_gwei"
2026-08-01T23:56:39.432Z OK #82 /x402/web-fetch?url=https://example.com {"timestamp":"2026-08-01T23:56:39.344Z","url":"https://example.com","status":200
2026-08-01T23:56:41.954Z OK #83 /x402/news-headlines {"timestamp":"2026-08-01T23:56:41.864Z","q":"crypto OR bitcoin OR AI agents","co
2026-08-01T23:56:43.817Z OK #84 /x402/grants?keyword=ai {"source":"grants.gov/search2","total":140,"results":[{"id":"363121","number":"P
2026-08-01T23:56:45.678Z OK #85 /x402/treasury-yields {"source":"home.treasury.gov/yield-curve","month":"202608","latest":{},"recent_d
2026-08-01T23:56:47.276Z OK #86 /x402/pha-lookup {"matches":[{"id":"nc-kinston-kha","name":"Kinston Housing Authority","hud_code"
2026-08-01T23:56:48.765Z OK #87 /x402/hcv-fmr {"error":"zip_not_in_curated_seed","message":"This curated dataset only covers L
2026-08-01T23:56:50.475Z OK #88 /x402/housing-windsor {"property":{"address":"1607 Windsor Rd","city":"Kinston","county":"Lenoir","sta
2026-08-01T23:56:52.425Z OK #89 /x402/domain-enrich?domain=example.com {"timestamp":"2026-08-01T23:56:52.339Z","domain":"example.com","ips":["104.20.23
2026-08-01T23:56:54.216Z OK #90 /x402/market?naics=541512 {"source":"usaspending.gov/api/v2","naics":"541512","window":{"start_date":"2023
2026-08-01T23:56:56.105Z OK #91 /x402/sec-8k?ticker=AAPL {"source":"sec.gov/EDGAR","ticker":"AAPL","company":"Apple Inc.","cik":"320193",
2026-08-01T23:56:57.768Z OK #92 /x402/fx-rate?base=USD&symbols=EUR {"source":"frankfurter.dev/v2/rates","data":[{"date":"2026-08-01","base":"USD","
2026-08-01T23:56:59.431Z OK #93 /x402/fx-rate?base=USD&symbols=JPY {"source":"frankfurter.dev/v2/rates","data":[{"date":"2026-08-01","base":"USD","
2026-08-01T23:57:01.154Z OK #94 /x402/gas-tracker {"timestamp":"2026-08-01T23:57:01.051Z","chains":[{"chain":"ethereum","gas_gwei"
2026-08-01T23:57:03.165Z OK #95 /x402/web-fetch?url=https://example.com {"timestamp":"2026-08-01T23:57:03.076Z","url":"https://example.com","status":200
2026-08-01T23:57:04.811Z OK #96 /x402/news-headlines {"timestamp":"2026-08-01T23:57:04.707Z","q":"crypto OR bitcoin OR AI agents","co
2026-08-01T23:57:06.607Z OK #97 /x402/grants?keyword=ai {"source":"grants.gov/search2","total":140,"results":[{"id":"363121","number":"P
2026-08-01T23:57:08.238Z OK #98 /x402/treasury-yields {"source":"home.treasury.gov/yield-curve","month":"202608","latest":{},"recent_d
2026-08-01T23:57:09.774Z OK #99 /x402/pha-lookup {"matches":[{"id":"nc-kinston-kha","name":"Kinston Housing Authority","hud_code"
2026-08-01T23:57:11.353Z OK #100 /x402/hcv-fmr {"error":"zip_not_in_curated_seed","message":"This curated dataset only covers L
2026-08-01T23:57:13.588Z OK #101 /x402/housing-windsor {"property":{"address":"1607 Windsor Rd","city":"Kinston","county":"Lenoir","sta
2026-08-01T23:57:15.646Z OK #102 /x402/domain-enrich?domain=example.com {"timestamp":"2026-08-01T23:57:15.557Z","domain":"example.com","ips":["104.20.23
2026-08-01T23:57:17.856Z OK #103 /x402/market?naics=541512 {"source":"usaspending.gov/api/v2","naics":"541512","window":{"start_date":"2023
2026-08-01T23:57:19.491Z OK #104 /x402/sec-8k?ticker=AAPL {"source":"sec.gov/EDGAR","ticker":"AAPL","company":"Apple Inc.","cik":"320193",
2026-08-01T23:57:21.443Z OK #105 /x402/fx-rate?base=USD&symbols=EUR {"source":"frankfurter.dev/v2/rates","data":[{"date":"2026-08-01","base":"USD","
2026-08-01T23:57:23.091Z OK #106 /x402/fx-rate?base=USD&symbols=JPY {"source":"frankfurter.dev/v2/rates","data":[{"date":"2026-08-01","base":"USD","
2026-08-01T23:57:24.815Z OK #107 /x402/gas-tracker {"timestamp":"2026-08-01T23:57:24.713Z","chains":[{"chain":"ethereum","gas_gwei"
2026-08-01T23:57:26.372Z OK #108 /x402/web-fetch?url=https://example.com {"timestamp":"2026-08-01T23:57:26.284Z","url":"https://example.com","status":200
2026-08-01T23:57:28.047Z OK #109 /x402/news-headlines {"timestamp":"2026-08-01T23:57:27.958Z","q":"crypto OR bitcoin OR AI agents","co
2026-08-01T23:57:29.988Z OK #110 /x402/grants?keyword=ai {"source":"grants.gov/search2","total":140,"results":[{"id":"363121","number":"P
2026-08-01T23:57:31.681Z OK #111 /x402/treasury-yields {"source":"home.treasury.gov/yield-curve","month":"202608","latest":{},"recent_d
2026-08-01T23:57:33.608Z OK #112 /x402/pha-lookup {"matches":[{"id":"nc-kinston-kha","name":"Kinston Housing Authority","hud_code"
2026-08-01T23:57:35.328Z OK #113 /x402/hcv-fmr {"error":"zip_not_in_curated_seed","message":"This curated dataset only covers L
2026-08-01T23:57:36.930Z OK #114 /x402/housing-windsor {"property":{"address":"1607 Windsor Rd","city":"Kinston","county":"Lenoir","sta
2026-08-01T23:57:38.717Z OK #115 /x402/domain-enrich?domain=example.com {"timestamp":"2026-08-01T23:57:38.630Z","domain":"example.com","ips":["172.66.14
2026-08-01T23:57:40.534Z OK #116 /x402/market?naics=541512 {"source":"usaspending.gov/api/v2","naics":"541512","window":{"start_date":"2023
2026-08-01T23:57:42.274Z OK #117 /x402/sec-8k?ticker=AAPL {"source":"sec.gov/EDGAR","ticker":"AAPL","company":"Apple Inc.","cik":"320193",
2026-08-01T23:57:44.261Z OK #118 /x402/fx-rate?base=USD&symbols=EUR {"source":"frankfurter.dev/v2/rates","data":[{"date":"2026-08-01","base":"USD","
2026-08-01T23:57:45.923Z OK #119 /x402/fx-rate?base=USD&symbols=JPY {"source":"frankfurter.dev/v2/rates","data":[{"date":"2026-08-01","base":"USD","
2026-08-01T23:57:47.675Z OK #120 /x402/gas-tracker {"timestamp":"2026-08-01T23:57:47.587Z","chains":[{"chain":"ethereum","gas_gwei"
2026-08-01T23:57:49.321Z OK #121 /x402/web-fetch?url=https://example.com {"timestamp":"2026-08-01T23:57:49.217Z","url":"https://example.com","status":200
2026-08-01T23:57:50.971Z OK #122 /x402/news-headlines {"timestamp":"2026-08-01T23:57:50.868Z","q":"crypto OR bitcoin OR AI agents","co
2026-08-01T23:57:52.841Z OK #123 /x402/grants?keyword=ai {"source":"grants.gov/search2","total":140,"results":[{"id":"363121","number":"P
2026-08-01T23:57:54.562Z OK #124 /x402/treasury-yields {"source":"home.treasury.gov/yield-curve","month":"202608","latest":{},"recent_d
2026-08-01T23:57:56.213Z OK #125 /x402/pha-lookup {"matches":[{"id":"nc-kinston-kha","name":"Kinston Housing Authority","hud_code"
2026-08-01T23:57:57.892Z OK #126 /x402/hcv-fmr {"error":"zip_not_in_curated_seed","message":"This curated dataset only covers L
2026-08-01T23:57:59.556Z OK #127 /x402/housing-windsor {"property":{"address":"1607 Windsor Rd","city":"Kinston","county":"Lenoir","sta
2026-08-01T23:58:01.787Z OK #128 /x402/domain-enrich?domain=example.com {"timestamp":"2026-08-01T23:58:01.684Z","domain":"example.com","ips":["104.20.23
2026-08-01T23:58:03.710Z OK #129 /x402/market?naics=541512 {"source":"usaspending.gov/api/v2","naics":"541512","window":{"start_date":"2023
2026-08-01T23:58:05.973Z OK #130 /x402/sec-8k?ticker=AAPL {"source":"sec.gov/EDGAR","ticker":"AAPL","company":"Apple Inc.","cik":"320193",
2026-08-01T23:58:07.593Z OK #131 /x402/fx-rate?base=USD&symbols=EUR {"source":"frankfurter.dev/v2/rates","data":[{"date":"2026-08-01","base":"USD","
2026-08-01T23:58:09.303Z OK #132 /x402/fx-rate?base=USD&symbols=JPY {"source":"frankfurter.dev/v2/rates","data":[{"date":"2026-08-01","base":"USD","
2026-08-01T23:58:11.092Z OK #133 /x402/gas-tracker {"timestamp":"2026-08-01T23:58:11.004Z","chains":[{"chain":"ethereum","gas_gwei"
2026-08-01T23:58:13.021Z OK #134 /x402/web-fetch?url=https://example.com {"timestamp":"2026-08-01T23:58:12.918Z","url":"https://example.com","status":200
2026-08-01T23:58:14.910Z OK #135 /x402/news-headlines {"timestamp":"2026-08-01T23:58:14.822Z","q":"crypto OR bitcoin OR AI agents","co
2026-08-01T23:58:16.710Z OK #136 /x402/grants?keyword=ai {"source":"grants.gov/search2","total":140,"results":[{"id":"363121","number":"P
2026-08-01T23:58:18.390Z OK #137 /x402/treasury-yields {"source":"home.treasury.gov/yield-curve","month":"202608","latest":{},"recent_d
2026-08-01T23:58:20.089Z OK #138 /x402/pha-lookup {"matches":[{"id":"nc-kinston-kha","name":"Kinston Housing Authority","hud_code"
2026-08-01T23:58:21.623Z OK #139 /x402/hcv-fmr {"error":"zip_not_in_curated_seed","message":"This curated dataset only covers L
2026-08-01T23:58:23.431Z OK #140 /x402/housing-windsor {"property":{"address":"1607 Windsor Rd","city":"Kinston","county":"Lenoir","sta
2026-08-01T23:58:25.616Z OK #141 /x402/domain-enrich?domain=example.com {"timestamp":"2026-08-01T23:58:25.527Z","domain":"example.com","ips":["172.66.14
2026-08-01T23:58:27.793Z OK #142 /x402/market?naics=541512 {"source":"usaspending.gov/api/v2","naics":"541512","window":{"start_date":"2023
2026-08-01T23:58:29.713Z OK #143 /x402/sec-8k?ticker=AAPL {"source":"sec.gov/EDGAR","ticker":"AAPL","company":"Apple Inc.","cik":"320193",
2026-08-01T23:58:31.442Z OK #144 /x402/fx-rate?base=USD&symbols=EUR {"source":"frankfurter.dev/v2/rates","data":[{"date":"2026-08-01","base":"USD","
2026-08-01T23:58:33.119Z OK #145 /x402/fx-rate?base=USD&symbols=JPY {"source":"frankfurter.dev/v2/rates","data":[{"date":"2026-08-01","base":"USD","
2026-08-01T23:58:34.852Z OK #146 /x402/gas-tracker {"timestamp":"2026-08-01T23:58:34.749Z","chains":[{"chain":"ethereum","gas_gwei"
2026-08-01T23:58:36.419Z OK #147 /x402/web-fetch?url=https://example.com {"timestamp":"2026-08-01T23:58:36.332Z","url":"https://example.com","status":200
2026-08-01T23:58:38.198Z OK #148 /x402/news-headlines {"timestamp":"2026-08-01T23:58:38.108Z","q":"crypto OR bitcoin OR AI agents","co
2026-08-01T23:58:40.014Z OK #149 /x402/grants?keyword=ai {"source":"grants.gov/search2","total":140,"results":[{"id":"363121","number":"P
2026-08-01T23:58:41.616Z OK #150 /x402/treasury-yields {"source":"home.treasury.gov/yield-curve","month":"202608","latest":{},"recent_d
2026-08-01T23:58:43.440Z OK #151 /x402/pha-lookup {"matches":[{"id":"nc-kinston-kha","name":"Kinston Housing Authority","hud_code"
2026-08-01T23:58:45.440Z OK #152 /x402/hcv-fmr {"error":"zip_not_in_curated_seed","message":"This curated dataset only covers L
2026-08-01T23:58:47.354Z OK #153 /x402/housing-windsor {"property":{"address":"1607 Windsor Rd","city":"Kinston","county":"Lenoir","sta
2026-08-01T23:58:49.221Z OK #154 /x402/domain-enrich?domain=example.com {"timestamp":"2026-08-01T23:58:49.130Z","domain":"example.com","ips":["172.66.14
2026-08-01T23:58:51.127Z OK #155 /x402/market?naics=541512 {"source":"usaspending.gov/api/v2","naics":"541512","window":{"start_date":"2023
2026-08-01T23:58:52.712Z OK #156 /x402/sec-8k?ticker=AAPL {"source":"sec.gov/EDGAR","ticker":"AAPL","company":"Apple Inc.","cik":"320193",
2026-08-01T23:58:54.282Z OK #157 /x402/fx-rate?base=USD&symbols=EUR {"source":"frankfurter.dev/v2/rates","data":[{"date":"2026-08-01","base":"USD","
2026-08-01T23:58:55.875Z OK #158 /x402/fx-rate?base=USD&symbols=JPY {"source":"frankfurter.dev/v2/rates","data":[{"date":"2026-08-01","base":"USD","
2026-08-01T23:58:57.547Z OK #159 /x402/gas-tracker {"timestamp":"2026-08-01T23:58:57.444Z","chains":[{"chain":"ethereum","gas_gwei"
2026-08-01T23:58:59.355Z OK #160 /x402/web-fetch?url=https://example.com {"timestamp":"2026-08-01T23:58:59.268Z","url":"https://example.com","status":200
2026-08-01T23:59:01.501Z OK #161 /x402/news-headlines {"timestamp":"2026-08-01T23:59:01.397Z","q":"crypto OR bitcoin OR AI agents","co
2026-08-01T23:59:03.789Z OK #162 /x402/grants?keyword=ai {"source":"grants.gov/search2","total":140,"results":[{"id":"363121","number":"P
2026-08-01T23:59:05.409Z OK #163 /x402/treasury-yields {"source":"home.treasury.gov/yield-curve","month":"202608","latest":{},"recent_d
2026-08-01T23:59:07.598Z OK #164 /x402/pha-lookup {"matches":[{"id":"nc-kinston-kha","name":"Kinston Housing Authority","hud_code"
2026-08-01T23:59:09.568Z OK #165 /x402/hcv-fmr {"error":"zip_not_in_curated_seed","message":"This curated dataset only covers L
2026-08-01T23:59:11.559Z OK #166 /x402/housing-windsor {"property":{"address":"1607 Windsor Rd","city":"Kinston","county":"Lenoir","sta
2026-08-01T23:59:13.493Z OK #167 /x402/domain-enrich?domain=example.com {"timestamp":"2026-08-01T23:59:13.406Z","domain":"example.com","ips":["104.20.23
2026-08-01T23:59:15.642Z OK #168 /x402/market?naics=541512 {"source":"usaspending.gov/api/v2","naics":"541512","window":{"start_date":"2023
2026-08-01T23:59:17.460Z OK #169 /x402/sec-8k?ticker=AAPL {"source":"sec.gov/EDGAR","ticker":"AAPL","company":"Apple Inc.","cik":"320193",
2026-08-01T23:59:19.416Z OK #170 /x402/fx-rate?base=USD&symbols=EUR {"source":"frankfurter.dev/v2/rates","data":[{"date":"2026-08-01","base":"USD","
2026-08-01T23:59:21.073Z OK #171 /x402/fx-rate?base=USD&symbols=JPY {"source":"frankfurter.dev/v2/rates","data":[{"date":"2026-08-01","base":"USD","
2026-08-01T23:59:22.721Z OK #172 /x402/gas-tracker {"timestamp":"2026-08-01T23:59:22.633Z","chains":[{"chain":"ethereum","gas_gwei"
2026-08-01T23:59:24.524Z OK #173 /x402/web-fetch?url=https://example.com {"timestamp":"2026-08-01T23:59:24.437Z","url":"https://example.com","status":200
2026-08-01T23:59:26.284Z OK #174 /x402/news-headlines {"timestamp":"2026-08-01T23:59:26.197Z","q":"crypto OR bitcoin OR AI agents","co
2026-08-01T23:59:28.319Z OK #175 /x402/grants?keyword=ai {"source":"grants.gov/search2","total":140,"results":[{"id":"363121","number":"P
2026-08-01T23:59:30.108Z OK #176 /x402/treasury-yields {"source":"home.treasury.gov/yield-curve","month":"202608","latest":{},"recent_d
2026-08-01T23:59:31.743Z OK #177 /x402/pha-lookup {"matches":[{"id":"nc-kinston-kha","name":"Kinston Housing Authority","hud_code"
2026-08-01T23:59:33.388Z OK #178 /x402/hcv-fmr {"error":"zip_not_in_curated_seed","message":"This curated dataset only covers L
2026-08-01T23:59:34.925Z OK #179 /x402/housing-windsor {"property":{"address":"1607 Windsor Rd","city":"Kinston","county":"Lenoir","sta
2026-08-01T23:59:36.712Z OK #180 /x402/domain-enrich?domain=example.com {"timestamp":"2026-08-01T23:59:36.610Z","domain":"example.com","ips":["172.66.14
2026-08-01T23:59:38.551Z OK #181 /x402/market?naics=541512 {"source":"usaspending.gov/api/v2","naics":"541512","window":{"start_date":"2023
2026-08-01T23:59:40.092Z OK #182 /x402/sec-8k?ticker=AAPL {"source":"sec.gov/EDGAR","ticker":"AAPL","company":"Apple Inc.","cik":"320193",
2026-08-01T23:59:41.733Z OK #183 /x402/fx-rate?base=USD&symbols=EUR {"source":"frankfurter.dev/v2/rates","data":[{"date":"2026-08-01","base":"USD","
2026-08-01T23:59:43.299Z OK #184 /x402/fx-rate?base=USD&symbols=JPY {"source":"frankfurter.dev/v2/rates","data":[{"date":"2026-08-01","base":"USD","
2026-08-01T23:59:44.962Z OK #185 /x402/gas-tracker {"timestamp":"2026-08-01T23:59:44.875Z","chains":[{"chain":"ethereum","gas_gwei"
2026-08-01T23:59:46.447Z OK #186 /x402/web-fetch?url=https://example.com {"timestamp":"2026-08-01T23:59:46.360Z","url":"https://example.com","status":200
2026-08-01T23:59:48.153Z OK #187 /x402/news-headlines {"timestamp":"2026-08-01T23:59:48.050Z","q":"crypto OR bitcoin OR AI agents","co
2026-08-01T23:59:50.056Z OK #188 /x402/grants?keyword=ai {"source":"grants.gov/search2","total":140,"results":[{"id":"363121","number":"P
2026-08-01T23:59:51.642Z OK #189 /x402/treasury-yields {"source":"home.treasury.gov/yield-curve","month":"202608","latest":{},"recent_d
2026-08-01T23:59:53.564Z OK #190 /x402/pha-lookup {"matches":[{"id":"nc-kinston-kha","name":"Kinston Housing Authority","hud_code"
2026-08-01T23:59:55.557Z OK #191 /x402/hcv-fmr {"error":"zip_not_in_curated_seed","message":"This curated dataset only covers L
2026-08-01T23:59:57.545Z OK #192 /x402/housing-windsor {"property":{"address":"1607 Windsor Rd","city":"Kinston","county":"Lenoir","sta
2026-08-01T23:59:59.628Z OK #193 /x402/domain-enrich?domain=example.com {"timestamp":"2026-08-01T23:59:59.525Z","domain":"example.com","ips":["104.20.23
2026-08-02T00:00:02.078Z OK #194 /x402/market?naics=541512 {"source":"usaspending.gov/api/v2","naics":"541512","window":{"start_date":"2023
2026-08-02T00:00:03.940Z OK #195 /x402/sec-8k?ticker=AAPL {"source":"sec.gov/EDGAR","ticker":"AAPL","company":"Apple Inc.","cik":"320193",
2026-08-02T00:00:09.267Z OK #196 /x402/fx-rate?base=USD&symbols=EUR {"source":"frankfurter.dev/v2/rates","data":[{"date":"2026-08-01","base":"USD","
2026-08-02T00:00:10.935Z OK #197 /x402/fx-rate?base=USD&symbols=JPY {"source":"frankfurter.dev/v2/rates","data":[{"date":"2026-08-01","base":"USD","
2026-08-02T00:00:12.523Z OK #198 /x402/gas-tracker {"timestamp":"2026-08-02T00:00:12.436Z","chains":[{"chain":"ethereum","gas_gwei"
2026-08-02T00:00:14.087Z OK #199 /x402/web-fetch?url=https://example.com {"timestamp":"2026-08-02T00:00:13.999Z","url":"https://example.com","status":200
2026-08-02T00:00:16.143Z OK #200 /x402/news-headlines {"timestamp":"2026-08-02T00:00:16.055Z","q":"crypto OR bitcoin OR AI agents","co
2026-08-02T00:00:18.090Z OK #201 /x402/grants?keyword=ai {"source":"grants.gov/search2","total":140,"results":[{"id":"363121","number":"P
2026-08-02T00:00:19.840Z OK #202 /x402/treasury-yields {"source":"home.treasury.gov/yield-curve","month":"202608","latest":{},"recent_d
2026-08-02T00:00:21.565Z OK #203 /x402/pha-lookup {"matches":[{"id":"nc-kinston-kha","name":"Kinston Housing Authority","hud_code"
2026-08-02T00:00:23.386Z OK #204 /x402/hcv-fmr {"error":"zip_not_in_curated_seed","message":"This curated dataset only covers L
2026-08-02T00:00:25.348Z OK #205 /x402/housing-windsor {"property":{"address":"1607 Windsor Rd","city":"Kinston","county":"Lenoir","sta
2026-08-02T00:00:27.080Z OK #206 /x402/domain-enrich?domain=example.com {"timestamp":"2026-08-02T00:00:26.992Z","domain":"example.com","ips":["172.66.14
2026-08-02T00:00:28.831Z OK #207 /x402/market?naics=541512 {"source":"usaspending.gov/api/v2","naics":"541512","window":{"start_date":"2023
2026-08-02T00:00:31.047Z OK #208 /x402/sec-8k?ticker=AAPL {"source":"sec.gov/EDGAR","ticker":"AAPL","company":"Apple Inc.","cik":"320193",
2026-08-02T00:00:32.723Z OK #209 /x402/fx-rate?base=USD&symbols=EUR {"source":"frankfurter.dev/v2/rates","data":[{"date":"2026-08-01","base":"USD","
2026-08-02T00:00:34.396Z OK #210 /x402/fx-rate?base=USD&symbols=JPY {"source":"frankfurter.dev/v2/rates","data":[{"date":"2026-08-01","base":"USD","
2026-08-02T00:00:36.137Z OK #211 /x402/gas-tracker {"timestamp":"2026-08-02T00:00:36.046Z","chains":[{"chain":"ethereum","gas_gwei"
2026-08-02T00:00:37.652Z OK #212 /x402/web-fetch?url=https://example.com {"timestamp":"2026-08-02T00:00:37.567Z","url":"https://example.com","status":200
2026-08-02T00:00:39.822Z OK #213 /x402/news-headlines {"timestamp":"2026-08-02T00:00:39.718Z","q":"crypto OR bitcoin OR AI agents","co
2026-08-02T00:00:41.650Z OK #214 /x402/grants?keyword=ai {"source":"grants.gov/search2","total":140,"results":[{"id":"363121","number":"P
2026-08-02T00:00:43.706Z OK #215 /x402/treasury-yields {"source":"home.treasury.gov/yield-curve","month":"202608","latest":{},"recent_d
2026-08-02T00:00:45.498Z OK #216 /x402/pha-lookup {"matches":[{"id":"nc-kinston-kha","name":"Kinston Housing Authority","hud_code"
2026-08-02T00:00:47.468Z OK #217 /x402/hcv-fmr {"error":"zip_not_in_curated_seed","message":"This curated dataset only covers L
2026-08-02T00:00:49.529Z OK #218 /x402/housing-windsor {"property":{"address":"1607 Windsor Rd","city":"Kinston","county":"Lenoir","sta
2026-08-02T00:00:51.752Z OK #219 /x402/domain-enrich?domain=example.com {"timestamp":"2026-08-02T00:00:51.649Z","domain":"example.com","ips":["172.66.14
2026-08-02T00:00:53.758Z OK #220 /x402/market?naics=541512 {"source":"usaspending.gov/api/v2","naics":"541512","window":{"start_date":"2023
2026-08-02T00:00:55.807Z OK #221 /x402/sec-8k?ticker=AAPL {"source":"sec.gov/EDGAR","ticker":"AAPL","company":"Apple Inc.","cik":"320193",
2026-08-02T00:00:57.528Z OK #222 /x402/fx-rate?base=USD&symbols=EUR {"source":"frankfurter.dev/v2/rates","data":[{"date":"2026-08-01","base":"USD","
2026-08-02T00:00:59.694Z OK #223 /x402/fx-rate?base=USD&symbols=JPY {"source":"frankfurter.dev/v2/rates","data":[{"date":"2026-08-01","base":"USD","
2026-08-02T00:01:01.556Z OK #224 /x402/gas-tracker {"timestamp":"2026-08-02T00:01:01.466Z","chains":[{"chain":"ethereum","gas_gwei"
2026-08-02T00:01:03.382Z OK #225 /x402/web-fetch?url=https://example.com {"timestamp":"2026-08-02T00:01:03.280Z","url":"https://example.com","status":200
2026-08-02T00:01:05.882Z OK #226 /x402/news-headlines {"timestamp":"2026-08-02T00:01:05.792Z","q":"crypto OR bitcoin OR AI agents","co
2026-08-02T00:01:07.868Z OK #227 /x402/grants?keyword=ai {"source":"grants.gov/search2","total":140,"results":[{"id":"363121","number":"P
2026-08-02T00:01:09.650Z OK #228 /x402/treasury-yields {"source":"home.treasury.gov/yield-curve","month":"202608","latest":{},"recent_d
2026-08-02T00:01:11.417Z OK #229 /x402/pha-lookup {"matches":[{"id":"nc-kinston-kha","name":"Kinston Housing Authority","hud_code"
2026-08-02T00:01:13.032Z OK #230 /x402/hcv-fmr {"error":"zip_not_in_curated_seed","message":"This curated dataset only covers L
2026-08-02T00:01:14.652Z OK #231 /x402/housing-windsor {"property":{"address":"1607 Windsor Rd","city":"Kinston","county":"Lenoir","sta
2026-08-02T00:01:16.488Z OK #232 /x402/domain-enrich?domain=example.com {"timestamp":"2026-08-02T00:01:16.385Z","domain":"example.com","ips":["104.20.23
2026-08-02T00:01:18.306Z OK #233 /x402/market?naics=541512 {"source":"usaspending.gov/api/v2","naics":"541512","window":{"start_date":"2023
2026-08-02T00:01:20.015Z OK #234 /x402/sec-8k?ticker=AAPL {"source":"sec.gov/EDGAR","ticker":"AAPL","company":"Apple Inc.","cik":"320193",
2026-08-02T00:01:21.610Z OK #235 /x402/fx-rate?base=USD&symbols=EUR {"source":"frankfurter.dev/v2/rates","data":[{"date":"2026-08-01","base":"USD","
2026-08-02T00:01:23.813Z OK #236 /x402/fx-rate?base=USD&symbols=JPY {"source":"frankfurter.dev/v2/rates","data":[{"date":"2026-08-01","base":"USD","
2026-08-02T00:01:25.463Z OK #237 /x402/gas-tracker {"timestamp":"2026-08-02T00:01:25.360Z","chains":[{"chain":"ethereum","gas_gwei"
2026-08-02T00:01:27.551Z OK #238 /x402/web-fetch?url=https://example.com {"timestamp":"2026-08-02T00:01:27.464Z","url":"https://example.com","status":200
2026-08-02T00:01:29.978Z OK #239 /x402/news-headlines {"timestamp":"2026-08-02T00:01:29.889Z","q":"crypto OR bitcoin OR AI agents","co
2026-08-02T00:01:31.861Z OK #240 /x402/grants?keyword=ai {"source":"grants.gov/search2","total":140,"results":[{"id":"363121","number":"P
2026-08-02T00:01:33.571Z OK #241 /x402/treasury-yields {"source":"home.treasury.gov/yield-curve","month":"202608","latest":{},"recent_d
2026-08-02T00:01:35.503Z OK #242 /x402/pha-lookup {"matches":[{"id":"nc-kinston-kha","name":"Kinston Housing Authority","hud_code"
2026-08-02T00:01:37.379Z OK #243 /x402/hcv-fmr {"error":"zip_not_in_curated_seed","message":"This curated dataset only covers L
2026-08-02T00:01:38.959Z OK #244 /x402/housing-windsor {"property":{"address":"1607 Windsor Rd","city":"Kinston","county":"Lenoir","sta
2026-08-02T00:01:40.706Z OK #245 /x402/domain-enrich?domain=example.com {"timestamp":"2026-08-02T00:01:40.618Z","domain":"example.com","ips":["104.20.23
2026-08-02T00:01:42.393Z OK #246 /x402/market?naics=541512 {"source":"usaspending.gov/api/v2","naics":"541512","window":{"start_date":"2023
2026-08-02T00:01:44.152Z OK #247 /x402/sec-8k?ticker=AAPL {"source":"sec.gov/EDGAR","ticker":"AAPL","company":"Apple Inc.","cik":"320193",
2026-08-02T00:01:45.799Z OK #248 /x402/fx-rate?base=USD&symbols=EUR {"source":"frankfurter.dev/v2/rates","data":[{"date":"2026-08-01","base":"USD","
2026-08-02T00:01:47.517Z OK #249 /x402/fx-rate?base=USD&symbols=JPY {"source":"frankfurter.dev/v2/rates","data":[{"date":"2026-08-01","base":"USD","
2026-08-02T00:01:49.885Z OK #250 /x402/gas-tracker {"timestamp":"2026-08-02T00:01:49.796Z","chains":[{"chain":"ethereum","gas_gwei"
2026-08-02T00:01:51.543Z OK #251 /x402/web-fetch?url=https://example.com {"timestamp":"2026-08-02T00:01:51.456Z","url":"https://example.com","status":200
2026-08-02T00:01:53.492Z OK #252 /x402/news-headlines {"timestamp":"2026-08-02T00:01:53.389Z","q":"crypto OR bitcoin OR AI agents","co
2026-08-02T00:01:55.631Z OK #253 /x402/grants?keyword=ai {"source":"grants.gov/search2","total":140,"results":[{"id":"363121","number":"P
2026-08-02T00:01:57.549Z OK #254 /x402/treasury-yields {"source":"home.treasury.gov/yield-curve","month":"202608","latest":{},"recent_d
2026-08-02T00:01:59.479Z OK #255 /x402/pha-lookup {"matches":[{"id":"nc-kinston-kha","name":"Kinston Housing Authority","hud_code"
2026-08-02T00:02:01.462Z OK #256 /x402/hcv-fmr {"error":"zip_not_in_curated_seed","message":"This curated dataset only covers L
2026-08-02T00:02:03.479Z OK #257 /x402/housing-windsor {"property":{"address":"1607 Windsor Rd","city":"Kinston","county":"Lenoir","sta
2026-08-02T00:02:05.564Z OK #258 /x402/domain-enrich?domain=example.com {"timestamp":"2026-08-02T00:02:05.477Z","domain":"example.com","ips":["104.20.23
2026-08-02T00:02:07.740Z OK #259 /x402/market?naics=541512 {"source":"usaspending.gov/api/v2","naics":"541512","window":{"start_date":"2023
2026-08-02T00:02:09.494Z OK #260 /x402/sec-8k?ticker=AAPL {"source":"sec.gov/EDGAR","ticker":"AAPL","company":"Apple Inc.","cik":"320193",
2026-08-02T00:02:11.506Z OK #261 /x402/fx-rate?base=USD&symbols=EUR {"source":"frankfurter.dev/v2/rates","data":[{"date":"2026-08-01","base":"USD","
2026-08-02T00:02:13.505Z OK #262 /x402/fx-rate?base=USD&symbols=JPY {"source":"frankfurter.dev/v2/rates","data":[{"date":"2026-08-01","base":"USD","
2026-08-02T00:02:15.210Z OK #263 /x402/gas-tracker {"timestamp":"2026-08-02T00:02:15.122Z","chains":[{"chain":"ethereum","gas_gwei"
2026-08-02T00:02:17.526Z OK #264 /x402/web-fetch?url=https://example.com {"timestamp":"2026-08-02T00:02:17.439Z","url":"https://example.com","status":200
2026-08-02T00:02:19.414Z OK #265 /x402/news-headlines {"timestamp":"2026-08-02T00:02:19.311Z","q":"crypto OR bitcoin OR AI agents","co
2026-08-02T00:02:21.386Z OK #266 /x402/grants?keyword=ai {"source":"grants.gov/search2","total":140,"results":[{"id":"363121","number":"P
2026-08-02T00:02:23.001Z OK #267 /x402/treasury-yields {"source":"home.treasury.gov/yield-curve","month":"202608","latest":{},"recent_d
2026-08-02T00:02:24.653Z OK #268 /x402/pha-lookup {"matches":[{"id":"nc-kinston-kha","name":"Kinston Housing Authority","hud_code"
2026-08-02T00:02:26.278Z OK #269 /x402/hcv-fmr {"error":"zip_not_in_curated_seed","message":"This curated dataset only covers L
2026-08-02T00:02:27.789Z OK #270 /x402/housing-windsor {"property":{"address":"1607 Windsor Rd","city":"Kinston","county":"Lenoir","sta
2026-08-02T00:02:29.846Z OK #271 /x402/domain-enrich?domain=example.com {"timestamp":"2026-08-02T00:02:29.758Z","domain":"example.com","ips":["172.66.14
2026-08-02T00:02:31.592Z OK #272 /x402/market?naics=541512 {"source":"usaspending.gov/api/v2","naics":"541512","window":{"start_date":"2023
2026-08-02T00:02:33.536Z OK #273 /x402/sec-8k?ticker=AAPL {"source":"sec.gov/EDGAR","ticker":"AAPL","company":"Apple Inc.","cik":"320193",
2026-08-02T00:02:35.591Z OK #274 /x402/fx-rate?base=USD&symbols=EUR {"source":"frankfurter.dev/v2/rates","data":[{"date":"2026-08-01","base":"USD","
2026-08-02T00:02:37.393Z OK #275 /x402/fx-rate?base=USD&symbols=JPY {"source":"frankfurter.dev/v2/rates","data":[{"date":"2026-08-01","base":"USD","
2026-08-02T00:02:38.995Z OK #276 /x402/gas-tracker {"timestamp":"2026-08-02T00:02:38.910Z","chains":[{"chain":"ethereum","gas_gwei"
2026-08-02T00:02:40.553Z OK #277 /x402/web-fetch?url=https://example.com {"timestamp":"2026-08-02T00:02:40.466Z","url":"https://example.com","status":200
2026-08-02T00:02:42.108Z OK #278 /x402/news-headlines {"timestamp":"2026-08-02T00:02:42.022Z","q":"crypto OR bitcoin OR AI agents","co
2026-08-02T00:02:44.161Z OK #279 /x402/grants?keyword=ai {"source":"grants.gov/search2","total":140,"results":[{"id":"363121","number":"P
2026-08-02T00:02:45.864Z OK #280 /x402/treasury-yields {"source":"home.treasury.gov/yield-curve","month":"202608","latest":{},"recent_d
2026-08-02T00:02:47.344Z OK #281 /x402/pha-lookup {"matches":[{"id":"nc-kinston-kha","name":"Kinston Housing Authority","hud_code"
2026-08-02T00:02:48.997Z OK #282 /x402/hcv-fmr {"error":"zip_not_in_curated_seed","message":"This curated dataset only covers L
2026-08-02T00:02:50.509Z OK #283 /x402/housing-windsor {"property":{"address":"1607 Windsor Rd","city":"Kinston","county":"Lenoir","sta
2026-08-02T00:02:52.341Z OK #284 /x402/domain-enrich?domain=example.com {"timestamp":"2026-08-02T00:02:52.238Z","domain":"example.com","ips":["172.66.14
2026-08-02T00:02:54.184Z OK #285 /x402/market?naics=541512 {"source":"usaspending.gov/api/v2","naics":"541512","window":{"start_date":"2023
2026-08-02T00:02:55.824Z OK #286 /x402/sec-8k?ticker=AAPL {"source":"sec.gov/EDGAR","ticker":"AAPL","company":"Apple Inc.","cik":"320193",
2026-08-02T00:02:57.534Z OK #287 /x402/fx-rate?base=USD&symbols=EUR {"source":"frankfurter.dev/v2/rates","data":[{"date":"2026-08-01","base":"USD","
2026-08-02T00:02:59.400Z OK #288 /x402/fx-rate?base=USD&symbols=JPY {"source":"frankfurter.dev/v2/rates","data":[{"date":"2026-08-01","base":"USD","
2026-08-02T00:04:15.802Z START payer_eoa=0x523512A2Ab8aD92d16e6A6eB939811eC9914fA16 USDC=2.215085 rails=0x4e14B249D9A4c9c9352D780eCEB508A8eB7a7700 USDC=9.045 max=200 leave=0.05
2026-08-02T00:04:15.896Z payer is EOA ✓
2026-08-02T00:04:17.697Z OK #1 /x402/fx-rate?base=USD&symbols=EUR {"source":"frankfurter.dev/v2/rates","data":[{"date":"2026-08-01","base":"USD","
2026-08-02T00:04:19.593Z OK #2 /x402/fx-rate?base=USD&symbols=JPY {"source":"frankfurter.dev/v2/rates","data":[{"date":"2026-08-01","base":"USD","
2026-08-02T00:04:21.753Z OK #3 /x402/gas-tracker {"timestamp":"2026-08-02T00:04:21.662Z","chains":[{"chain":"ethereum","gas_gwei"
2026-08-02T00:04:23.867Z OK #4 /x402/web-fetch?url=https://example.com {"timestamp":"2026-08-02T00:04:23.775Z","url":"https://example.com","status":200
2026-08-02T00:04:25.837Z OK #5 /x402/news-headlines {"timestamp":"2026-08-02T00:04:25.746Z","q":"crypto OR bitcoin OR AI agents","co
2026-08-02T00:04:27.739Z OK #6 /x402/grants?keyword=ai {"source":"grants.gov/search2","total":140,"results":[{"id":"363121","number":"P
2026-08-02T00:04:29.514Z OK #7 /x402/treasury-yields {"source":"home.treasury.gov/yield-curve","month":"202608","latest":{},"recent_d
2026-08-02T00:04:31.496Z OK #8 /x402/pha-lookup {"matches":[{"id":"nc-kinston-kha","name":"Kinston Housing Authority","hud_code"
2026-08-02T00:04:33.379Z OK #9 /x402/hcv-fmr {"error":"zip_not_in_curated_seed","message":"This curated dataset only covers L
2026-08-02T00:04:35.367Z OK #10 /x402/housing-windsor {"property":{"address":"1607 Windsor Rd","city":"Kinston","county":"Lenoir","sta
2026-08-02T00:04:37.178Z OK #11 /x402/domain-enrich?domain=example.com {"timestamp":"2026-08-02T00:04:37.086Z","domain":"example.com","ips":["104.20.23
2026-08-02T00:04:38.913Z OK #12 /x402/market?naics=541512 {"source":"usaspending.gov/api/v2","naics":"541512","window":{"start_date":"2023
2026-08-02T00:04:40.912Z OK #13 /x402/sec-8k?ticker=AAPL {"source":"sec.gov/EDGAR","ticker":"AAPL","company":"Apple Inc.","cik":"320193",
2026-08-02T00:04:42.537Z OK #14 /x402/fx-rate?base=USD&symbols=EUR {"source":"frankfurter.dev/v2/rates","data":[{"date":"2026-08-01","base":"USD","
2026-08-02T00:04:44.180Z OK #15 /x402/fx-rate?base=USD&symbols=JPY {"source":"frankfurter.dev/v2/rates","data":[{"date":"2026-08-01","base":"USD","
2026-08-02T00:04:45.780Z OK #16 /x402/gas-tracker {"timestamp":"2026-08-02T00:04:45.684Z","chains":[{"chain":"ethereum","gas_gwei"
2026-08-02T00:04:47.646Z OK #17 /x402/web-fetch?url=https://example.com {"timestamp":"2026-08-02T00:04:47.550Z","url":"https://example.com","status":200
2026-08-02T00:04:49.492Z OK #18 /x402/news-headlines {"timestamp":"2026-08-02T00:04:49.401Z","q":"crypto OR bitcoin OR AI agents","co
2026-08-02T00:04:51.323Z OK #19 /x402/grants?keyword=ai {"source":"grants.gov/search2","total":140,"results":[{"id":"363121","number":"P
2026-08-02T00:04:53.021Z OK #20 /x402/treasury-yields {"source":"home.treasury.gov/yield-curve","month":"202608","latest":{},"recent_d
2026-08-02T00:04:54.597Z OK #21 /x402/pha-lookup {"matches":[{"id":"nc-kinston-kha","name":"Kinston Housing Authority","hud_code"
2026-08-02T00:04:56.042Z OK #22 /x402/hcv-fmr {"error":"zip_not_in_curated_seed","message":"This curated dataset only covers L
2026-08-02T00:04:57.575Z OK #23 /x402/housing-windsor {"property":{"address":"1607 Windsor Rd","city":"Kinston","county":"Lenoir","sta
2026-08-02T00:04:59.885Z OK #24 /x402/domain-enrich?domain=example.com {"timestamp":"2026-08-02T00:04:59.794Z","domain":"example.com","ips":["104.20.23
2026-08-02T00:05:01.980Z OK #25 /x402/market?naics=541512 {"source":"usaspending.gov/api/v2","naics":"541512","window":{"start_date":"2023
2026-08-02T00:05:03.641Z OK #26 /x402/sec-8k?ticker=AAPL {"source":"sec.gov/EDGAR","ticker":"AAPL","company":"Apple Inc.","cik":"320193",
2026-08-02T00:05:05.417Z OK #27 /x402/fx-rate?base=USD&symbols=EUR {"source":"frankfurter.dev/v2/rates","data":[{"date":"2026-08-01","base":"USD","
2026-08-02T00:05:07.545Z OK #28 /x402/fx-rate?base=USD&symbols=JPY {"source":"frankfurter.dev/v2/rates","data":[{"date":"2026-08-01","base":"USD","
2026-08-02T00:05:09.516Z OK #29 /x402/gas-tracker {"timestamp":"2026-08-02T00:05:09.425Z","chains":[{"chain":"ethereum","gas_gwei"
2026-08-02T00:05:11.416Z OK #30 /x402/web-fetch?url=https://example.com {"timestamp":"2026-08-02T00:05:11.319Z","url":"https://example.com","status":200
2026-08-02T00:05:13.142Z OK #31 /x402/news-headlines {"timestamp":"2026-08-02T00:05:13.045Z","q":"crypto OR bitcoin OR AI agents","co
2026-08-02T00:05:15.146Z OK #32 /x402/grants?keyword=ai {"source":"grants.gov/search2","total":140,"results":[{"id":"363121","number":"P
2026-08-02T00:05:16.660Z OK #33 /x402/treasury-yields {"source":"home.treasury.gov/yield-curve","month":"202608","latest":{},"recent_d
2026-08-02T00:05:18.499Z OK #34 /x402/pha-lookup {"matches":[{"id":"nc-kinston-kha","name":"Kinston Housing Authority","hud_code"
2026-08-02T00:05:20.362Z OK #35 /x402/hcv-fmr {"error":"zip_not_in_curated_seed","message":"This curated dataset only covers L
2026-08-02T00:05:21.975Z OK #36 /x402/housing-windsor {"property":{"address":"1607 Windsor Rd","city":"Kinston","county":"Lenoir","sta
2026-08-02T00:05:23.815Z OK #37 /x402/domain-enrich?domain=example.com {"timestamp":"2026-08-02T00:05:23.725Z","domain":"example.com","ips":["172.66.14
2026-08-02T00:05:25.761Z OK #38 /x402/market?naics=541512 {"source":"usaspending.gov/api/v2","naics":"541512","window":{"start_date":"2023
2026-08-02T00:05:27.666Z OK #39 /x402/sec-8k?ticker=AAPL {"source":"sec.gov/EDGAR","ticker":"AAPL","company":"Apple Inc.","cik":"320193",
2026-08-02T00:05:29.342Z OK #40 /x402/fx-rate?base=USD&symbols=EUR {"source":"frankfurter.dev/v2/rates","data":[{"date":"2026-08-01","base":"USD","
2026-08-02T00:05:30.985Z OK #41 /x402/fx-rate?base=USD&symbols=JPY {"source":"frankfurter.dev/v2/rates","data":[{"date":"2026-08-01","base":"USD","
2026-08-02T00:05:32.735Z OK #42 /x402/gas-tracker {"timestamp":"2026-08-02T00:05:32.644Z","chains":[{"chain":"ethereum","gas_gwei"
2026-08-02T00:05:34.628Z OK #43 /x402/web-fetch?url=https://example.com {"timestamp":"2026-08-02T00:05:34.538Z","url":"https://example.com","status":200
2026-08-02T00:05:36.222Z OK #44 /x402/news-headlines {"timestamp":"2026-08-02T00:05:36.131Z","q":"crypto OR bitcoin OR AI agents","co
2026-08-02T00:05:38.142Z OK #45 /x402/grants?keyword=ai {"source":"grants.gov/search2","total":140,"results":[{"id":"363121","number":"P
2026-08-02T00:05:39.900Z OK #46 /x402/treasury-yields {"source":"home.treasury.gov/yield-curve","month":"202608","latest":{},"recent_d
2026-08-02T00:05:41.613Z OK #47 /x402/pha-lookup {"matches":[{"id":"nc-kinston-kha","name":"Kinston Housing Authority","hud_code"
2026-08-02T00:05:43.540Z OK #48 /x402/hcv-fmr {"error":"zip_not_in_curated_seed","message":"This curated dataset only covers L
2026-08-02T00:05:45.573Z OK #49 /x402/housing-windsor {"property":{"address":"1607 Windsor Rd","city":"Kinston","county":"Lenoir","sta
2026-08-02T00:05:47.683Z OK #50 /x402/domain-enrich?domain=example.com {"timestamp":"2026-08-02T00:05:47.586Z","domain":"example.com","ips":["172.66.14
2026-08-02T00:05:49.662Z OK #51 /x402/market?naics=541512 {"source":"usaspending.gov/api/v2","naics":"541512","window":{"start_date":"2023
2026-08-02T00:05:51.606Z OK #52 /x402/sec-8k?ticker=AAPL {"source":"sec.gov/EDGAR","ticker":"AAPL","company":"Apple Inc.","cik":"320193",
2026-08-02T00:05:53.552Z OK #53 /x402/fx-rate?base=USD&symbols=EUR {"source":"frankfurter.dev/v2/rates","data":[{"date":"2026-08-01","base":"USD","
2026-08-02T00:05:55.331Z OK #54 /x402/fx-rate?base=USD&symbols=JPY {"source":"frankfurter.dev/v2/rates","data":[{"date":"2026-08-01","base":"USD","
2026-08-02T00:05:57.083Z OK #55 /x402/gas-tracker {"timestamp":"2026-08-02T00:05:56.992Z","chains":[{"chain":"ethereum","gas_gwei"
2026-08-02T00:05:58.647Z OK #56 /x402/web-fetch?url=https://example.com {"timestamp":"2026-08-02T00:05:58.557Z","url":"https://example.com","status":200
2026-08-02T00:06:00.411Z OK #57 /x402/news-headlines {"timestamp":"2026-08-02T00:06:00.320Z","q":"crypto OR bitcoin OR AI agents","co
2026-08-02T00:06:02.548Z OK #58 /x402/grants?keyword=ai {"source":"grants.gov/search2","total":140,"results":[{"id":"363121","number":"P
2026-08-02T00:06:04.167Z OK #59 /x402/treasury-yields {"source":"home.treasury.gov/yield-curve","month":"202608","latest":{},"recent_d
2026-08-02T00:06:05.692Z OK #60 /x402/pha-lookup {"matches":[{"id":"nc-kinston-kha","name":"Kinston Housing Authority","hud_code"
2026-08-02T00:06:07.264Z OK #61 /x402/hcv-fmr {"error":"zip_not_in_curated_seed","message":"This curated dataset only covers L
2026-08-02T00:06:08.713Z OK #62 /x402/housing-windsor {"property":{"address":"1607 Windsor Rd","city":"Kinston","county":"Lenoir","sta
2026-08-02T00:06:10.882Z OK #63 /x402/domain-enrich?domain=example.com {"timestamp":"2026-08-02T00:06:10.791Z","domain":"example.com","ips":["104.20.23
2026-08-02T00:06:12.803Z OK #64 /x402/market?naics=541512 {"source":"usaspending.gov/api/v2","naics":"541512","window":{"start_date":"2023
2026-08-02T00:06:14.796Z OK #65 /x402/sec-8k?ticker=AAPL {"source":"sec.gov/EDGAR","ticker":"AAPL","company":"Apple Inc.","cik":"320193",
2026-08-02T00:06:16.709Z OK #66 /x402/fx-rate?base=USD&symbols=EUR {"source":"frankfurter.dev/v2/rates","data":[{"date":"2026-08-01","base":"USD","
2026-08-02T00:06:18.235Z OK #67 /x402/fx-rate?base=USD&symbols=JPY {"source":"frankfurter.dev/v2/rates","data":[{"date":"2026-08-01","base":"USD","
2026-08-02T00:06:19.995Z OK #68 /x402/gas-tracker {"timestamp":"2026-08-02T00:06:19.905Z","chains":[{"chain":"ethereum","gas_gwei"
2026-08-02T00:06:21.707Z OK #69 /x402/web-fetch?url=https://example.com {"timestamp":"2026-08-02T00:06:21.611Z","url":"https://example.com","status":200
2026-08-02T00:06:23.689Z OK #70 /x402/news-headlines {"timestamp":"2026-08-02T00:06:23.592Z","q":"crypto OR bitcoin OR AI agents","co
2026-08-02T00:06:25.714Z OK #71 /x402/grants?keyword=ai {"source":"grants.gov/search2","total":140,"results":[{"id":"363121","number":"P
2026-08-02T00:06:27.615Z OK #72 /x402/treasury-yields {"source":"home.treasury.gov/yield-curve","month":"202608","latest":{},"recent_d
2026-08-02T00:06:29.376Z OK #73 /x402/pha-lookup {"matches":[{"id":"nc-kinston-kha","name":"Kinston Housing Authority","hud_code"
2026-08-02T00:06:30.984Z OK #74 /x402/hcv-fmr {"error":"zip_not_in_curated_seed","message":"This curated dataset only covers L
2026-08-02T00:06:32.718Z OK #75 /x402/housing-windsor {"property":{"address":"1607 Windsor Rd","city":"Kinston","county":"Lenoir","sta
2026-08-02T00:06:34.469Z OK #76 /x402/domain-enrich?domain=example.com {"timestamp":"2026-08-02T00:06:34.379Z","domain":"example.com","ips":["104.20.23
2026-08-02T00:06:36.278Z OK #77 /x402/market?naics=541512 {"source":"usaspending.gov/api/v2","naics":"541512","window":{"start_date":"2023
2026-08-02T00:06:38.004Z OK #78 /x402/sec-8k?ticker=AAPL {"source":"sec.gov/EDGAR","ticker":"AAPL","company":"Apple Inc.","cik":"320193",
2026-08-02T00:06:39.507Z OK #79 /x402/fx-rate?base=USD&symbols=EUR {"source":"frankfurter.dev/v2/rates","data":[{"date":"2026-08-01","base":"USD","
2026-08-02T00:06:41.387Z OK #80 /x402/fx-rate?base=USD&symbols=JPY {"source":"frankfurter.dev/v2/rates","data":[{"date":"2026-08-01","base":"USD","
2026-08-02T00:06:43.094Z OK #81 /x402/gas-tracker {"timestamp":"2026-08-02T00:06:43.005Z","chains":[{"chain":"ethereum","gas_gwei"
2026-08-02T00:06:44.655Z OK #82 /x402/web-fetch?url=https://example.com {"timestamp":"2026-08-02T00:06:44.554Z","url":"https://example.com","status":200
2026-08-02T00:06:46.797Z OK #83 /x402/news-headlines {"timestamp":"2026-08-02T00:06:46.706Z","q":"crypto OR bitcoin OR AI agents","co
2026-08-02T00:06:48.753Z OK #84 /x402/grants?keyword=ai {"source":"grants.gov/search2","total":140,"results":[{"id":"363121","number":"P
2026-08-02T00:06:50.458Z OK #85 /x402/treasury-yields {"source":"home.treasury.gov/yield-curve","month":"202608","latest":{},"recent_d
2026-08-02T00:06:52.005Z OK #86 /x402/pha-lookup {"matches":[{"id":"nc-kinston-kha","name":"Kinston Housing Authority","hud_code"
2026-08-02T00:06:53.656Z OK #87 /x402/hcv-fmr {"error":"zip_not_in_curated_seed","message":"This curated dataset only covers L
2026-08-02T00:06:55.509Z OK #88 /x402/housing-windsor {"property":{"address":"1607 Windsor Rd","city":"Kinston","county":"Lenoir","sta
2026-08-02T00:06:57.703Z OK #89 /x402/domain-enrich?domain=example.com {"timestamp":"2026-08-02T00:06:57.613Z","domain":"example.com","ips":["104.20.23
2026-08-02T00:06:59.554Z OK #90 /x402/market?naics=541512 {"source":"usaspending.gov/api/v2","naics":"541512","window":{"start_date":"2023
2026-08-02T00:07:01.473Z OK #91 /x402/sec-8k?ticker=AAPL {"source":"sec.gov/EDGAR","ticker":"AAPL","company":"Apple Inc.","cik":"320193",
2026-08-02T00:07:03.637Z OK #92 /x402/fx-rate?base=USD&symbols=EUR {"source":"frankfurter.dev/v2/rates","data":[{"date":"2026-08-01","base":"USD","
2026-08-02T00:07:05.318Z OK #93 /x402/fx-rate?base=USD&symbols=JPY {"source":"frankfurter.dev/v2/rates","data":[{"date":"2026-08-01","base":"USD","
2026-08-02T00:07:07.109Z OK #94 /x402/gas-tracker {"timestamp":"2026-08-02T00:07:07.019Z","chains":[{"chain":"ethereum","gas_gwei"
2026-08-02T00:07:08.788Z OK #95 /x402/web-fetch?url=https://example.com {"timestamp":"2026-08-02T00:07:08.698Z","url":"https://example.com","status":200
2026-08-02T00:07:10.443Z OK #96 /x402/news-headlines {"timestamp":"2026-08-02T00:07:10.351Z","q":"crypto OR bitcoin OR AI agents","co
2026-08-02T00:07:12.250Z OK #97 /x402/grants?keyword=ai {"source":"grants.gov/search2","total":140,"results":[{"id":"363121","number":"P
2026-08-02T00:07:14.159Z OK #98 /x402/treasury-yields {"source":"home.treasury.gov/yield-curve","month":"202608","latest":{},"recent_d
2026-08-02T00:07:15.781Z OK #99 /x402/pha-lookup {"matches":[{"id":"nc-kinston-kha","name":"Kinston Housing Authority","hud_code"
2026-08-02T00:07:17.457Z OK #100 /x402/hcv-fmr {"error":"zip_not_in_curated_seed","message":"This curated dataset only covers L
2026-08-02T00:07:19.434Z OK #101 /x402/housing-windsor {"property":{"address":"1607 Windsor Rd","city":"Kinston","county":"Lenoir","sta
2026-08-02T00:07:21.495Z OK #102 /x402/domain-enrich?domain=example.com {"timestamp":"2026-08-02T00:07:21.405Z","domain":"example.com","ips":["172.66.14
2026-08-02T00:07:23.700Z OK #103 /x402/market?naics=541512 {"source":"usaspending.gov/api/v2","naics":"541512","window":{"start_date":"2023
2026-08-02T00:07:25.414Z OK #104 /x402/sec-8k?ticker=AAPL {"source":"sec.gov/EDGAR","ticker":"AAPL","company":"Apple Inc.","cik":"320193",
2026-08-02T00:07:26.956Z OK #105 /x402/fx-rate?base=USD&symbols=EUR {"source":"frankfurter.dev/v2/rates","data":[{"date":"2026-08-01","base":"USD","
2026-08-02T00:07:28.522Z OK #106 /x402/fx-rate?base=USD&symbols=JPY {"source":"frankfurter.dev/v2/rates","data":[{"date":"2026-08-01","base":"USD","
2026-08-02T00:07:30.249Z OK #107 /x402/gas-tracker {"timestamp":"2026-08-02T00:07:30.159Z","chains":[{"chain":"ethereum","gas_gwei"
2026-08-02T00:07:31.937Z OK #108 /x402/web-fetch?url=https://example.com {"timestamp":"2026-08-02T00:07:31.847Z","url":"https://example.com","status":200
2026-08-02T00:07:33.687Z OK #109 /x402/news-headlines {"timestamp":"2026-08-02T00:07:33.596Z","q":"crypto OR bitcoin OR AI agents","co
2026-08-02T00:07:35.983Z OK #110 /x402/grants?keyword=ai {"source":"grants.gov/search2","total":140,"results":[{"id":"363121","number":"P
2026-08-02T00:07:37.524Z OK #111 /x402/treasury-yields {"source":"home.treasury.gov/yield-curve","month":"202608","latest":{},"recent_d
2026-08-02T00:07:39.457Z OK #112 /x402/pha-lookup {"matches":[{"id":"nc-kinston-kha","name":"Kinston Housing Authority","hud_code"
2026-08-02T00:07:41.071Z OK #113 /x402/hcv-fmr {"error":"zip_not_in_curated_seed","message":"This curated dataset only covers L
2026-08-02T00:07:42.698Z OK #114 /x402/housing-windsor {"property":{"address":"1607 Windsor Rd","city":"Kinston","county":"Lenoir","sta
2026-08-02T00:07:44.480Z OK #115 /x402/domain-enrich?domain=example.com {"timestamp":"2026-08-02T00:07:44.389Z","domain":"example.com","ips":["172.66.14
2026-08-02T00:07:46.272Z OK #116 /x402/market?naics=541512 {"source":"usaspending.gov/api/v2","naics":"541512","window":{"start_date":"2023
2026-08-02T00:07:47.957Z OK #117 /x402/sec-8k?ticker=AAPL {"source":"sec.gov/EDGAR","ticker":"AAPL","company":"Apple Inc.","cik":"320193",
2026-08-02T00:07:49.528Z OK #118 /x402/fx-rate?base=USD&symbols=EUR {"source":"frankfurter.dev/v2/rates","data":[{"date":"2026-08-01","base":"USD","
2026-08-02T00:07:51.534Z OK #119 /x402/fx-rate?base=USD&symbols=JPY {"source":"frankfurter.dev/v2/rates","data":[{"date":"2026-08-01","base":"USD","
2026-08-02T00:07:53.640Z OK #120 /x402/gas-tracker {"timestamp":"2026-08-02T00:07:53.549Z","chains":[{"chain":"ethereum","gas_gwei"
2026-08-02T00:07:55.514Z OK #121 /x402/web-fetch?url=https://example.com {"timestamp":"2026-08-02T00:07:55.424Z","url":"https://example.com","status":200
2026-08-02T00:07:57.508Z OK #122 /x402/news-headlines {"timestamp":"2026-08-02T00:07:57.413Z","q":"crypto OR bitcoin OR AI agents","co
2026-08-02T00:07:59.633Z OK #123 /x402/grants?keyword=ai {"source":"grants.gov/search2","total":140,"results":[{"id":"363121","number":"P
2026-08-02T00:08:01.508Z OK #124 /x402/treasury-yields {"source":"home.treasury.gov/yield-curve","month":"202608","latest":{},"recent_d
2026-08-02T00:08:03.570Z OK #125 /x402/pha-lookup {"matches":[{"id":"nc-kinston-kha","name":"Kinston Housing Authority","hud_code"
2026-08-02T00:08:05.600Z OK #126 /x402/hcv-fmr {"error":"zip_not_in_curated_seed","message":"This curated dataset only covers L
2026-08-02T00:08:07.350Z OK #127 /x402/housing-windsor {"property":{"address":"1607 Windsor Rd","city":"Kinston","county":"Lenoir","sta
2026-08-02T00:08:09.440Z OK #128 /x402/domain-enrich?domain=example.com {"timestamp":"2026-08-02T00:08:09.350Z","domain":"example.com","ips":["104.20.23
2026-08-02T00:08:11.138Z OK #129 /x402/market?naics=541512 {"source":"usaspending.gov/api/v2","naics":"541512","window":{"start_date":"2023
2026-08-02T00:08:12.791Z OK #130 /x402/sec-8k?ticker=AAPL {"source":"sec.gov/EDGAR","ticker":"AAPL","company":"Apple Inc.","cik":"320193",
2026-08-02T00:08:14.701Z OK #131 /x402/fx-rate?base=USD&symbols=EUR {"source":"frankfurter.dev/v2/rates","data":[{"date":"2026-08-01","base":"USD","
2026-08-02T00:08:16.483Z OK #132 /x402/fx-rate?base=USD&symbols=JPY {"source":"frankfurter.dev/v2/rates","data":[{"date":"2026-08-01","base":"USD","
2026-08-02T00:08:18.216Z OK #133 /x402/gas-tracker {"timestamp":"2026-08-02T00:08:18.126Z","chains":[{"chain":"ethereum","gas_gwei"
2026-08-02T00:08:19.763Z OK #134 /x402/web-fetch?url=https://example.com {"timestamp":"2026-08-02T00:08:19.673Z","url":"https://example.com","status":200
2026-08-02T00:08:21.572Z OK #135 /x402/news-headlines {"timestamp":"2026-08-02T00:08:21.480Z","q":"crypto OR bitcoin OR AI agents","co
2026-08-02T00:08:23.689Z OK #136 /x402/grants?keyword=ai {"source":"grants.gov/search2","total":140,"results":[{"id":"363121","number":"P
2026-08-02T00:08:25.566Z OK #137 /x402/treasury-yields {"source":"home.treasury.gov/yield-curve","month":"202608","latest":{},"recent_d
2026-08-02T00:08:27.478Z OK #138 /x402/pha-lookup {"matches":[{"id":"nc-kinston-kha","name":"Kinston Housing Authority","hud_code"
2026-08-02T00:08:29.541Z OK #139 /x402/hcv-fmr {"error":"zip_not_in_curated_seed","message":"This curated dataset only covers L
2026-08-02T00:08:31.384Z OK #140 /x402/housing-windsor {"property":{"address":"1607 Windsor Rd","city":"Kinston","county":"Lenoir","sta
2026-08-02T00:08:33.082Z OK #141 /x402/domain-enrich?domain=example.com {"timestamp":"2026-08-02T00:08:32.992Z","domain":"example.com","ips":["172.66.14
2026-08-02T00:08:34.816Z OK #142 /x402/market?naics=541512 {"source":"usaspending.gov/api/v2","naics":"541512","window":{"start_date":"2023
2026-08-02T00:08:36.473Z OK #143 /x402/sec-8k?ticker=AAPL {"source":"sec.gov/EDGAR","ticker":"AAPL","company":"Apple Inc.","cik":"320193",
2026-08-02T00:08:38.100Z OK #144 /x402/fx-rate?base=USD&symbols=EUR {"source":"frankfurter.dev/v2/rates","data":[{"date":"2026-08-01","base":"USD","
2026-08-02T00:08:39.849Z OK #145 /x402/fx-rate?base=USD&symbols=JPY {"source":"frankfurter.dev/v2/rates","data":[{"date":"2026-08-01","base":"USD","
2026-08-02T00:08:41.622Z OK #146 /x402/gas-tracker {"timestamp":"2026-08-02T00:08:41.532Z","chains":[{"chain":"ethereum","gas_gwei"
2026-08-02T00:08:43.501Z OK #147 /x402/web-fetch?url=https://example.com {"timestamp":"2026-08-02T00:08:43.410Z","url":"https://example.com","status":200
2026-08-02T00:08:45.040Z OK #148 /x402/news-headlines {"timestamp":"2026-08-02T00:08:44.949Z","q":"crypto OR bitcoin OR AI agents","co
2026-08-02T00:08:46.854Z OK #149 /x402/grants?keyword=ai {"source":"grants.gov/search2","total":140,"results":[{"id":"363121","number":"P
2026-08-02T00:08:48.757Z OK #150 /x402/treasury-yields {"source":"home.treasury.gov/yield-curve","month":"202608","latest":{},"recent_d
2026-08-02T00:08:50.437Z OK #151 /x402/pha-lookup {"matches":[{"id":"nc-kinston-kha","name":"Kinston Housing Authority","hud_code"
2026-08-02T00:08:51.984Z OK #152 /x402/hcv-fmr {"error":"zip_not_in_curated_seed","message":"This curated dataset only covers L
2026-08-02T00:08:53.496Z OK #153 /x402/housing-windsor {"property":{"address":"1607 Windsor Rd","city":"Kinston","county":"Lenoir","sta
2026-08-02T00:08:55.606Z OK #154 /x402/domain-enrich?domain=example.com {"timestamp":"2026-08-02T00:08:55.515Z","domain":"example.com","ips":["172.66.14
2026-08-02T00:08:57.789Z OK #155 /x402/market?naics=541512 {"source":"usaspending.gov/api/v2","naics":"541512","window":{"start_date":"2023
2026-08-02T00:08:59.613Z OK #156 /x402/sec-8k?ticker=AAPL {"source":"sec.gov/EDGAR","ticker":"AAPL","company":"Apple Inc.","cik":"320193",
2026-08-02T00:09:01.291Z OK #157 /x402/fx-rate?base=USD&symbols=EUR {"source":"frankfurter.dev/v2/rates","data":[{"date":"2026-08-01","base":"USD","
2026-08-02T00:09:02.905Z OK #158 /x402/fx-rate?base=USD&symbols=JPY {"source":"frankfurter.dev/v2/rates","data":[{"date":"2026-08-01","base":"USD","
2026-08-02T00:09:04.637Z OK #159 /x402/gas-tracker {"timestamp":"2026-08-02T00:09:04.546Z","chains":[{"chain":"ethereum","gas_gwei"
2026-08-02T00:09:06.142Z OK #160 /x402/web-fetch?url=https://example.com {"timestamp":"2026-08-02T00:09:06.052Z","url":"https://example.com","status":200
2026-08-02T00:09:08.324Z OK #161 /x402/news-headlines {"timestamp":"2026-08-02T00:09:08.233Z","q":"crypto OR bitcoin OR AI agents","co
2026-08-02T00:09:10.039Z OK #162 /x402/grants?keyword=ai {"source":"grants.gov/search2","total":140,"results":[{"id":"363121","number":"P
2026-08-02T00:09:11.601Z OK #163 /x402/treasury-yields {"source":"home.treasury.gov/yield-curve","month":"202608","latest":{},"recent_d
2026-08-02T00:09:13.570Z OK #164 /x402/pha-lookup {"matches":[{"id":"nc-kinston-kha","name":"Kinston Housing Authority","hud_code"
2026-08-02T00:09:15.401Z OK #165 /x402/hcv-fmr {"error":"zip_not_in_curated_seed","message":"This curated dataset only covers L
2026-08-02T00:09:17.040Z OK #166 /x402/housing-windsor {"property":{"address":"1607 Windsor Rd","city":"Kinston","county":"Lenoir","sta
2026-08-02T00:09:18.664Z OK #167 /x402/domain-enrich?domain=example.com {"timestamp":"2026-08-02T00:09:18.574Z","domain":"example.com","ips":["104.20.23
2026-08-02T00:09:20.455Z OK #168 /x402/market?naics=541512 {"source":"usaspending.gov/api/v2","naics":"541512","window":{"start_date":"2023
2026-08-02T00:09:22.254Z OK #169 /x402/sec-8k?ticker=AAPL {"source":"sec.gov/EDGAR","ticker":"AAPL","company":"Apple Inc.","cik":"320193",
2026-08-02T00:09:23.942Z OK #170 /x402/fx-rate?base=USD&symbols=EUR {"source":"frankfurter.dev/v2/rates","data":[{"date":"2026-08-01","base":"USD","
2026-08-02T00:09:25.530Z OK #171 /x402/fx-rate?base=USD&symbols=JPY {"source":"frankfurter.dev/v2/rates","data":[{"date":"2026-08-01","base":"USD","
2026-08-02T00:09:27.594Z OK #172 /x402/gas-tracker {"timestamp":"2026-08-02T00:09:27.504Z","chains":[{"chain":"ethereum","gas_gwei"
2026-08-02T00:09:29.496Z OK #173 /x402/web-fetch?url=https://example.com {"timestamp":"2026-08-02T00:09:29.405Z","url":"https://example.com","status":200
2026-08-02T00:09:31.555Z OK #174 /x402/news-headlines {"timestamp":"2026-08-02T00:09:31.453Z","q":"crypto OR bitcoin OR AI agents","co
2026-08-02T00:09:33.614Z OK #175 /x402/grants?keyword=ai {"source":"grants.gov/search2","total":140,"results":[{"id":"363121","number":"P
2026-08-02T00:09:35.457Z OK #176 /x402/treasury-yields {"source":"home.treasury.gov/yield-curve","month":"202608","latest":{},"recent_d
2026-08-02T00:09:37.067Z OK #177 /x402/pha-lookup {"matches":[{"id":"nc-kinston-kha","name":"Kinston Housing Authority","hud_code"
2026-08-02T00:09:38.595Z OK #178 /x402/hcv-fmr {"error":"zip_not_in_curated_seed","message":"This curated dataset only covers L
2026-08-02T00:09:40.280Z OK #179 /x402/housing-windsor {"property":{"address":"1607 Windsor Rd","city":"Kinston","county":"Lenoir","sta
2026-08-02T00:09:42.166Z OK #180 /x402/domain-enrich?domain=example.com {"timestamp":"2026-08-02T00:09:42.075Z","domain":"example.com","ips":["172.66.14
2026-08-02T00:09:43.945Z OK #181 /x402/market?naics=541512 {"source":"usaspending.gov/api/v2","naics":"541512","window":{"start_date":"2023
2026-08-02T00:09:45.567Z OK #182 /x402/sec-8k?ticker=AAPL {"source":"sec.gov/EDGAR","ticker":"AAPL","company":"Apple Inc.","cik":"320193",
2026-08-02T00:09:47.558Z OK #183 /x402/fx-rate?base=USD&symbols=EUR {"source":"frankfurter.dev/v2/rates","data":[{"date":"2026-08-01","base":"USD","
2026-08-02T00:09:49.693Z OK #184 /x402/fx-rate?base=USD&symbols=JPY {"source":"frankfurter.dev/v2/rates","data":[{"date":"2026-08-01","base":"USD","
2026-08-02T00:09:51.628Z OK #185 /x402/gas-tracker {"timestamp":"2026-08-02T00:09:51.539Z","chains":[{"chain":"ethereum","gas_gwei"
2026-08-02T00:09:53.664Z OK #186 /x402/web-fetch?url=https://example.com {"timestamp":"2026-08-02T00:09:53.575Z","url":"https://example.com","status":200
2026-08-02T00:09:55.616Z OK #187 /x402/news-headlines {"timestamp":"2026-08-02T00:09:55.526Z","q":"crypto OR bitcoin OR AI agents","co
2026-08-02T00:09:57.850Z OK #188 /x402/grants?keyword=ai {"source":"grants.gov/search2","total":140,"results":[{"id":"363121","number":"P
2026-08-02T00:09:59.350Z OK #189 /x402/treasury-yields {"source":"home.treasury.gov/yield-curve","month":"202608","latest":{},"recent_d
2026-08-02T00:10:01.443Z OK #190 /x402/pha-lookup {"matches":[{"id":"nc-kinston-kha","name":"Kinston Housing Authority","hud_code"
2026-08-02T00:10:03.335Z OK #191 /x402/hcv-fmr {"error":"zip_not_in_curated_seed","message":"This curated dataset only covers L
2026-08-02T00:10:04.981Z OK #192 /x402/housing-windsor {"property":{"address":"1607 Windsor Rd","city":"Kinston","county":"Lenoir","sta
2026-08-02T00:10:06.654Z OK #193 /x402/domain-enrich?domain=example.com {"timestamp":"2026-08-02T00:10:06.564Z","domain":"example.com","ips":["172.66.14
2026-08-02T00:10:08.539Z OK #194 /x402/market?naics=541512 {"source":"usaspending.gov/api/v2","naics":"541512","window":{"start_date":"2023
2026-08-02T00:10:10.481Z OK #195 /x402/sec-8k?ticker=AAPL {"source":"sec.gov/EDGAR","ticker":"AAPL","company":"Apple Inc.","cik":"320193",
2026-08-02T00:10:12.478Z OK #196 /x402/fx-rate?base=USD&symbols=EUR {"source":"frankfurter.dev/v2/rates","data":[{"date":"2026-08-01","base":"USD","
2026-08-02T00:10:14.026Z OK #197 /x402/fx-rate?base=USD&symbols=JPY {"source":"frankfurter.dev/v2/rates","data":[{"date":"2026-08-01","base":"USD","
2026-08-02T00:10:15.703Z OK #198 /x402/gas-tracker {"timestamp":"2026-08-02T00:10:15.613Z","chains":[{"chain":"ethereum","gas_gwei"
2026-08-02T00:10:17.309Z OK #199 /x402/web-fetch?url=https://example.com {"timestamp":"2026-08-02T00:10:17.219Z","url":"https://example.com","status":200
2026-08-02T00:10:18.945Z OK #200 /x402/news-headlines {"timestamp":"2026-08-02T00:10:18.855Z","q":"crypto OR bitcoin OR AI agents","co
2026-08-02T00:10:19.582Z DONE {"ok":200,"attempts":200,"eoa":"0x523512A2Ab8aD92d16e6A6eB939811eC9914fA16","rails":"0x4e14B249D9A4c9c9352D780eCEB508A8eB7a7700","usdc_eoa_before":2.215085,"usdc_eoa_after":2.017085,"rails_before":9.045,"rails_after":9.245,"moved_to_rails":0.1999999999999993,"note":"Facilitator self-settle EOA→rails. Closed-loop SML treasury."}
2026-08-02T00:10:19.773Z STATS settledByFacilitator={"cdp":504} recentSettled=50
